-- Generated by tools/demo-data/generate_demo_data.py (CE-0043). DO NOT EDIT.
-- Demo dataset for the demo profile; refreshed on every application start.

TRUNCATE mounting, assembly_membership, slot_mapping, assembly_mounting, assembly_slot, component_assembly, maintenance_event, maintenance_task, tour, component, mount_point, bike, component_type, position, import_session, import_state, import_ignore CASCADE;

INSERT INTO position (id, name) VALUES
      ('8da28309-88f7-51fd-ab48-c15475643d11', 'Front'),
      ('b8d992b9-d086-5a7d-a53c-a8541ce1bf90', 'Rear');

INSERT INTO component_type (id, name) VALUES
      ('ae232f6e-8439-542c-92d2-e320de2428b0', 'Wheel'),
      ('9553f1c6-d008-5d05-bad6-c388a4657f69', 'Tire'),
      ('02f75f27-6f68-5cf4-8a2a-80c2a952e683', 'Cassette'),
      ('9c18ff4e-1db8-5feb-8211-60d3c4dd1ca6', 'Chain'),
      ('258072ab-c9ac-5e39-8b36-cc802df0a77e', 'Front Derailleur'),
      ('0c1d786b-ffe9-5ade-ac3b-2c75429c8555', 'Rear Derailleur'),
      ('fb462c82-904f-59d7-8e6c-7cd83e5b7e2b', 'Rim Brake'),
      ('6214745f-d2e8-56d4-a9f5-e0b1489ecc37', 'Disc Brake'),
      ('dbe83a84-389d-5551-aeab-a9fc47b19f8b', 'Brake Disc'),
      ('eb7de70b-5dd3-5b63-8488-e0f24ff88679', 'Saddle'),
      ('b7ec943a-d299-569e-af27-6437e486a397', 'Handlebar'),
      ('c783f442-7229-506c-941a-ef02dc53f767', 'Pedals');

INSERT INTO bike (id, name, manufacturer, model, purchase_date, price, price_currency, retired_at) VALUES
      ('d9052b49-6d61-59f1-a7ad-d8686105f0ea', 'Steel Classic', 'Koga-Miyata', 'Full Pro Road', '1995-04-12', '2799', 'DEM', '2011-09-30 12:00:00+00'),
      ('70556a9d-bf01-42eb-b882-b5938fff7023', 'Road Racer', 'Vaust', 'Fragola', '2006-06-15', '2199', 'EUR', null),
      ('99a133db-4f9b-4a5b-b6f9-8a5ec96d9db7', 'TT Machine', 'Cycle', 'TT', '2010-08-15', '2799', 'EUR', null),
      ('f36ec9a6-5bf8-5a30-b86d-81389f710db4', 'Gravel Explorer', 'Specialized', 'Diverge Comp DSW', '2016-04-02', '2499', 'EUR', null);

INSERT INTO mount_point (id, bike_id, component_type_id, position_id, name, mandatory) VALUES
      ('67a558e6-1a39-51c1-aa6a-e88a6ddde61a', 'd9052b49-6d61-59f1-a7ad-d8686105f0ea', 'ae232f6e-8439-542c-92d2-e320de2428b0', '8da28309-88f7-51fd-ab48-c15475643d11', 'Front Wheel', true),
      ('3c47cf41-7f31-5824-979f-ca4f14c3c339', 'd9052b49-6d61-59f1-a7ad-d8686105f0ea', 'ae232f6e-8439-542c-92d2-e320de2428b0', 'b8d992b9-d086-5a7d-a53c-a8541ce1bf90', 'Rear Wheel', true),
      ('22cb1dd7-bf6a-551e-b48b-03f187840999', 'd9052b49-6d61-59f1-a7ad-d8686105f0ea', '9553f1c6-d008-5d05-bad6-c388a4657f69', '8da28309-88f7-51fd-ab48-c15475643d11', 'Front Tire', true),
      ('06238994-14f3-56d5-b877-4e549f148283', 'd9052b49-6d61-59f1-a7ad-d8686105f0ea', '9553f1c6-d008-5d05-bad6-c388a4657f69', 'b8d992b9-d086-5a7d-a53c-a8541ce1bf90', 'Rear Tire', true),
      ('3adb9d61-4f53-56a7-8d7e-c6506ba29dd2', 'd9052b49-6d61-59f1-a7ad-d8686105f0ea', '02f75f27-6f68-5cf4-8a2a-80c2a952e683', 'b8d992b9-d086-5a7d-a53c-a8541ce1bf90', 'Cassette', true),
      ('4643af18-96be-543e-9492-725b9ccd584b', 'd9052b49-6d61-59f1-a7ad-d8686105f0ea', '9c18ff4e-1db8-5feb-8211-60d3c4dd1ca6', null, 'Chain', true),
      ('dc38e851-abfc-5ab8-a939-1a5d12cb174c', 'd9052b49-6d61-59f1-a7ad-d8686105f0ea', 'eb7de70b-5dd3-5b63-8488-e0f24ff88679', null, 'Saddle', true),
      ('f2f180ed-b76b-5c76-bcde-795db2b318ae', 'd9052b49-6d61-59f1-a7ad-d8686105f0ea', '258072ab-c9ac-5e39-8b36-cc802df0a77e', null, 'Front Derailleur', false),
      ('c423c241-835c-57a3-b2c0-6b477e841215', 'd9052b49-6d61-59f1-a7ad-d8686105f0ea', '0c1d786b-ffe9-5ade-ac3b-2c75429c8555', null, 'Rear Derailleur', false),
      ('9e7b9f7e-5338-52d3-afcd-6fc9f139bf06', 'd9052b49-6d61-59f1-a7ad-d8686105f0ea', 'fb462c82-904f-59d7-8e6c-7cd83e5b7e2b', '8da28309-88f7-51fd-ab48-c15475643d11', 'Front Rim Brake', false),
      ('96ea24f2-d8c7-5331-ae6e-314fbfff93f8', 'd9052b49-6d61-59f1-a7ad-d8686105f0ea', 'fb462c82-904f-59d7-8e6c-7cd83e5b7e2b', 'b8d992b9-d086-5a7d-a53c-a8541ce1bf90', 'Rear Rim Brake', false),
      ('74f38a1a-a5d7-54d9-a7cf-ac22d5c34c00', 'd9052b49-6d61-59f1-a7ad-d8686105f0ea', 'b7ec943a-d299-569e-af27-6437e486a397', null, 'Handlebar', false),
      ('99b6e088-abfd-51cd-9895-bb1e641e5489', 'd9052b49-6d61-59f1-a7ad-d8686105f0ea', 'c783f442-7229-506c-941a-ef02dc53f767', null, 'Pedals', false),
      ('6564a03b-9402-5968-90ca-f4f6eb96c9a6', '70556a9d-bf01-42eb-b882-b5938fff7023', 'ae232f6e-8439-542c-92d2-e320de2428b0', '8da28309-88f7-51fd-ab48-c15475643d11', 'Front Wheel', true),
      ('80f54e7a-92de-5d24-b3a6-119221443acb', '70556a9d-bf01-42eb-b882-b5938fff7023', 'ae232f6e-8439-542c-92d2-e320de2428b0', 'b8d992b9-d086-5a7d-a53c-a8541ce1bf90', 'Rear Wheel', true),
      ('2ba079f8-4725-537a-8230-94e2dffc3246', '70556a9d-bf01-42eb-b882-b5938fff7023', '9553f1c6-d008-5d05-bad6-c388a4657f69', '8da28309-88f7-51fd-ab48-c15475643d11', 'Front Tire', true),
      ('82a01537-41df-5bff-93b5-8cf5548031cf', '70556a9d-bf01-42eb-b882-b5938fff7023', '9553f1c6-d008-5d05-bad6-c388a4657f69', 'b8d992b9-d086-5a7d-a53c-a8541ce1bf90', 'Rear Tire', true),
      ('9e7e3a3e-0366-5a94-a6af-d25b291c5e9d', '70556a9d-bf01-42eb-b882-b5938fff7023', '02f75f27-6f68-5cf4-8a2a-80c2a952e683', 'b8d992b9-d086-5a7d-a53c-a8541ce1bf90', 'Cassette', true),
      ('ec876225-7f91-5835-aac7-0934f68bb1b2', '70556a9d-bf01-42eb-b882-b5938fff7023', '9c18ff4e-1db8-5feb-8211-60d3c4dd1ca6', null, 'Chain', true),
      ('aed2527c-c0f6-502d-b154-b82df08f89fc', '70556a9d-bf01-42eb-b882-b5938fff7023', 'eb7de70b-5dd3-5b63-8488-e0f24ff88679', null, 'Saddle', true),
      ('fdc1c653-f61e-5957-9829-fff5ffe1c9d2', '70556a9d-bf01-42eb-b882-b5938fff7023', '258072ab-c9ac-5e39-8b36-cc802df0a77e', null, 'Front Derailleur', false),
      ('d428c4f1-4e0b-5008-99fa-842e4b3125dd', '70556a9d-bf01-42eb-b882-b5938fff7023', '0c1d786b-ffe9-5ade-ac3b-2c75429c8555', null, 'Rear Derailleur', false),
      ('cec42683-e6c8-5ed0-a4a4-4ecb0d376681', '70556a9d-bf01-42eb-b882-b5938fff7023', 'fb462c82-904f-59d7-8e6c-7cd83e5b7e2b', '8da28309-88f7-51fd-ab48-c15475643d11', 'Front Rim Brake', false),
      ('bf85ad83-2b38-5a59-8608-2958fb5a556a', '70556a9d-bf01-42eb-b882-b5938fff7023', 'fb462c82-904f-59d7-8e6c-7cd83e5b7e2b', 'b8d992b9-d086-5a7d-a53c-a8541ce1bf90', 'Rear Rim Brake', false),
      ('8a546d13-b574-5b20-8134-8a71f983d6c9', '70556a9d-bf01-42eb-b882-b5938fff7023', 'b7ec943a-d299-569e-af27-6437e486a397', null, 'Handlebar', false),
      ('2389daaa-4519-54b8-a0d9-518f583941de', '70556a9d-bf01-42eb-b882-b5938fff7023', 'c783f442-7229-506c-941a-ef02dc53f767', null, 'Pedals', false),
      ('e5f1dad6-ee82-5347-96b5-2a4ee91048a0', '99a133db-4f9b-4a5b-b6f9-8a5ec96d9db7', 'ae232f6e-8439-542c-92d2-e320de2428b0', '8da28309-88f7-51fd-ab48-c15475643d11', 'Front Wheel', true),
      ('9a076457-cd3e-562e-af47-e4060a0d97e1', '99a133db-4f9b-4a5b-b6f9-8a5ec96d9db7', 'ae232f6e-8439-542c-92d2-e320de2428b0', 'b8d992b9-d086-5a7d-a53c-a8541ce1bf90', 'Rear Wheel', true),
      ('606cb78d-96b1-513e-b40d-5d125a05ad78', '99a133db-4f9b-4a5b-b6f9-8a5ec96d9db7', '9553f1c6-d008-5d05-bad6-c388a4657f69', '8da28309-88f7-51fd-ab48-c15475643d11', 'Front Tire', true),
      ('12f1c2bc-55d5-5fb2-b5bf-a9d19bd88fe6', '99a133db-4f9b-4a5b-b6f9-8a5ec96d9db7', '9553f1c6-d008-5d05-bad6-c388a4657f69', 'b8d992b9-d086-5a7d-a53c-a8541ce1bf90', 'Rear Tire', true),
      ('d59ff95f-8742-5590-aac6-2eecd97bd6d5', '99a133db-4f9b-4a5b-b6f9-8a5ec96d9db7', '02f75f27-6f68-5cf4-8a2a-80c2a952e683', 'b8d992b9-d086-5a7d-a53c-a8541ce1bf90', 'Cassette', true),
      ('51e47d3d-b18f-5706-8955-e37a41c141dc', '99a133db-4f9b-4a5b-b6f9-8a5ec96d9db7', '9c18ff4e-1db8-5feb-8211-60d3c4dd1ca6', null, 'Chain', true),
      ('53accd24-fffd-57f9-b0ab-a19a37ba52b7', '99a133db-4f9b-4a5b-b6f9-8a5ec96d9db7', 'eb7de70b-5dd3-5b63-8488-e0f24ff88679', null, 'Saddle', true),
      ('07f41121-9beb-5b1f-a992-0a4873eb3044', '99a133db-4f9b-4a5b-b6f9-8a5ec96d9db7', '258072ab-c9ac-5e39-8b36-cc802df0a77e', null, 'Front Derailleur', false),
      ('1c0bb1d8-ab3d-52fb-a000-848a2b8bc472', '99a133db-4f9b-4a5b-b6f9-8a5ec96d9db7', '0c1d786b-ffe9-5ade-ac3b-2c75429c8555', null, 'Rear Derailleur', false),
      ('2c8de802-d010-5411-a47f-799577f75432', '99a133db-4f9b-4a5b-b6f9-8a5ec96d9db7', 'fb462c82-904f-59d7-8e6c-7cd83e5b7e2b', '8da28309-88f7-51fd-ab48-c15475643d11', 'Front Rim Brake', false),
      ('a457cadc-d65d-5050-8cd6-00ec3443d0de', '99a133db-4f9b-4a5b-b6f9-8a5ec96d9db7', 'fb462c82-904f-59d7-8e6c-7cd83e5b7e2b', 'b8d992b9-d086-5a7d-a53c-a8541ce1bf90', 'Rear Rim Brake', false),
      ('01ac1e13-29ef-50b4-a352-d4d0c9161fb2', '99a133db-4f9b-4a5b-b6f9-8a5ec96d9db7', 'b7ec943a-d299-569e-af27-6437e486a397', null, 'Handlebar', false),
      ('e55567c4-0709-5887-9d04-c33f28c8133d', '99a133db-4f9b-4a5b-b6f9-8a5ec96d9db7', 'c783f442-7229-506c-941a-ef02dc53f767', null, 'Pedals', false),
      ('1f6447bd-8ff8-5c46-97ef-f40290c159e2', 'f36ec9a6-5bf8-5a30-b86d-81389f710db4', 'ae232f6e-8439-542c-92d2-e320de2428b0', '8da28309-88f7-51fd-ab48-c15475643d11', 'Front Wheel', true),
      ('604b02d8-2bc2-5489-afc2-ff2732a43d61', 'f36ec9a6-5bf8-5a30-b86d-81389f710db4', 'ae232f6e-8439-542c-92d2-e320de2428b0', 'b8d992b9-d086-5a7d-a53c-a8541ce1bf90', 'Rear Wheel', true),
      ('fc6e0c83-0064-5693-9362-a505a2df7b8e', 'f36ec9a6-5bf8-5a30-b86d-81389f710db4', '9553f1c6-d008-5d05-bad6-c388a4657f69', '8da28309-88f7-51fd-ab48-c15475643d11', 'Front Tire', true),
      ('11848af6-ef93-5420-8ddc-122c05027a18', 'f36ec9a6-5bf8-5a30-b86d-81389f710db4', '9553f1c6-d008-5d05-bad6-c388a4657f69', 'b8d992b9-d086-5a7d-a53c-a8541ce1bf90', 'Rear Tire', true),
      ('56c10127-e7fe-538e-8791-1d74ac51c7a0', 'f36ec9a6-5bf8-5a30-b86d-81389f710db4', 'dbe83a84-389d-5551-aeab-a9fc47b19f8b', '8da28309-88f7-51fd-ab48-c15475643d11', 'Front Brake Disc', true),
      ('1bfd4d1f-2791-53b8-a7e6-b99124da1d1b', 'f36ec9a6-5bf8-5a30-b86d-81389f710db4', 'dbe83a84-389d-5551-aeab-a9fc47b19f8b', 'b8d992b9-d086-5a7d-a53c-a8541ce1bf90', 'Rear Brake Disc', true),
      ('6b77a888-4564-5027-a16c-95ac538bb3d6', 'f36ec9a6-5bf8-5a30-b86d-81389f710db4', '02f75f27-6f68-5cf4-8a2a-80c2a952e683', 'b8d992b9-d086-5a7d-a53c-a8541ce1bf90', 'Cassette', true),
      ('b92f3bcb-646d-5904-871c-d2859b73ecc7', 'f36ec9a6-5bf8-5a30-b86d-81389f710db4', '9c18ff4e-1db8-5feb-8211-60d3c4dd1ca6', null, 'Chain', true),
      ('18fc1348-8c14-506d-bb0e-d9c43813d623', 'f36ec9a6-5bf8-5a30-b86d-81389f710db4', 'eb7de70b-5dd3-5b63-8488-e0f24ff88679', null, 'Saddle', true),
      ('666bf7fe-f131-5f74-9cf2-399b1a21d75e', 'f36ec9a6-5bf8-5a30-b86d-81389f710db4', '258072ab-c9ac-5e39-8b36-cc802df0a77e', null, 'Front Derailleur', false),
      ('e5dd4cc1-ef8f-58b6-9c74-ea0b49fe8f23', 'f36ec9a6-5bf8-5a30-b86d-81389f710db4', '0c1d786b-ffe9-5ade-ac3b-2c75429c8555', null, 'Rear Derailleur', false),
      ('ade1d0e0-c45b-566c-87b2-99cacf18fd33', 'f36ec9a6-5bf8-5a30-b86d-81389f710db4', '6214745f-d2e8-56d4-a9f5-e0b1489ecc37', '8da28309-88f7-51fd-ab48-c15475643d11', 'Front Disc Brake', false),
      ('167a172e-32ab-59f1-80ed-97989464173f', 'f36ec9a6-5bf8-5a30-b86d-81389f710db4', '6214745f-d2e8-56d4-a9f5-e0b1489ecc37', 'b8d992b9-d086-5a7d-a53c-a8541ce1bf90', 'Rear Disc Brake', false),
      ('419e86b4-19c1-5aa2-9cca-6aa1f57317e9', 'f36ec9a6-5bf8-5a30-b86d-81389f710db4', 'b7ec943a-d299-569e-af27-6437e486a397', null, 'Handlebar', false),
      ('2605fc4a-69a8-553d-b86d-1628e6c646c9', 'f36ec9a6-5bf8-5a30-b86d-81389f710db4', 'c783f442-7229-506c-941a-ef02dc53f767', null, 'Pedals', false);

INSERT INTO component (id, component_type_id, label, manufacturer, model, serial_number, vendor, purchase_date, price, price_currency, retired_at, retirement_kind) VALUES
      ('ca68d5a1-cb85-4e4a-a719-4aa380b76325', 'fb462c82-904f-59d7-8e6c-7cd83e5b7e2b', 'Veloce brake front', 'Campagnolo', 'Veloce Skeleton', null, 'Bike24', '2006-06-15', '39.90', 'EUR', null, null),
      ('f8d98a1d-ab33-4df1-b6c5-eefdf4aa3dca', 'fb462c82-904f-59d7-8e6c-7cd83e5b7e2b', 'Veloce brake rear', 'Campagnolo', 'Veloce Skeleton', null, 'Chain Reaction Cycles', '2006-06-15', '39.90', 'EUR', null, null),
      ('f351b44c-a49b-4871-bd0f-50f7af790b8c', '258072ab-c9ac-5e39-8b36-cc802df0a77e', 'Chorus front derailleur', 'Campagnolo', 'Chorus 10s', 'SN-6540AB89', 'Bike24', '2006-06-15', '79.00', 'EUR', null, null),
      ('d33a6e96-eb63-4279-8a0c-521b8a4f25d4', '0c1d786b-ffe9-5ade-ac3b-2c75429c8555', 'Veloce rear derailleur', 'Campagnolo', 'Veloce 10s', 'SN-7F213797', 'Rose Versand', '2006-06-15', '69.00', 'EUR', null, null),
      ('4bbf00a2-7539-4d5f-944f-aa524aa1323a', '02f75f27-6f68-5cf4-8a2a-80c2a952e683', 'Veloce cassette 12-25', 'Campagnolo', 'Veloce UD 10s 12-25', null, 'Chain Reaction Cycles', '2006-06-15', '54.90', 'EUR', '2016-06-01 12:00:00+00', 'scrapped'),
      ('75efe2d4-bc85-430b-af26-1deb58409b43', '9c18ff4e-1db8-5feb-8211-60d3c4dd1ca6', 'Veloce chain', 'Campagnolo', 'Veloce C10', null, 'bike-components.de', '2006-06-15', '24.90', 'EUR', '2010-06-01 12:00:00+00', 'scrapped'),
      ('9355e25b-78b4-44b3-9a13-7597657f988c', '9553f1c6-d008-5d05-bad6-c388a4657f69', 'Schwalbe Stelvio 23mm front', 'Schwalbe', 'Stelvio 23-622', null, 'bike-components.de', '2006-06-15', '29.90', 'EUR', '2013-04-01 12:00:00+00', 'scrapped'),
      ('e7781636-a761-40b4-b588-c26925a071ec', '9553f1c6-d008-5d05-bad6-c388a4657f69', 'Schwalbe Stelvio 23mm rear', 'Schwalbe', 'Stelvio 23-622', null, 'Chain Reaction Cycles', '2006-06-15', '29.90', 'EUR', '2013-04-01 12:00:00+00', 'scrapped'),
      ('d972d4e5-1c73-4c8e-be50-354c9742c22a', '9553f1c6-d008-5d05-bad6-c388a4657f69', 'Conti GP4000S 25mm front', 'Continental', 'Grand Prix 4000S 25-622', null, 'Local Bike Shop', '2010-08-06', '34.90', 'EUR', '2017-11-01 12:00:00+00', 'scrapped'),
      ('4a634d19-0c24-4f4e-a262-04b5e3251913', '9553f1c6-d008-5d05-bad6-c388a4657f69', 'Conti GP4000S 25mm rear', 'Continental', 'Grand Prix 4000S 25-622', null, 'Bike24', '2010-08-06', '34.90', 'EUR', '2017-11-01 12:00:00+00', 'scrapped'),
      ('8d8e2e59-645d-4228-a007-cd17e5d62149', 'ae232f6e-8439-542c-92d2-e320de2428b0', 'DT Swiss front wheel', 'DT Swiss', 'R 1.1', 'SN-4261145F', 'Chain Reaction Cycles', '2006-06-15', '179.00', 'EUR', null, null),
      ('5cb5afb9-3e1a-4f10-8082-6d72b7b27335', 'ae232f6e-8439-542c-92d2-e320de2428b0', 'DT Swiss rear wheel', 'DT Swiss', 'R 1.1', 'SN-9707B37D', 'Chain Reaction Cycles', '2006-06-15', '219.00', 'EUR', null, null),
      ('dcbdcfc6-8c0c-4677-a5e4-61b4dc01f526', 'ae232f6e-8439-542c-92d2-e320de2428b0', 'Campa Zonda front wheel', 'Campagnolo', 'Zonda', 'SN-A541E42E', 'Local Bike Shop', '2008-06-07', '199.00', 'EUR', null, null),
      ('80bbc300-5475-4932-8296-c00aaeaa9e5f', 'ae232f6e-8439-542c-92d2-e320de2428b0', 'Campa Zonda rear wheel', 'Campagnolo', 'Zonda', 'SN-C5447794', 'Chain Reaction Cycles', '2008-06-07', '259.00', 'EUR', null, null),
      ('5fce029f-1e0d-47d0-b220-e604cafc5451', 'eb7de70b-5dd3-5b63-8488-e0f24ff88679', 'Selle Italia SLR', 'Selle Italia', 'SLR', null, 'bike-components.de', '2006-06-15', '119.00', 'EUR', null, null),
      ('35300fd6-751c-42eb-8632-30ce2646958c', 'ae232f6e-8439-542c-92d2-e320de2428b0', 'TT front wheel', 'HED', 'H3 Tri-Spoke', 'SN-DBC59DF3', 'Local Bike Shop', '2010-08-15', '899.00', 'EUR', null, null),
      ('8a1578a7-42dd-5d75-ae54-6440059bd38d', 'ae232f6e-8439-542c-92d2-e320de2428b0', 'Mavic front wheel', 'Mavic', 'Open 4 CD', null, 'Rose Versand', '1995-04-12', '129.00', 'EUR', '2012-05-01 12:00:00+00', 'sold'),
      ('53f15cbb-f570-51eb-a210-b6b6663d0458', 'ae232f6e-8439-542c-92d2-e320de2428b0', 'Mavic rear wheel', 'Mavic', 'Open 4 CD', null, 'Chain Reaction Cycles', '1995-04-12', '149.00', 'EUR', '2012-05-01 12:00:00+00', 'sold'),
      ('19393bed-4b2e-51f7-817d-a70a432e3da2', '9553f1c6-d008-5d05-bad6-c388a4657f69', 'Conti Ultra 2000 front', 'Continental', 'Ultra 2000 23-622', null, 'Bike24', '1995-04-12', '19.90', 'EUR', '2001-05-01 12:00:00+00', 'scrapped'),
      ('10fbd11e-7377-57e1-a0cb-99fc1418d6e2', '9553f1c6-d008-5d05-bad6-c388a4657f69', 'Conti Ultra 2000 rear', 'Continental', 'Ultra 2000 23-622', null, 'Chain Reaction Cycles', '1995-04-12', '19.90', 'EUR', '2001-05-01 12:00:00+00', 'scrapped'),
      ('dba8aa6f-903c-5d06-89cc-684eb858a03b', '9553f1c6-d008-5d05-bad6-c388a4657f69', 'Conti GP 3000 front', 'Continental', 'Grand Prix 3000 23-622', null, 'Bike24', '2001-05-01', '27.90', 'EUR', null, null),
      ('ca6d230b-d362-5f5a-a97f-d7f104ccaccc', '9553f1c6-d008-5d05-bad6-c388a4657f69', 'Conti GP 3000 rear', 'Continental', 'Grand Prix 3000 23-622', null, 'Chain Reaction Cycles', '2001-05-01', '27.90', 'EUR', null, null),
      ('b1caac52-4486-5577-a542-77ffa89f6a78', '9c18ff4e-1db8-5feb-8211-60d3c4dd1ca6', 'Shimano HG-70 chain', 'Shimano', 'CN-HG70', null, 'Bike24', '1995-04-12', '14.90', 'EUR', '2005-06-01 12:00:00+00', 'scrapped'),
      ('c0aab30e-aabb-5cfc-8471-7d323f18f717', '9c18ff4e-1db8-5feb-8211-60d3c4dd1ca6', 'Shimano HG-53 chain', 'Shimano', 'CN-HG53', null, 'Chain Reaction Cycles', '2005-06-01', '12.90', 'EUR', null, null),
      ('64283dae-b33a-5678-97e1-b627ac8b3020', 'eb7de70b-5dd3-5b63-8488-e0f24ff88679', 'San Marco Rolls', 'Selle San Marco', 'Rolls', null, 'Bike24', '1995-04-12', '59.00', 'EUR', '2012-05-01 12:00:00+00', 'sold'),
      ('32179b9b-78d4-5fee-929d-59fdf6ee0c3d', '02f75f27-6f68-5cf4-8a2a-80c2a952e683', 'Shimano 600 cassette', 'Shimano', '600 7s 13-24', null, 'Chain Reaction Cycles', '1995-04-12', '29.00', 'EUR', null, null),
      ('5af4dad7-20bb-5fcf-805f-e72d3137efe6', '0c1d786b-ffe9-5ade-ac3b-2c75429c8555', 'Shimano 600 rear derailleur', 'Shimano', 'RD-6400', null, 'bike-components.de', '1995-04-12', '49.00', 'EUR', null, null),
      ('cbb3e144-27a5-533e-8817-e276bfdee673', '9553f1c6-d008-5d05-bad6-c388a4657f69', 'Vittoria Rubino Pro front', 'Vittoria', 'Rubino Pro 23-622', null, 'Rose Versand', '2008-06-07', '24.90', 'EUR', '2010-08-06 12:00:00+00', 'scrapped'),
      ('83dc564e-80b5-53a1-bee5-7f70967230ae', '9553f1c6-d008-5d05-bad6-c388a4657f69', 'Vittoria Rubino Pro rear', 'Vittoria', 'Rubino Pro 23-622', null, 'Chain Reaction Cycles', '2008-06-07', '24.90', 'EUR', '2010-08-06 12:00:00+00', 'scrapped'),
      ('00e0c623-ae6c-5206-aab1-6625d17130ca', '9553f1c6-d008-5d05-bad6-c388a4657f69', 'Conti GP4000S II front', 'Continental', 'Grand Prix 4000S II 25-622', null, 'bike-components.de', '2013-04-01', '36.90', 'EUR', '2019-03-01 12:00:00+00', 'scrapped'),
      ('24393d23-99a6-5196-afe2-798bd9b5c9fc', '9553f1c6-d008-5d05-bad6-c388a4657f69', 'Conti GP4000S II rear', 'Continental', 'Grand Prix 4000S II 25-622', null, 'Chain Reaction Cycles', '2013-04-01', '36.90', 'EUR', '2019-03-01 12:00:00+00', 'scrapped'),
      ('2b781c3d-c326-546a-994f-92922f46b854', '9553f1c6-d008-5d05-bad6-c388a4657f69', 'Conti GP 5000 front', 'Continental', 'Grand Prix 5000 25-622', null, 'Local Bike Shop', '2019-03-01', '44.90', 'EUR', null, null),
      ('ef0a93ca-3ed9-5c84-a914-5a19e6eb8a8e', '9553f1c6-d008-5d05-bad6-c388a4657f69', 'Conti GP 5000 rear', 'Continental', 'Grand Prix 5000 25-622', null, 'Chain Reaction Cycles', '2019-03-01', '44.90', 'EUR', null, null),
      ('719a8234-96de-515c-8ef4-895566cd1614', '9553f1c6-d008-5d05-bad6-c388a4657f69', 'Durano Plus winter front', 'Schwalbe', 'Durano Plus 25-622', null, 'Local Bike Shop', '2017-11-01', '31.90', 'EUR', null, null),
      ('b5b4a754-cb59-5d38-99fc-3b0f227646b1', '9553f1c6-d008-5d05-bad6-c388a4657f69', 'Durano Plus winter rear', 'Schwalbe', 'Durano Plus 25-622', null, 'Bike24', '2017-11-01', '31.90', 'EUR', null, null),
      ('2636ef7f-5138-5eab-ad66-a6fda70adc08', '9c18ff4e-1db8-5feb-8211-60d3c4dd1ca6', 'Record chain #2', 'Campagnolo', 'Record C10', null, 'Bike24', '2010-06-01', '32.90', 'EUR', '2014-05-01 12:00:00+00', 'scrapped'),
      ('44c34898-49b7-5747-8268-436c850aa8b0', '9c18ff4e-1db8-5feb-8211-60d3c4dd1ca6', 'Record chain #3', 'Campagnolo', 'Record C10', null, 'Local Bike Shop', '2014-05-01', '34.90', 'EUR', '2018-04-01 12:00:00+00', 'scrapped'),
      ('2a35e80e-1a16-55d9-a439-cca10783ee03', '9c18ff4e-1db8-5feb-8211-60d3c4dd1ca6', 'Record chain #4', 'Campagnolo', 'Record C10', null, 'Rose Versand', '2018-04-01', '36.90', 'EUR', null, null),
      ('776d7fd5-b477-5fcf-8bae-868aa60efb03', '02f75f27-6f68-5cf4-8a2a-80c2a952e683', 'Veloce cassette 13-26 (winter)', 'Campagnolo', 'Veloce UD 10s 13-26', null, 'Bike24', '2010-11-01', '49.90', 'EUR', null, null),
      ('8cdfe1ad-3beb-5078-8622-ac57f3c48473', '02f75f27-6f68-5cf4-8a2a-80c2a952e683', 'Chorus cassette 12-27', 'Campagnolo', 'Chorus 10s 12-27', null, 'Chain Reaction Cycles', '2016-06-01', '89.00', 'EUR', null, null),
      ('c78437fd-2683-53d1-8a67-898858a821a5', 'eb7de70b-5dd3-5b63-8488-e0f24ff88679', 'Fizik Arione', 'Fizik', 'Arione', null, 'Local Bike Shop', '2011-08-10', '99.00', 'EUR', null, null),
      ('7b043b67-ce72-5ed1-938c-c7e2154f4c3b', 'b7ec943a-d299-569e-af27-6437e486a397', 'Deda handlebar', 'Deda', 'Zero 100', null, 'Local Bike Shop', '2006-06-15', '69.00', 'EUR', null, null),
      ('9626da72-bbc7-5627-bd53-abbe203604b1', 'c783f442-7229-506c-941a-ef02dc53f767', 'Look Keo pedals', 'Look', 'Keo Classic', null, 'Local Bike Shop', '2006-06-15', '49.00', 'EUR', null, null),
      ('038a66d4-8cd0-55d1-b9d0-1c98877fcfb0', 'ae232f6e-8439-542c-92d2-e320de2428b0', 'Zipp disc rear wheel', 'Zipp', '900 Disc', 'SN-EBF8A490', 'bike-components.de', '2011-05-01', '1499.00', 'EUR', null, null),
      ('7ee9e12d-ed57-56c7-adf6-99c0c06f655d', '9553f1c6-d008-5d05-bad6-c388a4657f69', 'Conti Competition front', 'Continental', 'Competition 22-622', null, 'Local Bike Shop', '2010-08-15', '39.90', 'EUR', '2016-05-01 12:00:00+00', 'scrapped'),
      ('2652e51d-4175-5d00-a85f-121cb1451475', '9553f1c6-d008-5d05-bad6-c388a4657f69', 'Conti Competition rear', 'Continental', 'Competition 22-622', null, 'Chain Reaction Cycles', '2011-05-01', '39.90', 'EUR', '2016-05-01 12:00:00+00', 'scrapped'),
      ('c725a8d6-0375-5cbc-a85a-b0ed05942381', '9553f1c6-d008-5d05-bad6-c388a4657f69', 'Conti Podium TT front', 'Continental', 'Podium TT 22-622', null, 'Bike24', '2016-05-01', '49.90', 'EUR', null, null),
      ('4be685f6-18f3-5891-9f60-cd275529fe98', '9553f1c6-d008-5d05-bad6-c388a4657f69', 'Conti Podium TT rear', 'Continental', 'Podium TT 22-622', null, 'Chain Reaction Cycles', '2016-05-01', '49.90', 'EUR', null, null),
      ('fa32529f-0b23-5e6f-88ae-4a73c9b8c12d', '02f75f27-6f68-5cf4-8a2a-80c2a952e683', 'Ultegra cassette 11-25', 'Shimano', 'CS-6700 11-25', null, 'Rose Versand', '2011-05-01', '59.90', 'EUR', '2017-05-01 12:00:00+00', 'scrapped'),
      ('cbf7efce-f3f5-59dd-b62d-5c06a673b5b1', '02f75f27-6f68-5cf4-8a2a-80c2a952e683', 'Ultegra cassette 11-28', 'Shimano', 'CS-R8000 11-28', null, 'Chain Reaction Cycles', '2017-05-01', '64.90', 'EUR', null, null),
      ('5bd663ec-4678-531e-937e-b2c7e9e661dc', '9c18ff4e-1db8-5feb-8211-60d3c4dd1ca6', 'Ultegra chain', 'Shimano', 'CN-6701', null, 'Chain Reaction Cycles', '2010-08-15', '24.90', 'EUR', '2016-05-01 12:00:00+00', 'scrapped'),
      ('8856788a-2dbc-5c25-a307-37bba4da6c33', '9c18ff4e-1db8-5feb-8211-60d3c4dd1ca6', 'Ultegra chain #2', 'Shimano', 'CN-HG701', null, 'Chain Reaction Cycles', '2016-05-01', '27.90', 'EUR', null, null),
      ('7157a341-db4a-5e1a-985f-9ec4841c26e4', '0c1d786b-ffe9-5ade-ac3b-2c75429c8555', 'Ultegra rear derailleur', 'Shimano', 'RD-6700', 'SN-D5162218', 'Chain Reaction Cycles', '2010-08-15', '89.00', 'EUR', null, null),
      ('cf2c8024-b4e3-5c73-85ce-bc087a8ef94b', 'fb462c82-904f-59d7-8e6c-7cd83e5b7e2b', 'Ultegra brake front', 'Shimano', 'BR-6700', null, 'Rose Versand', '2010-08-15', '59.00', 'EUR', null, null),
      ('04df058c-6277-534a-9cba-ef2b09ac4998', 'fb462c82-904f-59d7-8e6c-7cd83e5b7e2b', 'Ultegra brake rear', 'Shimano', 'BR-6700', null, 'Local Bike Shop', '2010-08-15', '59.00', 'EUR', null, null),
      ('36f76373-7927-5e8b-8964-4770f6826746', 'b7ec943a-d299-569e-af27-6437e486a397', 'Profile Design aerobar', 'Profile Design', 'T2 Plus', null, 'Bike24', '2010-08-15', '159.00', 'EUR', null, null),
      ('9b071759-6961-530c-b86e-7149c792acda', 'eb7de70b-5dd3-5b63-8488-e0f24ff88679', 'Selle Royal stock saddle', 'Selle Royal', 'Seta', null, 'Local Bike Shop', '2010-08-15', '39.00', 'EUR', '2011-09-01 12:00:00+00', 'sold'),
      ('05eedb67-f5f0-549b-818f-dca036610f52', 'ae232f6e-8439-542c-92d2-e320de2428b0', 'DT Swiss db front wheel', 'DT Swiss', 'R 23 Spline db', 'SN-3ED5CFF4', 'bike-components.de', '2016-04-02', '249.00', 'EUR', null, null),
      ('1047cc34-b4b4-5ebd-9c43-8ee182bd04bc', 'ae232f6e-8439-542c-92d2-e320de2428b0', 'DT Swiss db rear wheel', 'DT Swiss', 'R 23 Spline db', 'SN-2702DB15', 'Rose Versand', '2016-04-02', '299.00', 'EUR', null, null),
      ('6752104d-fde0-5a7c-b903-d4b48e492af3', '9553f1c6-d008-5d05-bad6-c388a4657f69', 'G-One Allround front', 'Schwalbe', 'G-One Allround 38-622', null, 'Bike24', '2016-04-02', '39.90', 'EUR', '2019-06-01 12:00:00+00', 'scrapped'),
      ('3361b5f1-47bf-542b-b45b-fb9d06dc0664', '9553f1c6-d008-5d05-bad6-c388a4657f69', 'G-One Allround rear', 'Schwalbe', 'G-One Allround 38-622', null, 'bike-components.de', '2016-04-02', '39.90', 'EUR', '2019-06-01 12:00:00+00', 'scrapped'),
      ('357c3747-4a45-5583-822a-eebb90b044ae', '9553f1c6-d008-5d05-bad6-c388a4657f69', 'G-One Speed front', 'Schwalbe', 'G-One Speed 38-622', null, 'Bike24', '2019-06-01', '42.90', 'EUR', null, null),
      ('7fcd1027-865b-57c6-ba09-78f97bf8bf0c', '9553f1c6-d008-5d05-bad6-c388a4657f69', 'G-One Speed rear', 'Schwalbe', 'G-One Speed 38-622', null, 'Chain Reaction Cycles', '2019-06-01', '42.90', 'EUR', null, null),
      ('143218d8-6440-58f7-8321-b66caf8e6844', 'dbe83a84-389d-5551-aeab-a9fc47b19f8b', 'Front brake rotor 160mm', 'Shimano', 'SM-RT70 160', null, 'Chain Reaction Cycles', '2016-04-02', '19.90', 'EUR', null, null),
      ('2c891e51-407a-5713-bd94-ce49ab51f4bd', 'dbe83a84-389d-5551-aeab-a9fc47b19f8b', 'Rear brake rotor 160mm', 'Shimano', 'SM-RT70 160', null, 'Chain Reaction Cycles', '2016-04-02', '19.90', 'EUR', null, null),
      ('befc2132-659a-5f7c-afa1-4f448d9c4c1c', '02f75f27-6f68-5cf4-8a2a-80c2a952e683', '105 cassette 11-32', 'Shimano', 'CS-5800 11-32', null, 'bike-components.de', '2016-04-02', '39.90', 'EUR', null, null),
      ('8694c7c1-3dee-56cd-8be2-eb458abdcc06', '9c18ff4e-1db8-5feb-8211-60d3c4dd1ca6', '105 chain', 'Shimano', 'CN-HG601', null, 'bike-components.de', '2016-04-02', '22.90', 'EUR', '2018-09-01 12:00:00+00', 'scrapped'),
      ('cbc85cc8-016f-57da-8e0a-215e815b4465', '9c18ff4e-1db8-5feb-8211-60d3c4dd1ca6', '105 chain #2', 'Shimano', 'CN-HG601', null, 'Rose Versand', '2018-09-01', '22.90', 'EUR', null, null),
      ('550f4012-eff9-51fa-8488-bddfc27abc47', '258072ab-c9ac-5e39-8b36-cc802df0a77e', '105 front derailleur', 'Shimano', 'FD-5800', null, 'Rose Versand', '2016-04-02', '34.90', 'EUR', null, null),
      ('994fea37-7c32-5e89-a5c1-4e86faad9d45', '0c1d786b-ffe9-5ade-ac3b-2c75429c8555', '105 rear derailleur', 'Shimano', 'RD-5800 GS', 'SN-8C4078A5', 'Rose Versand', '2016-04-02', '49.90', 'EUR', null, null),
      ('0d8d32ba-c04a-529f-8fa7-ec9e804714be', '6214745f-d2e8-56d4-a9f5-e0b1489ecc37', 'Hydraulic caliper front', 'Shimano', 'BR-RS505', null, 'Chain Reaction Cycles', '2016-04-02', '89.00', 'EUR', null, null),
      ('2e15c109-bc09-5bf6-b42d-3fdc8c08b142', '6214745f-d2e8-56d4-a9f5-e0b1489ecc37', 'Hydraulic caliper rear', 'Shimano', 'BR-RS505', null, 'Local Bike Shop', '2016-04-02', '89.00', 'EUR', null, null),
      ('7e3d298d-0f15-56fd-9284-865a03337145', 'eb7de70b-5dd3-5b63-8488-e0f24ff88679', 'Specialized Phenom', 'Specialized', 'Phenom Comp', null, 'bike-components.de', '2016-04-02', '89.00', 'EUR', null, null),
      ('a1a8b25a-08fa-5168-b583-b4fb418f3f23', 'c783f442-7229-506c-941a-ef02dc53f767', 'XT pedals', 'Shimano', 'PD-M8000', null, 'Bike24', '2016-04-02', '79.00', 'EUR', null, null);

INSERT INTO component_assembly (id, position_id, name) VALUES
      ('94b1699f-bf3e-5bbc-bd4d-1fd2c8859dfa', '8da28309-88f7-51fd-ab48-c15475643d11', 'DT Swiss wheel front'),
      ('ea1df660-0651-5f74-9364-411ec6d91199', 'b8d992b9-d086-5a7d-a53c-a8541ce1bf90', 'DT Swiss wheel rear'),
      ('1d03be8b-2699-5022-9b4a-dc90e290d6d3', '8da28309-88f7-51fd-ab48-c15475643d11', 'Zonda wheel front'),
      ('66cc2f16-350c-5f47-bb71-75ae016a0d9b', 'b8d992b9-d086-5a7d-a53c-a8541ce1bf90', 'Zonda wheel rear'),
      ('cc69d617-7c02-5b04-bf74-6d41dd3a2aff', '8da28309-88f7-51fd-ab48-c15475643d11', 'TT wheel front'),
      ('4453275b-77f1-54aa-ba96-f2267b0da42d', 'b8d992b9-d086-5a7d-a53c-a8541ce1bf90', 'TT disc wheel rear'),
      ('f5ce742c-0322-57b0-9cf8-f1827ab3c4ca', '8da28309-88f7-51fd-ab48-c15475643d11', 'Gravel wheel front'),
      ('cfed4be7-03cf-5712-b82a-5fddeb094103', 'b8d992b9-d086-5a7d-a53c-a8541ce1bf90', 'Gravel wheel rear');

INSERT INTO assembly_slot (id, assembly_id, component_type_id, name, valid_from, valid_to) VALUES
      ('87604e22-914f-57c4-a2a5-9e4622f17589', '94b1699f-bf3e-5bbc-bd4d-1fd2c8859dfa', 'ae232f6e-8439-542c-92d2-e320de2428b0', 'Wheel', '2006-06-15 12:00:00+00', null),
      ('ffa3e4ae-0ec1-53f2-bdba-bdef10d1a3eb', '94b1699f-bf3e-5bbc-bd4d-1fd2c8859dfa', '9553f1c6-d008-5d05-bad6-c388a4657f69', 'Tire', '2006-06-15 12:00:00+00', null),
      ('9ecaa472-2d11-5fc9-9e36-ecdad639aa62', 'ea1df660-0651-5f74-9364-411ec6d91199', 'ae232f6e-8439-542c-92d2-e320de2428b0', 'Wheel', '2006-06-15 12:00:00+00', null),
      ('7e1ab974-9662-5e2b-a82b-246d5cfbbd10', 'ea1df660-0651-5f74-9364-411ec6d91199', '9553f1c6-d008-5d05-bad6-c388a4657f69', 'Tire', '2006-06-15 12:00:00+00', null),
      ('7c433ebe-fb50-585d-931d-7d4def9f3f5b', 'ea1df660-0651-5f74-9364-411ec6d91199', '02f75f27-6f68-5cf4-8a2a-80c2a952e683', 'Cassette', '2006-06-15 12:00:00+00', '2010-06-07 12:00:00+00'),
      ('e0d3e7fd-e78d-5358-a5fd-36eaa69d981d', 'ea1df660-0651-5f74-9364-411ec6d91199', '02f75f27-6f68-5cf4-8a2a-80c2a952e683', 'Cassette', '2010-11-01 12:00:00+00', null),
      ('2a4d2fc8-cbd0-529c-9e00-6f6a4f9459aa', '1d03be8b-2699-5022-9b4a-dc90e290d6d3', 'ae232f6e-8439-542c-92d2-e320de2428b0', 'Wheel', '2008-06-07 12:00:00+00', null),
      ('23b21118-6e54-5e7c-af88-8caea765bd6b', '1d03be8b-2699-5022-9b4a-dc90e290d6d3', '9553f1c6-d008-5d05-bad6-c388a4657f69', 'Tire', '2008-06-07 12:00:00+00', null),
      ('56ac3cc6-a4cf-57fe-9b24-23daa2c5087b', '66cc2f16-350c-5f47-bb71-75ae016a0d9b', 'ae232f6e-8439-542c-92d2-e320de2428b0', 'Wheel', '2008-06-07 12:00:00+00', null),
      ('fc645fac-4eef-528b-8a8d-7f56ab6166c8', '66cc2f16-350c-5f47-bb71-75ae016a0d9b', '9553f1c6-d008-5d05-bad6-c388a4657f69', 'Tire', '2008-06-07 12:00:00+00', null),
      ('8a3777f5-3cca-582e-833c-b2995821f3e3', '66cc2f16-350c-5f47-bb71-75ae016a0d9b', '02f75f27-6f68-5cf4-8a2a-80c2a952e683', 'Cassette', '2010-06-07 12:00:00+00', null),
      ('a187dad7-fa19-511b-9201-21e0ff39024e', 'cc69d617-7c02-5b04-bf74-6d41dd3a2aff', 'ae232f6e-8439-542c-92d2-e320de2428b0', 'Wheel', '2010-08-15 12:00:00+00', null),
      ('5f305608-d407-5601-b697-4b4b50ec9429', 'cc69d617-7c02-5b04-bf74-6d41dd3a2aff', '9553f1c6-d008-5d05-bad6-c388a4657f69', 'Tire', '2010-08-15 12:00:00+00', null),
      ('1dbe17aa-dc6c-5414-9232-6dab0e54636c', '4453275b-77f1-54aa-ba96-f2267b0da42d', 'ae232f6e-8439-542c-92d2-e320de2428b0', 'Wheel', '2011-05-01 12:00:00+00', null),
      ('381a1b59-4fb4-55cf-9f18-7cab5dddf5dd', '4453275b-77f1-54aa-ba96-f2267b0da42d', '9553f1c6-d008-5d05-bad6-c388a4657f69', 'Tire', '2011-05-01 12:00:00+00', null),
      ('7a687202-6c1d-55a2-a932-a84945634cb1', '4453275b-77f1-54aa-ba96-f2267b0da42d', '02f75f27-6f68-5cf4-8a2a-80c2a952e683', 'Cassette', '2011-05-01 12:00:00+00', null),
      ('9cc3f385-ee8d-5c38-b7eb-bed6a6058d7c', 'f5ce742c-0322-57b0-9cf8-f1827ab3c4ca', 'ae232f6e-8439-542c-92d2-e320de2428b0', 'Wheel', '2016-04-02 12:00:00+00', null),
      ('5a7eeb2d-b612-5e0b-b78a-72ac342f6415', 'f5ce742c-0322-57b0-9cf8-f1827ab3c4ca', '9553f1c6-d008-5d05-bad6-c388a4657f69', 'Tire', '2016-04-02 12:00:00+00', null),
      ('8c6d045f-e594-5dea-b43b-6510348e6c85', 'f5ce742c-0322-57b0-9cf8-f1827ab3c4ca', 'dbe83a84-389d-5551-aeab-a9fc47b19f8b', 'Brake Disc', '2016-04-02 12:00:00+00', null),
      ('8b36cb35-86e6-582c-8a5b-e2d7db418d8c', 'cfed4be7-03cf-5712-b82a-5fddeb094103', 'ae232f6e-8439-542c-92d2-e320de2428b0', 'Wheel', '2016-04-02 12:00:00+00', null),
      ('3625d75a-f8cb-5a3b-8a58-723314ea62e9', 'cfed4be7-03cf-5712-b82a-5fddeb094103', '9553f1c6-d008-5d05-bad6-c388a4657f69', 'Tire', '2016-04-02 12:00:00+00', null),
      ('827dda70-5ee3-5c98-9b41-923a3528a547', 'cfed4be7-03cf-5712-b82a-5fddeb094103', 'dbe83a84-389d-5551-aeab-a9fc47b19f8b', 'Brake Disc', '2016-04-02 12:00:00+00', null),
      ('26215cdd-2ab5-5518-80c8-0633d3a3322f', 'cfed4be7-03cf-5712-b82a-5fddeb094103', '02f75f27-6f68-5cf4-8a2a-80c2a952e683', 'Cassette', '2016-04-02 12:00:00+00', null);

INSERT INTO assembly_membership (id, component_id, assembly_slot_id, member_from, member_to) VALUES
      ('27237aaa-03e9-574f-8869-d81bb3b6f854', '8d8e2e59-645d-4228-a007-cd17e5d62149', '87604e22-914f-57c4-a2a5-9e4622f17589', '2006-06-15 12:00:00+00', null),
      ('00bc1056-221f-59f7-bfb4-b775573df169', '9355e25b-78b4-44b3-9a13-7597657f988c', 'ffa3e4ae-0ec1-53f2-bdba-bdef10d1a3eb', '2006-06-15 12:00:00+00', '2013-04-01 12:00:00+00'),
      ('53c35dea-52bd-5b4c-8cab-9273e3ed85d9', 'd972d4e5-1c73-4c8e-be50-354c9742c22a', 'ffa3e4ae-0ec1-53f2-bdba-bdef10d1a3eb', '2013-04-01 12:00:00+00', '2017-11-01 12:00:00+00'),
      ('872eb096-0bb9-5ab4-9fc3-e956b63b4a89', '719a8234-96de-515c-8ef4-895566cd1614', 'ffa3e4ae-0ec1-53f2-bdba-bdef10d1a3eb', '2017-11-01 12:00:00+00', null),
      ('96007df6-7d5b-5092-afef-e93e8d30c5d3', '5cb5afb9-3e1a-4f10-8082-6d72b7b27335', '9ecaa472-2d11-5fc9-9e36-ecdad639aa62', '2006-06-15 12:00:00+00', null),
      ('7881872c-4d61-5160-9555-1d27d03da659', 'e7781636-a761-40b4-b588-c26925a071ec', '7e1ab974-9662-5e2b-a82b-246d5cfbbd10', '2006-06-15 12:00:00+00', '2013-04-01 12:00:00+00'),
      ('c9da680a-aefd-5e42-ab22-f5d4c49c5529', '4a634d19-0c24-4f4e-a262-04b5e3251913', '7e1ab974-9662-5e2b-a82b-246d5cfbbd10', '2013-04-01 12:00:00+00', '2017-11-01 12:00:00+00'),
      ('fa418ef9-ea4a-5290-996a-66387ae6614a', 'b5b4a754-cb59-5d38-99fc-3b0f227646b1', '7e1ab974-9662-5e2b-a82b-246d5cfbbd10', '2017-11-01 12:00:00+00', null),
      ('95a9e63f-9d36-55a1-b5fb-244c2107c90b', '4bbf00a2-7539-4d5f-944f-aa524aa1323a', '7c433ebe-fb50-585d-931d-7d4def9f3f5b', '2006-06-15 12:00:00+00', '2010-06-07 12:00:00+00'),
      ('6c13787c-a1ae-5521-8752-5ee0e01aa02e', '776d7fd5-b477-5fcf-8bae-868aa60efb03', 'e0d3e7fd-e78d-5358-a5fd-36eaa69d981d', '2010-11-01 12:00:00+00', null),
      ('d63d90fd-3e2e-5964-a6f9-708d35f58e47', 'dcbdcfc6-8c0c-4677-a5e4-61b4dc01f526', '2a4d2fc8-cbd0-529c-9e00-6f6a4f9459aa', '2008-06-07 12:00:00+00', null),
      ('49ddb855-30c4-5358-8d48-c165a6ab8c86', 'cbb3e144-27a5-533e-8817-e276bfdee673', '23b21118-6e54-5e7c-af88-8caea765bd6b', '2008-06-07 12:00:00+00', '2010-08-06 12:00:00+00'),
      ('7096ff2f-eefd-5eaf-9597-c1832463fccb', 'd972d4e5-1c73-4c8e-be50-354c9742c22a', '23b21118-6e54-5e7c-af88-8caea765bd6b', '2010-08-06 12:00:00+00', '2013-04-01 12:00:00+00'),
      ('bdd80e0c-2678-546b-b04b-4c901d4c8a46', '00e0c623-ae6c-5206-aab1-6625d17130ca', '23b21118-6e54-5e7c-af88-8caea765bd6b', '2013-04-01 12:00:00+00', '2019-03-01 12:00:00+00'),
      ('b7824009-6ca0-5760-b2a9-93d42589c015', '2b781c3d-c326-546a-994f-92922f46b854', '23b21118-6e54-5e7c-af88-8caea765bd6b', '2019-03-01 12:00:00+00', null),
      ('1537c0c7-2226-5c65-9116-944019ff853c', '80bbc300-5475-4932-8296-c00aaeaa9e5f', '56ac3cc6-a4cf-57fe-9b24-23daa2c5087b', '2008-06-07 12:00:00+00', null),
      ('3d83d0f8-1dd3-5954-be0a-4fafbe101fed', '83dc564e-80b5-53a1-bee5-7f70967230ae', 'fc645fac-4eef-528b-8a8d-7f56ab6166c8', '2008-06-07 12:00:00+00', '2010-08-06 12:00:00+00'),
      ('c1b01a89-c64c-50a3-b669-8c1c55a849dc', '4a634d19-0c24-4f4e-a262-04b5e3251913', 'fc645fac-4eef-528b-8a8d-7f56ab6166c8', '2010-08-06 12:00:00+00', '2013-04-01 12:00:00+00'),
      ('1c051a58-0b65-5ef8-91d7-1552e6fa256d', '24393d23-99a6-5196-afe2-798bd9b5c9fc', 'fc645fac-4eef-528b-8a8d-7f56ab6166c8', '2013-04-01 12:00:00+00', '2019-03-01 12:00:00+00'),
      ('aaf82726-4706-5335-86bc-822c17dacf3c', 'ef0a93ca-3ed9-5c84-a914-5a19e6eb8a8e', 'fc645fac-4eef-528b-8a8d-7f56ab6166c8', '2019-03-01 12:00:00+00', null),
      ('f75f8e4c-3ea6-54c1-a82c-b37fcc277720', '4bbf00a2-7539-4d5f-944f-aa524aa1323a', '8a3777f5-3cca-582e-833c-b2995821f3e3', '2010-06-07 12:00:00+00', '2016-06-01 12:00:00+00'),
      ('022f0d7f-6db5-54d1-b3fa-12d691d66efc', '8cdfe1ad-3beb-5078-8622-ac57f3c48473', '8a3777f5-3cca-582e-833c-b2995821f3e3', '2016-06-01 12:00:00+00', null),
      ('3c3f04d7-cdc9-5e5d-abca-8531022dfacd', '35300fd6-751c-42eb-8632-30ce2646958c', 'a187dad7-fa19-511b-9201-21e0ff39024e', '2010-08-15 12:00:00+00', null),
      ('b467dd35-83b6-500b-bd1f-bfa741780658', '7ee9e12d-ed57-56c7-adf6-99c0c06f655d', '5f305608-d407-5601-b697-4b4b50ec9429', '2010-08-15 12:00:00+00', '2016-05-01 12:00:00+00'),
      ('94d66e7f-7ae7-5c2c-9e83-7b4bc50e28fd', 'c725a8d6-0375-5cbc-a85a-b0ed05942381', '5f305608-d407-5601-b697-4b4b50ec9429', '2016-05-01 12:00:00+00', null),
      ('c1354bda-c810-5f5c-a107-ef63a1999396', '038a66d4-8cd0-55d1-b9d0-1c98877fcfb0', '1dbe17aa-dc6c-5414-9232-6dab0e54636c', '2011-05-01 12:00:00+00', null),
      ('177710a6-a9b5-5a4f-ab95-b2510533dd92', '2652e51d-4175-5d00-a85f-121cb1451475', '381a1b59-4fb4-55cf-9f18-7cab5dddf5dd', '2011-05-01 12:00:00+00', '2016-05-01 12:00:00+00'),
      ('47b9f546-5c6b-5340-bcc7-3209b9b671c0', '4be685f6-18f3-5891-9f60-cd275529fe98', '381a1b59-4fb4-55cf-9f18-7cab5dddf5dd', '2016-05-01 12:00:00+00', null),
      ('e19156c9-e2cf-57f9-8e6b-40f11a977017', 'fa32529f-0b23-5e6f-88ae-4a73c9b8c12d', '7a687202-6c1d-55a2-a932-a84945634cb1', '2011-05-01 12:00:00+00', '2017-05-01 12:00:00+00'),
      ('e31928dc-caee-5642-8166-a93041d02545', 'cbf7efce-f3f5-59dd-b62d-5c06a673b5b1', '7a687202-6c1d-55a2-a932-a84945634cb1', '2017-05-01 12:00:00+00', null),
      ('e283f03b-3c7a-54b3-9b22-ba32822079e7', '05eedb67-f5f0-549b-818f-dca036610f52', '9cc3f385-ee8d-5c38-b7eb-bed6a6058d7c', '2016-04-02 12:00:00+00', null),
      ('473b1f43-77f9-503e-be1f-c05875fde4fc', '6752104d-fde0-5a7c-b903-d4b48e492af3', '5a7eeb2d-b612-5e0b-b78a-72ac342f6415', '2016-04-02 12:00:00+00', '2019-06-01 12:00:00+00'),
      ('870d568a-5844-5941-b4f7-886a7432d657', '357c3747-4a45-5583-822a-eebb90b044ae', '5a7eeb2d-b612-5e0b-b78a-72ac342f6415', '2019-06-01 12:00:00+00', null),
      ('e5cf4de0-3a33-518c-ab56-93aa2a4742e5', '143218d8-6440-58f7-8321-b66caf8e6844', '8c6d045f-e594-5dea-b43b-6510348e6c85', '2016-04-02 12:00:00+00', null),
      ('317ff5e0-f5be-5482-a116-dc816759e205', '1047cc34-b4b4-5ebd-9c43-8ee182bd04bc', '8b36cb35-86e6-582c-8a5b-e2d7db418d8c', '2016-04-02 12:00:00+00', null),
      ('a03beb40-ee15-5ec4-aaaa-c2868930d443', '3361b5f1-47bf-542b-b45b-fb9d06dc0664', '3625d75a-f8cb-5a3b-8a58-723314ea62e9', '2016-04-02 12:00:00+00', '2019-06-01 12:00:00+00'),
      ('5d45ff4e-c9a1-578e-905f-7308e39fbddf', '7fcd1027-865b-57c6-ba09-78f97bf8bf0c', '3625d75a-f8cb-5a3b-8a58-723314ea62e9', '2019-06-01 12:00:00+00', null),
      ('a13863a5-d0f2-5eae-b08a-b1e11d9ca307', '2c891e51-407a-5713-bd94-ce49ab51f4bd', '827dda70-5ee3-5c98-9b41-923a3528a547', '2016-04-02 12:00:00+00', null),
      ('e9f19270-9a16-59c9-ae62-a805b21ed3da', 'befc2132-659a-5f7c-afa1-4f448d9c4c1c', '26215cdd-2ab5-5518-80c8-0633d3a3322f', '2016-04-02 12:00:00+00', null);

INSERT INTO assembly_mounting (id, assembly_id, bike_id, mounted_at, dismounted_at) VALUES
      ('4d38ad1a-e3f3-53f7-8242-9febb233bf89', '94b1699f-bf3e-5bbc-bd4d-1fd2c8859dfa', '70556a9d-bf01-42eb-b882-b5938fff7023', '2006-06-15 12:00:00+00', '2008-06-07 12:00:00+00'),
      ('8b65575c-753e-5b5b-a139-a0faa2900a95', '94b1699f-bf3e-5bbc-bd4d-1fd2c8859dfa', '70556a9d-bf01-42eb-b882-b5938fff7023', '2008-10-11 12:00:00+00', '2009-06-01 12:00:00+00'),
      ('e26ba535-1375-58aa-acc5-c59ab9d4201d', '94b1699f-bf3e-5bbc-bd4d-1fd2c8859dfa', '70556a9d-bf01-42eb-b882-b5938fff7023', '2009-10-11 12:00:00+00', '2010-06-07 12:00:00+00'),
      ('c7c37674-ab99-58c1-b73e-697dc777586a', '94b1699f-bf3e-5bbc-bd4d-1fd2c8859dfa', 'd9052b49-6d61-59f1-a7ad-d8686105f0ea', '2010-07-01 12:00:00+00', '2010-09-01 12:00:00+00'),
      ('189b2d5c-1149-5395-bb8a-e894dac4d4a4', '94b1699f-bf3e-5bbc-bd4d-1fd2c8859dfa', '70556a9d-bf01-42eb-b882-b5938fff7023', '2012-11-01 12:00:00+00', '2013-04-01 12:00:00+00'),
      ('1500a851-aac1-57bb-a182-726581cc77eb', '94b1699f-bf3e-5bbc-bd4d-1fd2c8859dfa', '70556a9d-bf01-42eb-b882-b5938fff7023', '2013-11-01 12:00:00+00', '2014-04-01 12:00:00+00'),
      ('e2bad4ee-c0d0-5712-b733-3cb2376e3718', '94b1699f-bf3e-5bbc-bd4d-1fd2c8859dfa', '70556a9d-bf01-42eb-b882-b5938fff7023', '2014-11-01 12:00:00+00', '2015-04-01 12:00:00+00'),
      ('2105f50a-b221-5633-961f-f4a1f2af8a38', '94b1699f-bf3e-5bbc-bd4d-1fd2c8859dfa', '70556a9d-bf01-42eb-b882-b5938fff7023', '2015-11-01 12:00:00+00', '2016-04-01 12:00:00+00'),
      ('b515a283-ee4e-585b-98ce-c8c2225b23a4', '94b1699f-bf3e-5bbc-bd4d-1fd2c8859dfa', '70556a9d-bf01-42eb-b882-b5938fff7023', '2016-11-01 12:00:00+00', '2017-04-01 12:00:00+00'),
      ('754ed656-6374-550f-92e9-1b35286fa860', '94b1699f-bf3e-5bbc-bd4d-1fd2c8859dfa', '70556a9d-bf01-42eb-b882-b5938fff7023', '2017-11-01 12:00:00+00', '2018-04-01 12:00:00+00'),
      ('78467aa7-f28b-591d-87ba-eb6c0c40702e', '94b1699f-bf3e-5bbc-bd4d-1fd2c8859dfa', '70556a9d-bf01-42eb-b882-b5938fff7023', '2018-11-01 12:00:00+00', '2019-04-01 12:00:00+00'),
      ('1be7e5ed-0cba-5179-bbcc-0ac9cf65fcca', 'ea1df660-0651-5f74-9364-411ec6d91199', '70556a9d-bf01-42eb-b882-b5938fff7023', '2006-06-15 12:00:00+00', '2008-06-07 12:00:00+00'),
      ('59c84822-fad0-528c-88d9-3f31cd89d3a9', 'ea1df660-0651-5f74-9364-411ec6d91199', '70556a9d-bf01-42eb-b882-b5938fff7023', '2008-10-11 12:00:00+00', '2009-06-01 12:00:00+00'),
      ('9ce44f77-521e-5635-aa41-92b8deb4f427', 'ea1df660-0651-5f74-9364-411ec6d91199', '70556a9d-bf01-42eb-b882-b5938fff7023', '2009-10-11 12:00:00+00', '2010-06-07 12:00:00+00'),
      ('41ffb878-6d49-525c-b076-14b7d7adbcc8', 'ea1df660-0651-5f74-9364-411ec6d91199', 'd9052b49-6d61-59f1-a7ad-d8686105f0ea', '2010-07-01 12:00:00+00', '2010-09-01 12:00:00+00'),
      ('7cc3851c-6a2f-5cf3-ba3e-e0ac53a16578', 'ea1df660-0651-5f74-9364-411ec6d91199', '70556a9d-bf01-42eb-b882-b5938fff7023', '2012-11-01 12:00:00+00', '2013-04-01 12:00:00+00'),
      ('0f1cd9bb-0125-51ce-878e-57829354880b', 'ea1df660-0651-5f74-9364-411ec6d91199', '70556a9d-bf01-42eb-b882-b5938fff7023', '2013-11-01 12:00:00+00', '2014-04-01 12:00:00+00'),
      ('2096a12b-b795-5322-b2e5-52b3ed8ab0ef', 'ea1df660-0651-5f74-9364-411ec6d91199', '70556a9d-bf01-42eb-b882-b5938fff7023', '2014-11-01 12:00:00+00', '2015-04-01 12:00:00+00'),
      ('d276c30b-8ffd-5a39-bde4-05ef16a9dcca', 'ea1df660-0651-5f74-9364-411ec6d91199', '70556a9d-bf01-42eb-b882-b5938fff7023', '2015-11-01 12:00:00+00', '2016-04-01 12:00:00+00'),
      ('a79baf12-8706-5a2e-83f3-63ce0b288147', 'ea1df660-0651-5f74-9364-411ec6d91199', '70556a9d-bf01-42eb-b882-b5938fff7023', '2016-11-01 12:00:00+00', '2017-04-01 12:00:00+00'),
      ('62f7d765-da10-5bad-b4c2-c8e301c61c76', 'ea1df660-0651-5f74-9364-411ec6d91199', '70556a9d-bf01-42eb-b882-b5938fff7023', '2017-11-01 12:00:00+00', '2018-04-01 12:00:00+00'),
      ('8b7b7cdc-f5dc-5595-823c-0256686bc0b4', 'ea1df660-0651-5f74-9364-411ec6d91199', '70556a9d-bf01-42eb-b882-b5938fff7023', '2018-11-01 12:00:00+00', '2019-04-01 12:00:00+00'),
      ('fd29d8cd-43bc-5b18-9f22-7267f4ee82ec', '1d03be8b-2699-5022-9b4a-dc90e290d6d3', '70556a9d-bf01-42eb-b882-b5938fff7023', '2008-06-07 12:00:00+00', '2008-10-11 12:00:00+00'),
      ('77763f25-7f92-5643-adf2-aefcaf5bac34', '1d03be8b-2699-5022-9b4a-dc90e290d6d3', '70556a9d-bf01-42eb-b882-b5938fff7023', '2009-06-01 12:00:00+00', '2009-10-11 12:00:00+00'),
      ('b56e9ce1-964e-5e6d-8814-f7e0cdb2c724', '1d03be8b-2699-5022-9b4a-dc90e290d6d3', '70556a9d-bf01-42eb-b882-b5938fff7023', '2010-06-07 12:00:00+00', '2012-11-01 12:00:00+00'),
      ('f65173e6-90b2-5a72-934e-24c0291950c9', '1d03be8b-2699-5022-9b4a-dc90e290d6d3', '70556a9d-bf01-42eb-b882-b5938fff7023', '2013-04-01 12:00:00+00', '2013-11-01 12:00:00+00'),
      ('ce477f52-f24a-59ad-9a26-6c6aaeb2f734', '1d03be8b-2699-5022-9b4a-dc90e290d6d3', '70556a9d-bf01-42eb-b882-b5938fff7023', '2014-04-01 12:00:00+00', '2014-11-01 12:00:00+00'),
      ('14f74dd9-1763-52d6-9cc6-eaf1cd990bd9', '1d03be8b-2699-5022-9b4a-dc90e290d6d3', '70556a9d-bf01-42eb-b882-b5938fff7023', '2015-04-01 12:00:00+00', '2015-11-01 12:00:00+00'),
      ('cbaa6d57-bf9e-51fe-83da-86df1bf9d645', '1d03be8b-2699-5022-9b4a-dc90e290d6d3', '70556a9d-bf01-42eb-b882-b5938fff7023', '2016-04-01 12:00:00+00', '2016-11-01 12:00:00+00'),
      ('6b81d755-669a-508e-9e24-1ae7e4994385', '1d03be8b-2699-5022-9b4a-dc90e290d6d3', '70556a9d-bf01-42eb-b882-b5938fff7023', '2017-04-01 12:00:00+00', '2017-11-01 12:00:00+00'),
      ('3af2fdbb-4b52-5420-bab6-e287844d732b', '1d03be8b-2699-5022-9b4a-dc90e290d6d3', '70556a9d-bf01-42eb-b882-b5938fff7023', '2018-04-01 12:00:00+00', '2018-11-01 12:00:00+00'),
      ('4d82dbf9-55dd-5b7b-ab4b-d03106d2944e', '1d03be8b-2699-5022-9b4a-dc90e290d6d3', '70556a9d-bf01-42eb-b882-b5938fff7023', '2019-04-01 12:00:00+00', null),
      ('5af3086f-98a8-5f53-a6ba-1c7f6dad138d', '66cc2f16-350c-5f47-bb71-75ae016a0d9b', '70556a9d-bf01-42eb-b882-b5938fff7023', '2008-06-07 12:00:00+00', '2008-10-11 12:00:00+00'),
      ('2dc0d573-ef69-5b97-9425-63e64f2aeffa', '66cc2f16-350c-5f47-bb71-75ae016a0d9b', '70556a9d-bf01-42eb-b882-b5938fff7023', '2009-06-01 12:00:00+00', '2009-10-11 12:00:00+00'),
      ('2f4efdd9-112c-5b59-a6c5-7435bc943ef6', '66cc2f16-350c-5f47-bb71-75ae016a0d9b', '70556a9d-bf01-42eb-b882-b5938fff7023', '2010-06-07 12:00:00+00', '2012-11-01 12:00:00+00'),
      ('7b3f7253-11b6-5a85-97b1-939e811ed9e6', '66cc2f16-350c-5f47-bb71-75ae016a0d9b', '70556a9d-bf01-42eb-b882-b5938fff7023', '2013-04-01 12:00:00+00', '2013-11-01 12:00:00+00'),
      ('84a56d2c-0e66-5cc2-b44b-07455954c504', '66cc2f16-350c-5f47-bb71-75ae016a0d9b', '70556a9d-bf01-42eb-b882-b5938fff7023', '2014-04-01 12:00:00+00', '2014-11-01 12:00:00+00'),
      ('7616493d-286b-5b28-9e7a-af9bac199cc3', '66cc2f16-350c-5f47-bb71-75ae016a0d9b', '70556a9d-bf01-42eb-b882-b5938fff7023', '2015-04-01 12:00:00+00', '2015-11-01 12:00:00+00'),
      ('770a60f4-bad7-5a58-8633-8ac6fc28ccf3', '66cc2f16-350c-5f47-bb71-75ae016a0d9b', '70556a9d-bf01-42eb-b882-b5938fff7023', '2016-04-01 12:00:00+00', '2016-11-01 12:00:00+00'),
      ('0f67845c-8bc1-5a98-a84e-f5a0186eb583', '66cc2f16-350c-5f47-bb71-75ae016a0d9b', '70556a9d-bf01-42eb-b882-b5938fff7023', '2017-04-01 12:00:00+00', '2017-11-01 12:00:00+00'),
      ('81b3111b-0cd9-5dba-882b-7ee8b578faa5', '66cc2f16-350c-5f47-bb71-75ae016a0d9b', '70556a9d-bf01-42eb-b882-b5938fff7023', '2018-04-01 12:00:00+00', '2018-11-01 12:00:00+00'),
      ('f35d3f91-28c4-5948-a073-32ddf0b689a9', '66cc2f16-350c-5f47-bb71-75ae016a0d9b', '70556a9d-bf01-42eb-b882-b5938fff7023', '2019-04-01 12:00:00+00', null),
      ('74bfe099-7fc8-5cb4-ae9d-196c9de3381b', 'cc69d617-7c02-5b04-bf74-6d41dd3a2aff', '99a133db-4f9b-4a5b-b6f9-8a5ec96d9db7', '2010-08-15 12:00:00+00', '2010-10-15 12:00:00+00'),
      ('0929cf49-8b71-5a9a-a0ce-3fb299c6e146', 'cc69d617-7c02-5b04-bf74-6d41dd3a2aff', '99a133db-4f9b-4a5b-b6f9-8a5ec96d9db7', '2011-05-01 12:00:00+00', '2011-09-30 12:00:00+00'),
      ('471126af-9e67-5efb-ab2d-a3058050ec95', '4453275b-77f1-54aa-ba96-f2267b0da42d', '99a133db-4f9b-4a5b-b6f9-8a5ec96d9db7', '2011-05-01 12:00:00+00', '2011-09-30 12:00:00+00'),
      ('4146607d-cf04-5641-8212-c646bf569979', 'cc69d617-7c02-5b04-bf74-6d41dd3a2aff', '99a133db-4f9b-4a5b-b6f9-8a5ec96d9db7', '2012-05-01 12:00:00+00', '2012-09-30 12:00:00+00'),
      ('6be74060-371e-573a-b30a-542fb2ee6a7a', '4453275b-77f1-54aa-ba96-f2267b0da42d', '99a133db-4f9b-4a5b-b6f9-8a5ec96d9db7', '2012-05-01 12:00:00+00', '2012-09-30 12:00:00+00'),
      ('1c55518f-ab66-5f11-ad02-dfcad77b064c', 'cc69d617-7c02-5b04-bf74-6d41dd3a2aff', '99a133db-4f9b-4a5b-b6f9-8a5ec96d9db7', '2013-05-01 12:00:00+00', '2013-09-30 12:00:00+00'),
      ('401d2ee7-e73c-5430-8764-b3c987e75d3c', '4453275b-77f1-54aa-ba96-f2267b0da42d', '99a133db-4f9b-4a5b-b6f9-8a5ec96d9db7', '2013-05-01 12:00:00+00', '2013-09-30 12:00:00+00'),
      ('3b7f7e06-0068-530c-bbe8-50a49e210865', 'cc69d617-7c02-5b04-bf74-6d41dd3a2aff', '99a133db-4f9b-4a5b-b6f9-8a5ec96d9db7', '2014-05-01 12:00:00+00', '2014-09-30 12:00:00+00'),
      ('564430f9-2c06-5c33-8fba-c9d406879df3', '4453275b-77f1-54aa-ba96-f2267b0da42d', '99a133db-4f9b-4a5b-b6f9-8a5ec96d9db7', '2014-05-01 12:00:00+00', '2014-09-30 12:00:00+00'),
      ('eac1f3dd-0f75-5b28-8239-e2c40313d11b', 'cc69d617-7c02-5b04-bf74-6d41dd3a2aff', '99a133db-4f9b-4a5b-b6f9-8a5ec96d9db7', '2015-05-01 12:00:00+00', '2015-09-30 12:00:00+00'),
      ('686281d9-7e17-5c0b-9012-3db27db5c24c', '4453275b-77f1-54aa-ba96-f2267b0da42d', '99a133db-4f9b-4a5b-b6f9-8a5ec96d9db7', '2015-05-01 12:00:00+00', '2015-09-30 12:00:00+00'),
      ('aa335d61-282c-520f-b5d2-3b8622e6a39c', 'cc69d617-7c02-5b04-bf74-6d41dd3a2aff', '99a133db-4f9b-4a5b-b6f9-8a5ec96d9db7', '2016-05-01 12:00:00+00', '2016-09-30 12:00:00+00'),
      ('c17b6c9e-c4cd-55eb-9890-3234fc51d6fb', '4453275b-77f1-54aa-ba96-f2267b0da42d', '99a133db-4f9b-4a5b-b6f9-8a5ec96d9db7', '2016-05-01 12:00:00+00', '2016-09-30 12:00:00+00'),
      ('d3aa8967-fa6e-5677-bd15-93e722ccea33', 'cc69d617-7c02-5b04-bf74-6d41dd3a2aff', '99a133db-4f9b-4a5b-b6f9-8a5ec96d9db7', '2017-05-01 12:00:00+00', '2017-09-30 12:00:00+00'),
      ('17606475-9337-5d6b-87c0-8d72c429f2df', '4453275b-77f1-54aa-ba96-f2267b0da42d', '99a133db-4f9b-4a5b-b6f9-8a5ec96d9db7', '2017-05-01 12:00:00+00', '2017-09-30 12:00:00+00'),
      ('77daf30e-faad-5a0e-be2a-9ee018b95407', 'cc69d617-7c02-5b04-bf74-6d41dd3a2aff', '99a133db-4f9b-4a5b-b6f9-8a5ec96d9db7', '2018-05-01 12:00:00+00', '2018-09-30 12:00:00+00'),
      ('4f9cf99d-7465-50db-8e7d-4bcdff58cf2b', '4453275b-77f1-54aa-ba96-f2267b0da42d', '99a133db-4f9b-4a5b-b6f9-8a5ec96d9db7', '2018-05-01 12:00:00+00', '2018-09-30 12:00:00+00'),
      ('50dc14fd-0c8a-523a-94a9-cf887aef929a', 'cc69d617-7c02-5b04-bf74-6d41dd3a2aff', '99a133db-4f9b-4a5b-b6f9-8a5ec96d9db7', '2019-05-01 12:00:00+00', '2019-09-30 12:00:00+00'),
      ('84a2cdfb-4b5b-5d0f-90a3-4d0895a8a915', '4453275b-77f1-54aa-ba96-f2267b0da42d', '99a133db-4f9b-4a5b-b6f9-8a5ec96d9db7', '2019-05-01 12:00:00+00', '2019-09-30 12:00:00+00'),
      ('71ea4580-4b6d-5afa-bbde-1deb9f906fe8', 'f5ce742c-0322-57b0-9cf8-f1827ab3c4ca', 'f36ec9a6-5bf8-5a30-b86d-81389f710db4', '2016-04-02 12:00:00+00', null),
      ('003a3e96-02aa-55f2-9af8-221a3aae645a', 'cfed4be7-03cf-5712-b82a-5fddeb094103', 'f36ec9a6-5bf8-5a30-b86d-81389f710db4', '2016-04-02 12:00:00+00', null);

INSERT INTO mounting (id, component_id, mount_point_id, assembly_mounting_id, mounted_at, dismounted_at) VALUES
      ('165d56e0-64ca-58ad-bcbe-e68dfe834ac4', '8a1578a7-42dd-5d75-ae54-6440059bd38d', '67a558e6-1a39-51c1-aa6a-e88a6ddde61a', null, '1995-04-12 12:00:00+00', '2010-07-01 12:00:00+00'),
      ('303d444a-e3bf-5d27-a39c-94765407a2c5', '8a1578a7-42dd-5d75-ae54-6440059bd38d', '67a558e6-1a39-51c1-aa6a-e88a6ddde61a', null, '2010-09-01 12:00:00+00', '2011-09-30 12:00:00+00'),
      ('7c92c592-98b9-5e0d-aa7b-7c3acf5407b0', '53f15cbb-f570-51eb-a210-b6b6663d0458', '3c47cf41-7f31-5824-979f-ca4f14c3c339', null, '1995-04-12 12:00:00+00', '2010-07-01 12:00:00+00'),
      ('cec6a6eb-5b0a-5a7e-ae56-fb1d533fffb4', '53f15cbb-f570-51eb-a210-b6b6663d0458', '3c47cf41-7f31-5824-979f-ca4f14c3c339', null, '2010-09-01 12:00:00+00', '2011-09-30 12:00:00+00'),
      ('ac3bbba0-5b8f-513a-a9fc-6ba51d18de24', '19393bed-4b2e-51f7-817d-a70a432e3da2', '22cb1dd7-bf6a-551e-b48b-03f187840999', null, '1995-04-12 12:00:00+00', '2001-05-01 12:00:00+00'),
      ('8bdb9442-d5e5-53e0-aa7b-2a5597f1879d', '10fbd11e-7377-57e1-a0cb-99fc1418d6e2', '06238994-14f3-56d5-b877-4e549f148283', null, '1995-04-12 12:00:00+00', '2001-05-01 12:00:00+00'),
      ('f96882e8-1a22-51b5-94f7-f3c2c2b15286', 'dba8aa6f-903c-5d06-89cc-684eb858a03b', '22cb1dd7-bf6a-551e-b48b-03f187840999', null, '2001-05-01 12:00:00+00', '2010-07-01 12:00:00+00'),
      ('52c3e23d-0134-58be-be12-3b38928b9b6d', 'dba8aa6f-903c-5d06-89cc-684eb858a03b', '22cb1dd7-bf6a-551e-b48b-03f187840999', null, '2010-09-01 12:00:00+00', '2011-09-30 12:00:00+00'),
      ('4e43d9e4-0bf5-5bdd-b2d8-06f0d1086fde', 'ca6d230b-d362-5f5a-a97f-d7f104ccaccc', '06238994-14f3-56d5-b877-4e549f148283', null, '2001-05-01 12:00:00+00', '2010-07-01 12:00:00+00'),
      ('8008ba9b-4512-586e-8b46-0a274880c367', 'ca6d230b-d362-5f5a-a97f-d7f104ccaccc', '06238994-14f3-56d5-b877-4e549f148283', null, '2010-09-01 12:00:00+00', '2011-09-30 12:00:00+00'),
      ('e87654ec-ddf2-5ae5-828f-0584632c547c', 'b1caac52-4486-5577-a542-77ffa89f6a78', '4643af18-96be-543e-9492-725b9ccd584b', null, '1995-04-12 12:00:00+00', '2005-06-01 12:00:00+00'),
      ('7c1cc0ad-7371-5e47-8718-209fb873f7a8', 'c0aab30e-aabb-5cfc-8471-7d323f18f717', '4643af18-96be-543e-9492-725b9ccd584b', null, '2005-06-01 12:00:00+00', '2011-09-30 12:00:00+00'),
      ('0e89233e-52a5-5cd3-aa66-bcc21a546461', '64283dae-b33a-5678-97e1-b627ac8b3020', 'dc38e851-abfc-5ab8-a939-1a5d12cb174c', null, '1995-04-12 12:00:00+00', '2011-09-30 12:00:00+00'),
      ('c4c5ecdd-3c94-598d-a504-01847de17343', '32179b9b-78d4-5fee-929d-59fdf6ee0c3d', '3adb9d61-4f53-56a7-8d7e-c6506ba29dd2', null, '1995-04-12 12:00:00+00', '2011-09-30 12:00:00+00'),
      ('1ad8885d-1faf-52d2-b191-e7ad2fd97136', '5af4dad7-20bb-5fcf-805f-e72d3137efe6', 'c423c241-835c-57a3-b2c0-6b477e841215', null, '1995-04-12 12:00:00+00', '2011-09-30 12:00:00+00'),
      ('4f876068-bc36-5eba-8228-96ebd7f2fdca', 'ca68d5a1-cb85-4e4a-a719-4aa380b76325', 'cec42683-e6c8-5ed0-a4a4-4ecb0d376681', null, '2006-06-15 12:00:00+00', null),
      ('34d24274-3493-546a-8725-6aa447a0b57e', 'f8d98a1d-ab33-4df1-b6c5-eefdf4aa3dca', 'bf85ad83-2b38-5a59-8608-2958fb5a556a', null, '2006-06-15 12:00:00+00', null),
      ('b1b2ebc7-b3eb-5304-a825-75ad4305fad2', 'f351b44c-a49b-4871-bd0f-50f7af790b8c', 'fdc1c653-f61e-5957-9829-fff5ffe1c9d2', null, '2006-06-15 12:00:00+00', null),
      ('1928fccc-9424-5b20-b095-f2135f445cce', 'd33a6e96-eb63-4279-8a0c-521b8a4f25d4', 'd428c4f1-4e0b-5008-99fa-842e4b3125dd', null, '2006-06-15 12:00:00+00', null),
      ('82bf5f1c-e5d9-5ed6-a37d-7b4a30ae0ffe', '75efe2d4-bc85-430b-af26-1deb58409b43', 'ec876225-7f91-5835-aac7-0934f68bb1b2', null, '2006-06-15 12:00:00+00', '2010-06-01 12:00:00+00'),
      ('92bcb861-49dc-517f-9168-c1314501e5bd', '2636ef7f-5138-5eab-ad66-a6fda70adc08', 'ec876225-7f91-5835-aac7-0934f68bb1b2', null, '2010-06-01 12:00:00+00', '2014-05-01 12:00:00+00'),
      ('45122f40-8744-5e64-94b2-1a26083739ee', '44c34898-49b7-5747-8268-436c850aa8b0', 'ec876225-7f91-5835-aac7-0934f68bb1b2', null, '2014-05-01 12:00:00+00', '2018-04-01 12:00:00+00'),
      ('c803928c-a62c-5ccf-bc55-05b0b56eb462', '2a35e80e-1a16-55d9-a439-cca10783ee03', 'ec876225-7f91-5835-aac7-0934f68bb1b2', null, '2018-04-01 12:00:00+00', null),
      ('438434ac-546a-5a30-8fed-37655406e487', '5fce029f-1e0d-47d0-b220-e604cafc5451', 'aed2527c-c0f6-502d-b154-b82df08f89fc', null, '2006-06-15 12:00:00+00', '2011-08-10 12:00:00+00'),
      ('da3118dc-f18d-5bc9-8bb1-63a614a227fc', 'c78437fd-2683-53d1-8a67-898858a821a5', 'aed2527c-c0f6-502d-b154-b82df08f89fc', null, '2011-08-10 12:00:00+00', null),
      ('73df0601-208b-5b87-a3c3-f03c5ee2f49b', '7b043b67-ce72-5ed1-938c-c7e2154f4c3b', '8a546d13-b574-5b20-8134-8a71f983d6c9', null, '2006-06-15 12:00:00+00', null),
      ('a1e5b503-5440-5875-8391-5707d16974ac', '9626da72-bbc7-5627-bd53-abbe203604b1', '2389daaa-4519-54b8-a0d9-518f583941de', null, '2006-06-15 12:00:00+00', null),
      ('f54871ec-eee9-5522-81d1-b6cd1f235abc', '5bd663ec-4678-531e-937e-b2c7e9e661dc', '51e47d3d-b18f-5706-8955-e37a41c141dc', null, '2010-08-15 12:00:00+00', '2016-05-01 12:00:00+00'),
      ('42d23a1d-629f-54cf-9e31-1d2c9e8df5ef', '8856788a-2dbc-5c25-a307-37bba4da6c33', '51e47d3d-b18f-5706-8955-e37a41c141dc', null, '2016-05-01 12:00:00+00', null),
      ('e980ff08-a952-53b1-801e-5d61823fb9e4', '7157a341-db4a-5e1a-985f-9ec4841c26e4', '1c0bb1d8-ab3d-52fb-a000-848a2b8bc472', null, '2010-08-15 12:00:00+00', null),
      ('dda3ba86-235b-5a37-8da7-486b1c2c972b', 'cf2c8024-b4e3-5c73-85ce-bc087a8ef94b', '2c8de802-d010-5411-a47f-799577f75432', null, '2010-08-15 12:00:00+00', null),
      ('b2720347-d82e-55c9-993b-4b074e52091f', '04df058c-6277-534a-9cba-ef2b09ac4998', 'a457cadc-d65d-5050-8cd6-00ec3443d0de', null, '2010-08-15 12:00:00+00', null),
      ('edc571ff-3e16-58de-a26a-938d1b4ba593', '9b071759-6961-530c-b86e-7149c792acda', '53accd24-fffd-57f9-b0ab-a19a37ba52b7', null, '2010-08-15 12:00:00+00', '2011-08-10 12:00:00+00'),
      ('17174a41-21b9-5af1-b31e-9b2d9fd530b1', '5fce029f-1e0d-47d0-b220-e604cafc5451', '53accd24-fffd-57f9-b0ab-a19a37ba52b7', null, '2011-08-10 12:00:00+00', null),
      ('cc9cd0b1-bebe-5521-9379-22018cc443b1', '36f76373-7927-5e8b-8964-4770f6826746', '01ac1e13-29ef-50b4-a352-d4d0c9161fb2', null, '2010-08-15 12:00:00+00', null),
      ('746dc89a-b16a-5a7b-9c33-fcd692c706e1', '8694c7c1-3dee-56cd-8be2-eb458abdcc06', 'b92f3bcb-646d-5904-871c-d2859b73ecc7', null, '2016-04-02 12:00:00+00', '2018-09-01 12:00:00+00'),
      ('3ba3a83b-05a5-504b-b4b5-baae0edd8e8b', 'cbc85cc8-016f-57da-8e0a-215e815b4465', 'b92f3bcb-646d-5904-871c-d2859b73ecc7', null, '2018-09-01 12:00:00+00', null),
      ('c31dc5b2-45bf-5c9c-b250-eada7255a430', '550f4012-eff9-51fa-8488-bddfc27abc47', '666bf7fe-f131-5f74-9cf2-399b1a21d75e', null, '2016-04-02 12:00:00+00', null),
      ('211a71fd-0d1a-55b8-90ee-63b013e79c31', '994fea37-7c32-5e89-a5c1-4e86faad9d45', 'e5dd4cc1-ef8f-58b6-9c74-ea0b49fe8f23', null, '2016-04-02 12:00:00+00', null),
      ('eee6f8be-a410-5ac0-8ea4-2746d1723361', '0d8d32ba-c04a-529f-8fa7-ec9e804714be', 'ade1d0e0-c45b-566c-87b2-99cacf18fd33', null, '2016-04-02 12:00:00+00', null),
      ('00e1f110-071b-5c2f-a8ea-06a5d68d1453', '2e15c109-bc09-5bf6-b42d-3fdc8c08b142', '167a172e-32ab-59f1-80ed-97989464173f', null, '2016-04-02 12:00:00+00', null),
      ('7bf2e585-1415-5130-bd33-3239c7f6e368', '7e3d298d-0f15-56fd-9284-865a03337145', '18fc1348-8c14-506d-bb0e-d9c43813d623', null, '2016-04-02 12:00:00+00', null),
      ('7e1e4e3b-bd16-5639-85ed-d7d7768be308', 'a1a8b25a-08fa-5168-b583-b4fb418f3f23', '2605fc4a-69a8-553d-b86d-1628e6c646c9', null, '2016-04-02 12:00:00+00', null),
      ('555249c2-7032-54ba-a826-022ec38b48a0', '8d8e2e59-645d-4228-a007-cd17e5d62149', '6564a03b-9402-5968-90ca-f4f6eb96c9a6', '4d38ad1a-e3f3-53f7-8242-9febb233bf89', '2006-06-15 12:00:00+00', '2008-06-07 12:00:00+00'),
      ('dcc7812c-03fe-5d0c-aee6-9238acddd723', '9355e25b-78b4-44b3-9a13-7597657f988c', '2ba079f8-4725-537a-8230-94e2dffc3246', '4d38ad1a-e3f3-53f7-8242-9febb233bf89', '2006-06-15 12:00:00+00', '2008-06-07 12:00:00+00'),
      ('09a65ff4-c3e7-5aab-88b9-115f2e0c5323', '8d8e2e59-645d-4228-a007-cd17e5d62149', '6564a03b-9402-5968-90ca-f4f6eb96c9a6', '8b65575c-753e-5b5b-a139-a0faa2900a95', '2008-10-11 12:00:00+00', '2009-06-01 12:00:00+00'),
      ('3b5ba9da-c10d-59b8-97ff-4728a08b61ab', '9355e25b-78b4-44b3-9a13-7597657f988c', '2ba079f8-4725-537a-8230-94e2dffc3246', '8b65575c-753e-5b5b-a139-a0faa2900a95', '2008-10-11 12:00:00+00', '2009-06-01 12:00:00+00'),
      ('22eee8a6-e88e-5184-95f0-ce0e693b295f', '8d8e2e59-645d-4228-a007-cd17e5d62149', '6564a03b-9402-5968-90ca-f4f6eb96c9a6', 'e26ba535-1375-58aa-acc5-c59ab9d4201d', '2009-10-11 12:00:00+00', '2010-06-07 12:00:00+00'),
      ('1ed2e972-9313-5023-89c0-901d264019b6', '9355e25b-78b4-44b3-9a13-7597657f988c', '2ba079f8-4725-537a-8230-94e2dffc3246', 'e26ba535-1375-58aa-acc5-c59ab9d4201d', '2009-10-11 12:00:00+00', '2010-06-07 12:00:00+00'),
      ('f1afdf8a-cfc2-5e63-93d1-fd56ce2aab30', '8d8e2e59-645d-4228-a007-cd17e5d62149', '67a558e6-1a39-51c1-aa6a-e88a6ddde61a', 'c7c37674-ab99-58c1-b73e-697dc777586a', '2010-07-01 12:00:00+00', '2010-09-01 12:00:00+00'),
      ('5593b6d9-f7e8-523b-92f8-fa3f007bc1a5', '9355e25b-78b4-44b3-9a13-7597657f988c', '22cb1dd7-bf6a-551e-b48b-03f187840999', 'c7c37674-ab99-58c1-b73e-697dc777586a', '2010-07-01 12:00:00+00', '2010-09-01 12:00:00+00'),
      ('a54c06b1-7530-52d6-b732-37357e201212', '8d8e2e59-645d-4228-a007-cd17e5d62149', '6564a03b-9402-5968-90ca-f4f6eb96c9a6', '189b2d5c-1149-5395-bb8a-e894dac4d4a4', '2012-11-01 12:00:00+00', '2013-04-01 12:00:00+00'),
      ('d52c17b6-5597-5cbe-96e6-baf538e41a45', '9355e25b-78b4-44b3-9a13-7597657f988c', '2ba079f8-4725-537a-8230-94e2dffc3246', '189b2d5c-1149-5395-bb8a-e894dac4d4a4', '2012-11-01 12:00:00+00', '2013-04-01 12:00:00+00'),
      ('8304654f-7789-5f60-9580-f3be5c5b0a0c', '8d8e2e59-645d-4228-a007-cd17e5d62149', '6564a03b-9402-5968-90ca-f4f6eb96c9a6', '1500a851-aac1-57bb-a182-726581cc77eb', '2013-11-01 12:00:00+00', '2014-04-01 12:00:00+00'),
      ('e5c9f43b-f6b9-5984-b44e-80e0a17cca04', 'd972d4e5-1c73-4c8e-be50-354c9742c22a', '2ba079f8-4725-537a-8230-94e2dffc3246', '1500a851-aac1-57bb-a182-726581cc77eb', '2013-11-01 12:00:00+00', '2014-04-01 12:00:00+00'),
      ('1255d420-ee9c-5266-9b58-ad57601c3338', '8d8e2e59-645d-4228-a007-cd17e5d62149', '6564a03b-9402-5968-90ca-f4f6eb96c9a6', 'e2bad4ee-c0d0-5712-b733-3cb2376e3718', '2014-11-01 12:00:00+00', '2015-04-01 12:00:00+00'),
      ('1d4a6cad-a1ee-5b3e-bff3-85ea1ca481dd', 'd972d4e5-1c73-4c8e-be50-354c9742c22a', '2ba079f8-4725-537a-8230-94e2dffc3246', 'e2bad4ee-c0d0-5712-b733-3cb2376e3718', '2014-11-01 12:00:00+00', '2015-04-01 12:00:00+00'),
      ('7d72b031-8f97-56b5-8f2f-e5442dd5fc44', '8d8e2e59-645d-4228-a007-cd17e5d62149', '6564a03b-9402-5968-90ca-f4f6eb96c9a6', '2105f50a-b221-5633-961f-f4a1f2af8a38', '2015-11-01 12:00:00+00', '2016-04-01 12:00:00+00'),
      ('1a27afd2-2d84-50d1-a241-1ff7c7f7150d', 'd972d4e5-1c73-4c8e-be50-354c9742c22a', '2ba079f8-4725-537a-8230-94e2dffc3246', '2105f50a-b221-5633-961f-f4a1f2af8a38', '2015-11-01 12:00:00+00', '2016-04-01 12:00:00+00'),
      ('1816e916-6d1d-592b-b10d-64d89b0f462f', '8d8e2e59-645d-4228-a007-cd17e5d62149', '6564a03b-9402-5968-90ca-f4f6eb96c9a6', 'b515a283-ee4e-585b-98ce-c8c2225b23a4', '2016-11-01 12:00:00+00', '2017-04-01 12:00:00+00'),
      ('a650cf24-0f3a-575d-ae74-2c83e93b2505', 'd972d4e5-1c73-4c8e-be50-354c9742c22a', '2ba079f8-4725-537a-8230-94e2dffc3246', 'b515a283-ee4e-585b-98ce-c8c2225b23a4', '2016-11-01 12:00:00+00', '2017-04-01 12:00:00+00'),
      ('2bebd51d-d389-57e5-a14d-d6c68b5a67e7', '8d8e2e59-645d-4228-a007-cd17e5d62149', '6564a03b-9402-5968-90ca-f4f6eb96c9a6', '754ed656-6374-550f-92e9-1b35286fa860', '2017-11-01 12:00:00+00', '2018-04-01 12:00:00+00'),
      ('04a11227-a0fa-5feb-a643-c6cff0767b84', '719a8234-96de-515c-8ef4-895566cd1614', '2ba079f8-4725-537a-8230-94e2dffc3246', '754ed656-6374-550f-92e9-1b35286fa860', '2017-11-01 12:00:00+00', '2018-04-01 12:00:00+00'),
      ('b4d4deec-767f-5da8-87df-cd9dc54ff1b7', '8d8e2e59-645d-4228-a007-cd17e5d62149', '6564a03b-9402-5968-90ca-f4f6eb96c9a6', '78467aa7-f28b-591d-87ba-eb6c0c40702e', '2018-11-01 12:00:00+00', '2019-04-01 12:00:00+00'),
      ('a125bfa7-a718-58fe-81a4-c4f15779b907', '719a8234-96de-515c-8ef4-895566cd1614', '2ba079f8-4725-537a-8230-94e2dffc3246', '78467aa7-f28b-591d-87ba-eb6c0c40702e', '2018-11-01 12:00:00+00', '2019-04-01 12:00:00+00'),
      ('88d0dc51-1a76-577b-8931-e2cf8d14f661', '5cb5afb9-3e1a-4f10-8082-6d72b7b27335', '80f54e7a-92de-5d24-b3a6-119221443acb', '1be7e5ed-0cba-5179-bbcc-0ac9cf65fcca', '2006-06-15 12:00:00+00', '2008-06-07 12:00:00+00'),
      ('383341e8-b754-54b3-bf30-d54208d38e43', 'e7781636-a761-40b4-b588-c26925a071ec', '82a01537-41df-5bff-93b5-8cf5548031cf', '1be7e5ed-0cba-5179-bbcc-0ac9cf65fcca', '2006-06-15 12:00:00+00', '2008-06-07 12:00:00+00'),
      ('997d35e5-6c79-5e2d-a00d-974e6a7d7540', '4bbf00a2-7539-4d5f-944f-aa524aa1323a', '9e7e3a3e-0366-5a94-a6af-d25b291c5e9d', '1be7e5ed-0cba-5179-bbcc-0ac9cf65fcca', '2006-06-15 12:00:00+00', '2008-06-07 12:00:00+00'),
      ('abfefb68-d97c-5158-acb8-3dccad90a5b9', '5cb5afb9-3e1a-4f10-8082-6d72b7b27335', '80f54e7a-92de-5d24-b3a6-119221443acb', '59c84822-fad0-528c-88d9-3f31cd89d3a9', '2008-10-11 12:00:00+00', '2009-06-01 12:00:00+00'),
      ('4c2fe4b9-cffe-56b8-a2be-0fe364e98424', 'e7781636-a761-40b4-b588-c26925a071ec', '82a01537-41df-5bff-93b5-8cf5548031cf', '59c84822-fad0-528c-88d9-3f31cd89d3a9', '2008-10-11 12:00:00+00', '2009-06-01 12:00:00+00'),
      ('bde6dc01-6742-51a7-8c56-73eff4edbc73', '4bbf00a2-7539-4d5f-944f-aa524aa1323a', '9e7e3a3e-0366-5a94-a6af-d25b291c5e9d', '59c84822-fad0-528c-88d9-3f31cd89d3a9', '2008-10-11 12:00:00+00', '2009-06-01 12:00:00+00'),
      ('6c29536d-1db1-5573-b097-3c0227243ab1', '5cb5afb9-3e1a-4f10-8082-6d72b7b27335', '80f54e7a-92de-5d24-b3a6-119221443acb', '9ce44f77-521e-5635-aa41-92b8deb4f427', '2009-10-11 12:00:00+00', '2010-06-07 12:00:00+00'),
      ('c348a734-1937-5575-a3e3-28dc3fa65f31', 'e7781636-a761-40b4-b588-c26925a071ec', '82a01537-41df-5bff-93b5-8cf5548031cf', '9ce44f77-521e-5635-aa41-92b8deb4f427', '2009-10-11 12:00:00+00', '2010-06-07 12:00:00+00'),
      ('2e327afd-126f-5fac-9d2e-cc84104c598c', '4bbf00a2-7539-4d5f-944f-aa524aa1323a', '9e7e3a3e-0366-5a94-a6af-d25b291c5e9d', '9ce44f77-521e-5635-aa41-92b8deb4f427', '2009-10-11 12:00:00+00', '2010-06-07 12:00:00+00'),
      ('8a82f0ed-8de9-53f1-9f8f-5a4f0a67e28e', '5cb5afb9-3e1a-4f10-8082-6d72b7b27335', '3c47cf41-7f31-5824-979f-ca4f14c3c339', '41ffb878-6d49-525c-b076-14b7d7adbcc8', '2010-07-01 12:00:00+00', '2010-09-01 12:00:00+00'),
      ('f6a865f1-1842-5bbf-963e-7b897eba097d', 'e7781636-a761-40b4-b588-c26925a071ec', '06238994-14f3-56d5-b877-4e549f148283', '41ffb878-6d49-525c-b076-14b7d7adbcc8', '2010-07-01 12:00:00+00', '2010-09-01 12:00:00+00'),
      ('e8d4aa48-28e1-59fd-bb83-afa834004f09', '5cb5afb9-3e1a-4f10-8082-6d72b7b27335', '80f54e7a-92de-5d24-b3a6-119221443acb', '7cc3851c-6a2f-5cf3-ba3e-e0ac53a16578', '2012-11-01 12:00:00+00', '2013-04-01 12:00:00+00'),
      ('2e25641d-e0ac-5f77-94f6-e0c9ce57b080', 'e7781636-a761-40b4-b588-c26925a071ec', '82a01537-41df-5bff-93b5-8cf5548031cf', '7cc3851c-6a2f-5cf3-ba3e-e0ac53a16578', '2012-11-01 12:00:00+00', '2013-04-01 12:00:00+00'),
      ('71e3b80d-4b1e-5485-9058-1f0c7c039239', '776d7fd5-b477-5fcf-8bae-868aa60efb03', '9e7e3a3e-0366-5a94-a6af-d25b291c5e9d', '7cc3851c-6a2f-5cf3-ba3e-e0ac53a16578', '2012-11-01 12:00:00+00', '2013-04-01 12:00:00+00'),
      ('5da459cc-3892-5675-b9a8-637167cd3aed', '5cb5afb9-3e1a-4f10-8082-6d72b7b27335', '80f54e7a-92de-5d24-b3a6-119221443acb', '0f1cd9bb-0125-51ce-878e-57829354880b', '2013-11-01 12:00:00+00', '2014-04-01 12:00:00+00'),
      ('68207d7a-636e-5dce-a048-718d9b9cef0c', '4a634d19-0c24-4f4e-a262-04b5e3251913', '82a01537-41df-5bff-93b5-8cf5548031cf', '0f1cd9bb-0125-51ce-878e-57829354880b', '2013-11-01 12:00:00+00', '2014-04-01 12:00:00+00'),
      ('2b51b99c-a3bd-5dad-b1fc-6e3d0e2feff1', '776d7fd5-b477-5fcf-8bae-868aa60efb03', '9e7e3a3e-0366-5a94-a6af-d25b291c5e9d', '0f1cd9bb-0125-51ce-878e-57829354880b', '2013-11-01 12:00:00+00', '2014-04-01 12:00:00+00'),
      ('85c9c93d-155c-50c1-acd3-e7400166cf7d', '5cb5afb9-3e1a-4f10-8082-6d72b7b27335', '80f54e7a-92de-5d24-b3a6-119221443acb', '2096a12b-b795-5322-b2e5-52b3ed8ab0ef', '2014-11-01 12:00:00+00', '2015-04-01 12:00:00+00'),
      ('703bfb11-2eca-5543-8297-87e35e6957e0', '4a634d19-0c24-4f4e-a262-04b5e3251913', '82a01537-41df-5bff-93b5-8cf5548031cf', '2096a12b-b795-5322-b2e5-52b3ed8ab0ef', '2014-11-01 12:00:00+00', '2015-04-01 12:00:00+00'),
      ('e393b5fc-8c17-5cd0-af49-add8844aa2d8', '776d7fd5-b477-5fcf-8bae-868aa60efb03', '9e7e3a3e-0366-5a94-a6af-d25b291c5e9d', '2096a12b-b795-5322-b2e5-52b3ed8ab0ef', '2014-11-01 12:00:00+00', '2015-04-01 12:00:00+00'),
      ('41c1f5a7-f162-5def-954f-028ab5674151', '5cb5afb9-3e1a-4f10-8082-6d72b7b27335', '80f54e7a-92de-5d24-b3a6-119221443acb', 'd276c30b-8ffd-5a39-bde4-05ef16a9dcca', '2015-11-01 12:00:00+00', '2016-04-01 12:00:00+00'),
      ('882e7c1b-dd6f-5010-ae9e-ffaa72a7f354', '4a634d19-0c24-4f4e-a262-04b5e3251913', '82a01537-41df-5bff-93b5-8cf5548031cf', 'd276c30b-8ffd-5a39-bde4-05ef16a9dcca', '2015-11-01 12:00:00+00', '2016-04-01 12:00:00+00'),
      ('d44baca0-d66a-51fa-b54e-ca166c5c4443', '776d7fd5-b477-5fcf-8bae-868aa60efb03', '9e7e3a3e-0366-5a94-a6af-d25b291c5e9d', 'd276c30b-8ffd-5a39-bde4-05ef16a9dcca', '2015-11-01 12:00:00+00', '2016-04-01 12:00:00+00'),
      ('1470e7cb-0f7c-5ce7-9e48-cdfc832fb03d', '5cb5afb9-3e1a-4f10-8082-6d72b7b27335', '80f54e7a-92de-5d24-b3a6-119221443acb', 'a79baf12-8706-5a2e-83f3-63ce0b288147', '2016-11-01 12:00:00+00', '2017-04-01 12:00:00+00'),
      ('118cd3ca-ab4f-5bc9-8ebf-661b11482d0c', '4a634d19-0c24-4f4e-a262-04b5e3251913', '82a01537-41df-5bff-93b5-8cf5548031cf', 'a79baf12-8706-5a2e-83f3-63ce0b288147', '2016-11-01 12:00:00+00', '2017-04-01 12:00:00+00'),
      ('b603bf0d-b399-5faa-8ecf-b1af705ee09a', '776d7fd5-b477-5fcf-8bae-868aa60efb03', '9e7e3a3e-0366-5a94-a6af-d25b291c5e9d', 'a79baf12-8706-5a2e-83f3-63ce0b288147', '2016-11-01 12:00:00+00', '2017-04-01 12:00:00+00'),
      ('ac461390-1d0f-5ad9-8590-0d3d31a122cc', '5cb5afb9-3e1a-4f10-8082-6d72b7b27335', '80f54e7a-92de-5d24-b3a6-119221443acb', '62f7d765-da10-5bad-b4c2-c8e301c61c76', '2017-11-01 12:00:00+00', '2018-04-01 12:00:00+00'),
      ('c739e356-2e21-50b7-84e4-aa55088b69e0', 'b5b4a754-cb59-5d38-99fc-3b0f227646b1', '82a01537-41df-5bff-93b5-8cf5548031cf', '62f7d765-da10-5bad-b4c2-c8e301c61c76', '2017-11-01 12:00:00+00', '2018-04-01 12:00:00+00'),
      ('9a8a3003-e0d8-57fe-8b08-f9096efc6c4e', '776d7fd5-b477-5fcf-8bae-868aa60efb03', '9e7e3a3e-0366-5a94-a6af-d25b291c5e9d', '62f7d765-da10-5bad-b4c2-c8e301c61c76', '2017-11-01 12:00:00+00', '2018-04-01 12:00:00+00'),
      ('e71f5e13-b984-5ad1-8265-3b4d1b71fda2', '5cb5afb9-3e1a-4f10-8082-6d72b7b27335', '80f54e7a-92de-5d24-b3a6-119221443acb', '8b7b7cdc-f5dc-5595-823c-0256686bc0b4', '2018-11-01 12:00:00+00', '2019-04-01 12:00:00+00'),
      ('665ed25a-df77-5520-8de0-8335fa960335', 'b5b4a754-cb59-5d38-99fc-3b0f227646b1', '82a01537-41df-5bff-93b5-8cf5548031cf', '8b7b7cdc-f5dc-5595-823c-0256686bc0b4', '2018-11-01 12:00:00+00', '2019-04-01 12:00:00+00'),
      ('bcacca46-1c01-5eb8-92b7-171979a97eef', '776d7fd5-b477-5fcf-8bae-868aa60efb03', '9e7e3a3e-0366-5a94-a6af-d25b291c5e9d', '8b7b7cdc-f5dc-5595-823c-0256686bc0b4', '2018-11-01 12:00:00+00', '2019-04-01 12:00:00+00'),
      ('b57adf9b-e072-53a4-9a57-bda1571c55c4', 'dcbdcfc6-8c0c-4677-a5e4-61b4dc01f526', '6564a03b-9402-5968-90ca-f4f6eb96c9a6', 'fd29d8cd-43bc-5b18-9f22-7267f4ee82ec', '2008-06-07 12:00:00+00', '2008-10-11 12:00:00+00'),
      ('40867184-a309-5fa7-9222-af797155fbd2', 'cbb3e144-27a5-533e-8817-e276bfdee673', '2ba079f8-4725-537a-8230-94e2dffc3246', 'fd29d8cd-43bc-5b18-9f22-7267f4ee82ec', '2008-06-07 12:00:00+00', '2008-10-11 12:00:00+00'),
      ('37d58052-ae2d-5c40-9ef2-0b0e42ebea83', 'dcbdcfc6-8c0c-4677-a5e4-61b4dc01f526', '6564a03b-9402-5968-90ca-f4f6eb96c9a6', '77763f25-7f92-5643-adf2-aefcaf5bac34', '2009-06-01 12:00:00+00', '2009-10-11 12:00:00+00'),
      ('27b95bf5-5b58-5064-bc32-28bf7881a68e', 'cbb3e144-27a5-533e-8817-e276bfdee673', '2ba079f8-4725-537a-8230-94e2dffc3246', '77763f25-7f92-5643-adf2-aefcaf5bac34', '2009-06-01 12:00:00+00', '2009-10-11 12:00:00+00'),
      ('915fc4c7-1071-5822-bb2b-ea579b9f1072', 'dcbdcfc6-8c0c-4677-a5e4-61b4dc01f526', '6564a03b-9402-5968-90ca-f4f6eb96c9a6', 'b56e9ce1-964e-5e6d-8814-f7e0cdb2c724', '2010-06-07 12:00:00+00', '2012-11-01 12:00:00+00'),
      ('1381b3e4-b89d-5bac-80a5-cfe288405ac0', 'cbb3e144-27a5-533e-8817-e276bfdee673', '2ba079f8-4725-537a-8230-94e2dffc3246', 'b56e9ce1-964e-5e6d-8814-f7e0cdb2c724', '2010-06-07 12:00:00+00', '2010-08-06 12:00:00+00'),
      ('b17b8bec-77c3-59fe-b292-b48bdbda7912', 'd972d4e5-1c73-4c8e-be50-354c9742c22a', '2ba079f8-4725-537a-8230-94e2dffc3246', 'b56e9ce1-964e-5e6d-8814-f7e0cdb2c724', '2010-08-06 12:00:00+00', '2012-11-01 12:00:00+00'),
      ('e61ab7c0-38e8-59ff-abb2-37af2e65b919', 'dcbdcfc6-8c0c-4677-a5e4-61b4dc01f526', '6564a03b-9402-5968-90ca-f4f6eb96c9a6', 'f65173e6-90b2-5a72-934e-24c0291950c9', '2013-04-01 12:00:00+00', '2013-11-01 12:00:00+00'),
      ('20369b90-c84f-5b25-83fd-c49f3179403b', '00e0c623-ae6c-5206-aab1-6625d17130ca', '2ba079f8-4725-537a-8230-94e2dffc3246', 'f65173e6-90b2-5a72-934e-24c0291950c9', '2013-04-01 12:00:00+00', '2013-11-01 12:00:00+00'),
      ('a0c668df-e842-5b3f-8ada-21c01102bd74', 'dcbdcfc6-8c0c-4677-a5e4-61b4dc01f526', '6564a03b-9402-5968-90ca-f4f6eb96c9a6', 'ce477f52-f24a-59ad-9a26-6c6aaeb2f734', '2014-04-01 12:00:00+00', '2014-11-01 12:00:00+00'),
      ('d48ea880-ef78-5423-9529-c8d99b41f1e4', '00e0c623-ae6c-5206-aab1-6625d17130ca', '2ba079f8-4725-537a-8230-94e2dffc3246', 'ce477f52-f24a-59ad-9a26-6c6aaeb2f734', '2014-04-01 12:00:00+00', '2014-11-01 12:00:00+00'),
      ('ec802de6-6ae6-5704-8012-8b8fc1416ff9', 'dcbdcfc6-8c0c-4677-a5e4-61b4dc01f526', '6564a03b-9402-5968-90ca-f4f6eb96c9a6', '14f74dd9-1763-52d6-9cc6-eaf1cd990bd9', '2015-04-01 12:00:00+00', '2015-11-01 12:00:00+00'),
      ('4db8873f-c427-5307-88e0-1b121e0d1213', '00e0c623-ae6c-5206-aab1-6625d17130ca', '2ba079f8-4725-537a-8230-94e2dffc3246', '14f74dd9-1763-52d6-9cc6-eaf1cd990bd9', '2015-04-01 12:00:00+00', '2015-11-01 12:00:00+00'),
      ('4f7c5d31-d737-5811-9ee4-eae55aa261c2', 'dcbdcfc6-8c0c-4677-a5e4-61b4dc01f526', '6564a03b-9402-5968-90ca-f4f6eb96c9a6', 'cbaa6d57-bf9e-51fe-83da-86df1bf9d645', '2016-04-01 12:00:00+00', '2016-11-01 12:00:00+00'),
      ('acad7961-6bb7-5e87-80dc-7d33987943b3', '00e0c623-ae6c-5206-aab1-6625d17130ca', '2ba079f8-4725-537a-8230-94e2dffc3246', 'cbaa6d57-bf9e-51fe-83da-86df1bf9d645', '2016-04-01 12:00:00+00', '2016-11-01 12:00:00+00'),
      ('1883766b-528a-55b2-be7a-d161c1569d10', 'dcbdcfc6-8c0c-4677-a5e4-61b4dc01f526', '6564a03b-9402-5968-90ca-f4f6eb96c9a6', '6b81d755-669a-508e-9e24-1ae7e4994385', '2017-04-01 12:00:00+00', '2017-11-01 12:00:00+00'),
      ('4d221a4b-322c-59c9-ab8c-39873c404a6f', '00e0c623-ae6c-5206-aab1-6625d17130ca', '2ba079f8-4725-537a-8230-94e2dffc3246', '6b81d755-669a-508e-9e24-1ae7e4994385', '2017-04-01 12:00:00+00', '2017-11-01 12:00:00+00'),
      ('f780faa8-9c43-5992-93f1-ba678f5518c5', 'dcbdcfc6-8c0c-4677-a5e4-61b4dc01f526', '6564a03b-9402-5968-90ca-f4f6eb96c9a6', '3af2fdbb-4b52-5420-bab6-e287844d732b', '2018-04-01 12:00:00+00', '2018-11-01 12:00:00+00'),
      ('af467991-f59f-526f-8e64-635d6dd5c539', '00e0c623-ae6c-5206-aab1-6625d17130ca', '2ba079f8-4725-537a-8230-94e2dffc3246', '3af2fdbb-4b52-5420-bab6-e287844d732b', '2018-04-01 12:00:00+00', '2018-11-01 12:00:00+00'),
      ('57c7a933-5516-5148-86b1-dc87aac17304', 'dcbdcfc6-8c0c-4677-a5e4-61b4dc01f526', '6564a03b-9402-5968-90ca-f4f6eb96c9a6', '4d82dbf9-55dd-5b7b-ab4b-d03106d2944e', '2019-04-01 12:00:00+00', null),
      ('19d18bf5-dfbb-5696-8f4d-08b2b5a54f7b', '2b781c3d-c326-546a-994f-92922f46b854', '2ba079f8-4725-537a-8230-94e2dffc3246', '4d82dbf9-55dd-5b7b-ab4b-d03106d2944e', '2019-04-01 12:00:00+00', null),
      ('429ed515-fb46-51a3-b998-9a40a1f59289', '80bbc300-5475-4932-8296-c00aaeaa9e5f', '80f54e7a-92de-5d24-b3a6-119221443acb', '5af3086f-98a8-5f53-a6ba-1c7f6dad138d', '2008-06-07 12:00:00+00', '2008-10-11 12:00:00+00'),
      ('b593758b-df01-5816-bf2b-5ec887ef5b24', '83dc564e-80b5-53a1-bee5-7f70967230ae', '82a01537-41df-5bff-93b5-8cf5548031cf', '5af3086f-98a8-5f53-a6ba-1c7f6dad138d', '2008-06-07 12:00:00+00', '2008-10-11 12:00:00+00'),
      ('9d2dd3af-3022-51ed-9c29-fec34d270e3f', '80bbc300-5475-4932-8296-c00aaeaa9e5f', '80f54e7a-92de-5d24-b3a6-119221443acb', '2dc0d573-ef69-5b97-9425-63e64f2aeffa', '2009-06-01 12:00:00+00', '2009-10-11 12:00:00+00'),
      ('c43e458d-7bf9-5596-9ce6-b993a2bc9298', '83dc564e-80b5-53a1-bee5-7f70967230ae', '82a01537-41df-5bff-93b5-8cf5548031cf', '2dc0d573-ef69-5b97-9425-63e64f2aeffa', '2009-06-01 12:00:00+00', '2009-10-11 12:00:00+00'),
      ('601e573c-9941-5412-97bd-d071f9479aa2', '80bbc300-5475-4932-8296-c00aaeaa9e5f', '80f54e7a-92de-5d24-b3a6-119221443acb', '2f4efdd9-112c-5b59-a6c5-7435bc943ef6', '2010-06-07 12:00:00+00', '2012-11-01 12:00:00+00'),
      ('b7b2bbc2-d26b-5601-abb7-f8819429b402', '83dc564e-80b5-53a1-bee5-7f70967230ae', '82a01537-41df-5bff-93b5-8cf5548031cf', '2f4efdd9-112c-5b59-a6c5-7435bc943ef6', '2010-06-07 12:00:00+00', '2010-08-06 12:00:00+00'),
      ('bc745473-c4ec-55e5-ac0c-915ab9c55967', '4a634d19-0c24-4f4e-a262-04b5e3251913', '82a01537-41df-5bff-93b5-8cf5548031cf', '2f4efdd9-112c-5b59-a6c5-7435bc943ef6', '2010-08-06 12:00:00+00', '2012-11-01 12:00:00+00'),
      ('8c952da2-b564-5811-8973-9025f9b28fe2', '4bbf00a2-7539-4d5f-944f-aa524aa1323a', '9e7e3a3e-0366-5a94-a6af-d25b291c5e9d', '2f4efdd9-112c-5b59-a6c5-7435bc943ef6', '2010-06-07 12:00:00+00', '2012-11-01 12:00:00+00'),
      ('79db1bba-720e-5604-bd56-87845e7939fb', '80bbc300-5475-4932-8296-c00aaeaa9e5f', '80f54e7a-92de-5d24-b3a6-119221443acb', '7b3f7253-11b6-5a85-97b1-939e811ed9e6', '2013-04-01 12:00:00+00', '2013-11-01 12:00:00+00'),
      ('252afeb2-f8f4-5934-b658-34a57ab7ce2b', '24393d23-99a6-5196-afe2-798bd9b5c9fc', '82a01537-41df-5bff-93b5-8cf5548031cf', '7b3f7253-11b6-5a85-97b1-939e811ed9e6', '2013-04-01 12:00:00+00', '2013-11-01 12:00:00+00'),
      ('4440d285-6d24-5703-ad93-ea5d50463df0', '4bbf00a2-7539-4d5f-944f-aa524aa1323a', '9e7e3a3e-0366-5a94-a6af-d25b291c5e9d', '7b3f7253-11b6-5a85-97b1-939e811ed9e6', '2013-04-01 12:00:00+00', '2013-11-01 12:00:00+00'),
      ('9cffff0d-d4f9-57bb-b5d6-aa10f36fb0f1', '80bbc300-5475-4932-8296-c00aaeaa9e5f', '80f54e7a-92de-5d24-b3a6-119221443acb', '84a56d2c-0e66-5cc2-b44b-07455954c504', '2014-04-01 12:00:00+00', '2014-11-01 12:00:00+00'),
      ('dd646107-69a4-5263-9415-ba4650cc115a', '24393d23-99a6-5196-afe2-798bd9b5c9fc', '82a01537-41df-5bff-93b5-8cf5548031cf', '84a56d2c-0e66-5cc2-b44b-07455954c504', '2014-04-01 12:00:00+00', '2014-11-01 12:00:00+00'),
      ('87e7c2dc-0316-520f-9880-41cab5513528', '4bbf00a2-7539-4d5f-944f-aa524aa1323a', '9e7e3a3e-0366-5a94-a6af-d25b291c5e9d', '84a56d2c-0e66-5cc2-b44b-07455954c504', '2014-04-01 12:00:00+00', '2014-11-01 12:00:00+00'),
      ('a2aab0af-56c9-5879-9b96-83cff3010ec4', '80bbc300-5475-4932-8296-c00aaeaa9e5f', '80f54e7a-92de-5d24-b3a6-119221443acb', '7616493d-286b-5b28-9e7a-af9bac199cc3', '2015-04-01 12:00:00+00', '2015-11-01 12:00:00+00'),
      ('7d6ee045-f0bd-51dc-9b0d-1d865179bf47', '24393d23-99a6-5196-afe2-798bd9b5c9fc', '82a01537-41df-5bff-93b5-8cf5548031cf', '7616493d-286b-5b28-9e7a-af9bac199cc3', '2015-04-01 12:00:00+00', '2015-11-01 12:00:00+00'),
      ('16e13caf-f321-52ba-8b25-b2ebe2ac0a53', '4bbf00a2-7539-4d5f-944f-aa524aa1323a', '9e7e3a3e-0366-5a94-a6af-d25b291c5e9d', '7616493d-286b-5b28-9e7a-af9bac199cc3', '2015-04-01 12:00:00+00', '2015-11-01 12:00:00+00'),
      ('7d0d948a-8d6c-5d57-a3ca-314a30ccccd3', '80bbc300-5475-4932-8296-c00aaeaa9e5f', '80f54e7a-92de-5d24-b3a6-119221443acb', '770a60f4-bad7-5a58-8633-8ac6fc28ccf3', '2016-04-01 12:00:00+00', '2016-11-01 12:00:00+00'),
      ('7f47817c-0642-525d-a049-784e87d91dcd', '24393d23-99a6-5196-afe2-798bd9b5c9fc', '82a01537-41df-5bff-93b5-8cf5548031cf', '770a60f4-bad7-5a58-8633-8ac6fc28ccf3', '2016-04-01 12:00:00+00', '2016-11-01 12:00:00+00'),
      ('0741f544-4336-5380-ba4f-1dc525773cc9', '4bbf00a2-7539-4d5f-944f-aa524aa1323a', '9e7e3a3e-0366-5a94-a6af-d25b291c5e9d', '770a60f4-bad7-5a58-8633-8ac6fc28ccf3', '2016-04-01 12:00:00+00', '2016-06-01 12:00:00+00'),
      ('ad87f948-474d-51b8-8de7-00f1161c71de', '8cdfe1ad-3beb-5078-8622-ac57f3c48473', '9e7e3a3e-0366-5a94-a6af-d25b291c5e9d', '770a60f4-bad7-5a58-8633-8ac6fc28ccf3', '2016-06-01 12:00:00+00', '2016-11-01 12:00:00+00'),
      ('7f73408a-8349-5cfc-a5d7-5f95bc7095e6', '80bbc300-5475-4932-8296-c00aaeaa9e5f', '80f54e7a-92de-5d24-b3a6-119221443acb', '0f67845c-8bc1-5a98-a84e-f5a0186eb583', '2017-04-01 12:00:00+00', '2017-11-01 12:00:00+00'),
      ('dc332ebc-c9c4-54b4-a191-830bd7af512d', '24393d23-99a6-5196-afe2-798bd9b5c9fc', '82a01537-41df-5bff-93b5-8cf5548031cf', '0f67845c-8bc1-5a98-a84e-f5a0186eb583', '2017-04-01 12:00:00+00', '2017-11-01 12:00:00+00'),
      ('5c390583-564c-5db2-b26f-3018068e8f3d', '8cdfe1ad-3beb-5078-8622-ac57f3c48473', '9e7e3a3e-0366-5a94-a6af-d25b291c5e9d', '0f67845c-8bc1-5a98-a84e-f5a0186eb583', '2017-04-01 12:00:00+00', '2017-11-01 12:00:00+00'),
      ('0e091dc7-8bf4-51b4-9945-4eb06b29a5cb', '80bbc300-5475-4932-8296-c00aaeaa9e5f', '80f54e7a-92de-5d24-b3a6-119221443acb', '81b3111b-0cd9-5dba-882b-7ee8b578faa5', '2018-04-01 12:00:00+00', '2018-11-01 12:00:00+00'),
      ('1a3305e3-baef-51cc-8071-a562621bc79a', '24393d23-99a6-5196-afe2-798bd9b5c9fc', '82a01537-41df-5bff-93b5-8cf5548031cf', '81b3111b-0cd9-5dba-882b-7ee8b578faa5', '2018-04-01 12:00:00+00', '2018-11-01 12:00:00+00'),
      ('c71c1a40-5273-521d-ad69-ecc89b1ee94a', '8cdfe1ad-3beb-5078-8622-ac57f3c48473', '9e7e3a3e-0366-5a94-a6af-d25b291c5e9d', '81b3111b-0cd9-5dba-882b-7ee8b578faa5', '2018-04-01 12:00:00+00', '2018-11-01 12:00:00+00'),
      ('448db9b4-0ae4-52cd-84d2-f3c5dbf9d591', '80bbc300-5475-4932-8296-c00aaeaa9e5f', '80f54e7a-92de-5d24-b3a6-119221443acb', 'f35d3f91-28c4-5948-a073-32ddf0b689a9', '2019-04-01 12:00:00+00', null),
      ('be2cad6f-ea2d-5457-ab43-8e3d6fb22008', 'ef0a93ca-3ed9-5c84-a914-5a19e6eb8a8e', '82a01537-41df-5bff-93b5-8cf5548031cf', 'f35d3f91-28c4-5948-a073-32ddf0b689a9', '2019-04-01 12:00:00+00', null),
      ('999c2b53-9afd-5a06-b4c7-6282bfffa92e', '8cdfe1ad-3beb-5078-8622-ac57f3c48473', '9e7e3a3e-0366-5a94-a6af-d25b291c5e9d', 'f35d3f91-28c4-5948-a073-32ddf0b689a9', '2019-04-01 12:00:00+00', null),
      ('0d6a5496-97ae-5fd0-8a86-38d832d895f6', '35300fd6-751c-42eb-8632-30ce2646958c', 'e5f1dad6-ee82-5347-96b5-2a4ee91048a0', '74bfe099-7fc8-5cb4-ae9d-196c9de3381b', '2010-08-15 12:00:00+00', '2010-10-15 12:00:00+00'),
      ('02365f9f-7860-514a-9b66-024cf2ba36a7', '7ee9e12d-ed57-56c7-adf6-99c0c06f655d', '606cb78d-96b1-513e-b40d-5d125a05ad78', '74bfe099-7fc8-5cb4-ae9d-196c9de3381b', '2010-08-15 12:00:00+00', '2010-10-15 12:00:00+00'),
      ('727f1df2-6d83-54e9-80a6-f9229967a083', '35300fd6-751c-42eb-8632-30ce2646958c', 'e5f1dad6-ee82-5347-96b5-2a4ee91048a0', '0929cf49-8b71-5a9a-a0ce-3fb299c6e146', '2011-05-01 12:00:00+00', '2011-09-30 12:00:00+00'),
      ('342c3985-4b6b-584c-9e9d-b4d813b7558b', '7ee9e12d-ed57-56c7-adf6-99c0c06f655d', '606cb78d-96b1-513e-b40d-5d125a05ad78', '0929cf49-8b71-5a9a-a0ce-3fb299c6e146', '2011-05-01 12:00:00+00', '2011-09-30 12:00:00+00'),
      ('bbec5e4d-e9ff-587c-ad8c-191e18aa84f3', '038a66d4-8cd0-55d1-b9d0-1c98877fcfb0', '9a076457-cd3e-562e-af47-e4060a0d97e1', '471126af-9e67-5efb-ab2d-a3058050ec95', '2011-05-01 12:00:00+00', '2011-09-30 12:00:00+00'),
      ('6d639e5b-772e-5bad-9a3e-b8a5e1e8c5ab', '2652e51d-4175-5d00-a85f-121cb1451475', '12f1c2bc-55d5-5fb2-b5bf-a9d19bd88fe6', '471126af-9e67-5efb-ab2d-a3058050ec95', '2011-05-01 12:00:00+00', '2011-09-30 12:00:00+00'),
      ('6996d7c5-21df-5e43-885f-b9d4e94a35f1', 'fa32529f-0b23-5e6f-88ae-4a73c9b8c12d', 'd59ff95f-8742-5590-aac6-2eecd97bd6d5', '471126af-9e67-5efb-ab2d-a3058050ec95', '2011-05-01 12:00:00+00', '2011-09-30 12:00:00+00'),
      ('f7654db9-cd7e-5d9f-a5ef-075bb999736e', '35300fd6-751c-42eb-8632-30ce2646958c', 'e5f1dad6-ee82-5347-96b5-2a4ee91048a0', '4146607d-cf04-5641-8212-c646bf569979', '2012-05-01 12:00:00+00', '2012-09-30 12:00:00+00'),
      ('99db3e08-fa5f-5a07-921f-2eff899ea132', '7ee9e12d-ed57-56c7-adf6-99c0c06f655d', '606cb78d-96b1-513e-b40d-5d125a05ad78', '4146607d-cf04-5641-8212-c646bf569979', '2012-05-01 12:00:00+00', '2012-09-30 12:00:00+00'),
      ('d5903502-3799-552b-9809-1b9a0141d80e', '038a66d4-8cd0-55d1-b9d0-1c98877fcfb0', '9a076457-cd3e-562e-af47-e4060a0d97e1', '6be74060-371e-573a-b30a-542fb2ee6a7a', '2012-05-01 12:00:00+00', '2012-09-30 12:00:00+00'),
      ('8addb20e-12df-5c5c-ad32-d62aaeceface', '2652e51d-4175-5d00-a85f-121cb1451475', '12f1c2bc-55d5-5fb2-b5bf-a9d19bd88fe6', '6be74060-371e-573a-b30a-542fb2ee6a7a', '2012-05-01 12:00:00+00', '2012-09-30 12:00:00+00'),
      ('681487fd-c036-5771-ab68-3da556d28751', 'fa32529f-0b23-5e6f-88ae-4a73c9b8c12d', 'd59ff95f-8742-5590-aac6-2eecd97bd6d5', '6be74060-371e-573a-b30a-542fb2ee6a7a', '2012-05-01 12:00:00+00', '2012-09-30 12:00:00+00'),
      ('c13daed9-bd94-581f-85d3-072f6dd030af', '35300fd6-751c-42eb-8632-30ce2646958c', 'e5f1dad6-ee82-5347-96b5-2a4ee91048a0', '1c55518f-ab66-5f11-ad02-dfcad77b064c', '2013-05-01 12:00:00+00', '2013-09-30 12:00:00+00'),
      ('4dd81c76-f80f-5840-8c76-074cf5acdc4c', '7ee9e12d-ed57-56c7-adf6-99c0c06f655d', '606cb78d-96b1-513e-b40d-5d125a05ad78', '1c55518f-ab66-5f11-ad02-dfcad77b064c', '2013-05-01 12:00:00+00', '2013-09-30 12:00:00+00'),
      ('10fd6582-31c7-5e26-b13d-5cfc5352aeaf', '038a66d4-8cd0-55d1-b9d0-1c98877fcfb0', '9a076457-cd3e-562e-af47-e4060a0d97e1', '401d2ee7-e73c-5430-8764-b3c987e75d3c', '2013-05-01 12:00:00+00', '2013-09-30 12:00:00+00'),
      ('88a5c373-e608-5526-baa3-32104ffebf87', '2652e51d-4175-5d00-a85f-121cb1451475', '12f1c2bc-55d5-5fb2-b5bf-a9d19bd88fe6', '401d2ee7-e73c-5430-8764-b3c987e75d3c', '2013-05-01 12:00:00+00', '2013-09-30 12:00:00+00'),
      ('8c7d361d-7116-5ab4-b98a-dde163ca9817', 'fa32529f-0b23-5e6f-88ae-4a73c9b8c12d', 'd59ff95f-8742-5590-aac6-2eecd97bd6d5', '401d2ee7-e73c-5430-8764-b3c987e75d3c', '2013-05-01 12:00:00+00', '2013-09-30 12:00:00+00'),
      ('064b8004-9ae6-569c-8fca-eed2c1d8a2d0', '35300fd6-751c-42eb-8632-30ce2646958c', 'e5f1dad6-ee82-5347-96b5-2a4ee91048a0', '3b7f7e06-0068-530c-bbe8-50a49e210865', '2014-05-01 12:00:00+00', '2014-09-30 12:00:00+00'),
      ('9ca2c7bd-9569-569b-ac78-9b7459a2b119', '7ee9e12d-ed57-56c7-adf6-99c0c06f655d', '606cb78d-96b1-513e-b40d-5d125a05ad78', '3b7f7e06-0068-530c-bbe8-50a49e210865', '2014-05-01 12:00:00+00', '2014-09-30 12:00:00+00'),
      ('5b9ae0c9-d369-5eea-b6c0-be911ad2f830', '038a66d4-8cd0-55d1-b9d0-1c98877fcfb0', '9a076457-cd3e-562e-af47-e4060a0d97e1', '564430f9-2c06-5c33-8fba-c9d406879df3', '2014-05-01 12:00:00+00', '2014-09-30 12:00:00+00'),
      ('0d50592f-7ed2-5103-b761-d00edd8bffdd', '2652e51d-4175-5d00-a85f-121cb1451475', '12f1c2bc-55d5-5fb2-b5bf-a9d19bd88fe6', '564430f9-2c06-5c33-8fba-c9d406879df3', '2014-05-01 12:00:00+00', '2014-09-30 12:00:00+00'),
      ('20335832-2402-58a7-be0d-3753612f1ac5', 'fa32529f-0b23-5e6f-88ae-4a73c9b8c12d', 'd59ff95f-8742-5590-aac6-2eecd97bd6d5', '564430f9-2c06-5c33-8fba-c9d406879df3', '2014-05-01 12:00:00+00', '2014-09-30 12:00:00+00'),
      ('e2a16ea7-c944-5705-91e4-756037499bd8', '35300fd6-751c-42eb-8632-30ce2646958c', 'e5f1dad6-ee82-5347-96b5-2a4ee91048a0', 'eac1f3dd-0f75-5b28-8239-e2c40313d11b', '2015-05-01 12:00:00+00', '2015-09-30 12:00:00+00'),
      ('d58543ac-1b84-52df-94c9-a6b5d7d252ed', '7ee9e12d-ed57-56c7-adf6-99c0c06f655d', '606cb78d-96b1-513e-b40d-5d125a05ad78', 'eac1f3dd-0f75-5b28-8239-e2c40313d11b', '2015-05-01 12:00:00+00', '2015-09-30 12:00:00+00'),
      ('c950727d-3967-5138-8aee-5a525a2917e6', '038a66d4-8cd0-55d1-b9d0-1c98877fcfb0', '9a076457-cd3e-562e-af47-e4060a0d97e1', '686281d9-7e17-5c0b-9012-3db27db5c24c', '2015-05-01 12:00:00+00', '2015-09-30 12:00:00+00'),
      ('252f4413-e374-5f45-8555-cde639569d5f', '2652e51d-4175-5d00-a85f-121cb1451475', '12f1c2bc-55d5-5fb2-b5bf-a9d19bd88fe6', '686281d9-7e17-5c0b-9012-3db27db5c24c', '2015-05-01 12:00:00+00', '2015-09-30 12:00:00+00'),
      ('3ab8dc35-18b8-5de8-bfa3-badedcfa4490', 'fa32529f-0b23-5e6f-88ae-4a73c9b8c12d', 'd59ff95f-8742-5590-aac6-2eecd97bd6d5', '686281d9-7e17-5c0b-9012-3db27db5c24c', '2015-05-01 12:00:00+00', '2015-09-30 12:00:00+00'),
      ('934d4cd4-ea7b-56e7-8c1e-acbc21ddc8cd', '35300fd6-751c-42eb-8632-30ce2646958c', 'e5f1dad6-ee82-5347-96b5-2a4ee91048a0', 'aa335d61-282c-520f-b5d2-3b8622e6a39c', '2016-05-01 12:00:00+00', '2016-09-30 12:00:00+00'),
      ('239e0c6e-7160-5312-9d81-d238056c6b0a', 'c725a8d6-0375-5cbc-a85a-b0ed05942381', '606cb78d-96b1-513e-b40d-5d125a05ad78', 'aa335d61-282c-520f-b5d2-3b8622e6a39c', '2016-05-01 12:00:00+00', '2016-09-30 12:00:00+00'),
      ('908b434a-ffb2-533d-86c8-83539209d35d', '038a66d4-8cd0-55d1-b9d0-1c98877fcfb0', '9a076457-cd3e-562e-af47-e4060a0d97e1', 'c17b6c9e-c4cd-55eb-9890-3234fc51d6fb', '2016-05-01 12:00:00+00', '2016-09-30 12:00:00+00'),
      ('fee70fe0-7be1-54a9-bece-fd10e4a75f45', '4be685f6-18f3-5891-9f60-cd275529fe98', '12f1c2bc-55d5-5fb2-b5bf-a9d19bd88fe6', 'c17b6c9e-c4cd-55eb-9890-3234fc51d6fb', '2016-05-01 12:00:00+00', '2016-09-30 12:00:00+00'),
      ('7bb61e6b-f513-5d37-90ca-d6d0f4dacac4', 'fa32529f-0b23-5e6f-88ae-4a73c9b8c12d', 'd59ff95f-8742-5590-aac6-2eecd97bd6d5', 'c17b6c9e-c4cd-55eb-9890-3234fc51d6fb', '2016-05-01 12:00:00+00', '2016-09-30 12:00:00+00'),
      ('75418631-0889-5302-ad39-bdd0efbaec71', '35300fd6-751c-42eb-8632-30ce2646958c', 'e5f1dad6-ee82-5347-96b5-2a4ee91048a0', 'd3aa8967-fa6e-5677-bd15-93e722ccea33', '2017-05-01 12:00:00+00', '2017-09-30 12:00:00+00'),
      ('56ca109e-f035-5136-8fa5-f98cb384b320', 'c725a8d6-0375-5cbc-a85a-b0ed05942381', '606cb78d-96b1-513e-b40d-5d125a05ad78', 'd3aa8967-fa6e-5677-bd15-93e722ccea33', '2017-05-01 12:00:00+00', '2017-09-30 12:00:00+00'),
      ('3e724b1a-3c5e-5f78-8780-50723350beb9', '038a66d4-8cd0-55d1-b9d0-1c98877fcfb0', '9a076457-cd3e-562e-af47-e4060a0d97e1', '17606475-9337-5d6b-87c0-8d72c429f2df', '2017-05-01 12:00:00+00', '2017-09-30 12:00:00+00'),
      ('45a0be22-4c7a-5fb5-b28f-68114687c18b', '4be685f6-18f3-5891-9f60-cd275529fe98', '12f1c2bc-55d5-5fb2-b5bf-a9d19bd88fe6', '17606475-9337-5d6b-87c0-8d72c429f2df', '2017-05-01 12:00:00+00', '2017-09-30 12:00:00+00'),
      ('174875a2-23b9-5878-8af0-c528ff8cd284', 'cbf7efce-f3f5-59dd-b62d-5c06a673b5b1', 'd59ff95f-8742-5590-aac6-2eecd97bd6d5', '17606475-9337-5d6b-87c0-8d72c429f2df', '2017-05-01 12:00:00+00', '2017-09-30 12:00:00+00'),
      ('f96c9ebe-b3ae-5ca8-8a3a-e98799f0c789', '35300fd6-751c-42eb-8632-30ce2646958c', 'e5f1dad6-ee82-5347-96b5-2a4ee91048a0', '77daf30e-faad-5a0e-be2a-9ee018b95407', '2018-05-01 12:00:00+00', '2018-09-30 12:00:00+00'),
      ('fde9450b-774a-5769-9c62-80de6c7c0d69', 'c725a8d6-0375-5cbc-a85a-b0ed05942381', '606cb78d-96b1-513e-b40d-5d125a05ad78', '77daf30e-faad-5a0e-be2a-9ee018b95407', '2018-05-01 12:00:00+00', '2018-09-30 12:00:00+00'),
      ('6b9dc9cc-22f2-5766-a03c-daee1afdfec4', '038a66d4-8cd0-55d1-b9d0-1c98877fcfb0', '9a076457-cd3e-562e-af47-e4060a0d97e1', '4f9cf99d-7465-50db-8e7d-4bcdff58cf2b', '2018-05-01 12:00:00+00', '2018-09-30 12:00:00+00'),
      ('a3d8f177-22f3-5fe1-91dd-58b5d007fcb4', '4be685f6-18f3-5891-9f60-cd275529fe98', '12f1c2bc-55d5-5fb2-b5bf-a9d19bd88fe6', '4f9cf99d-7465-50db-8e7d-4bcdff58cf2b', '2018-05-01 12:00:00+00', '2018-09-30 12:00:00+00'),
      ('02339c42-58e2-5f03-8737-2114c35ab9bd', 'cbf7efce-f3f5-59dd-b62d-5c06a673b5b1', 'd59ff95f-8742-5590-aac6-2eecd97bd6d5', '4f9cf99d-7465-50db-8e7d-4bcdff58cf2b', '2018-05-01 12:00:00+00', '2018-09-30 12:00:00+00'),
      ('799530b3-0c44-51bf-9a28-241c20aecc9e', '35300fd6-751c-42eb-8632-30ce2646958c', 'e5f1dad6-ee82-5347-96b5-2a4ee91048a0', '50dc14fd-0c8a-523a-94a9-cf887aef929a', '2019-05-01 12:00:00+00', '2019-09-30 12:00:00+00'),
      ('7e9d0c08-92d0-57ca-932b-cbac0169cdb1', 'c725a8d6-0375-5cbc-a85a-b0ed05942381', '606cb78d-96b1-513e-b40d-5d125a05ad78', '50dc14fd-0c8a-523a-94a9-cf887aef929a', '2019-05-01 12:00:00+00', '2019-09-30 12:00:00+00'),
      ('ede31123-9f5a-52c3-9765-31f10be07302', '038a66d4-8cd0-55d1-b9d0-1c98877fcfb0', '9a076457-cd3e-562e-af47-e4060a0d97e1', '84a2cdfb-4b5b-5d0f-90a3-4d0895a8a915', '2019-05-01 12:00:00+00', '2019-09-30 12:00:00+00'),
      ('d154339f-1f21-51a9-b9fd-8949054d34c1', '4be685f6-18f3-5891-9f60-cd275529fe98', '12f1c2bc-55d5-5fb2-b5bf-a9d19bd88fe6', '84a2cdfb-4b5b-5d0f-90a3-4d0895a8a915', '2019-05-01 12:00:00+00', '2019-09-30 12:00:00+00'),
      ('de906e26-2eae-5f0a-8a2d-827f80521ea2', 'cbf7efce-f3f5-59dd-b62d-5c06a673b5b1', 'd59ff95f-8742-5590-aac6-2eecd97bd6d5', '84a2cdfb-4b5b-5d0f-90a3-4d0895a8a915', '2019-05-01 12:00:00+00', '2019-09-30 12:00:00+00'),
      ('01f97351-1340-5a8c-817d-539e2ada2d32', '05eedb67-f5f0-549b-818f-dca036610f52', '1f6447bd-8ff8-5c46-97ef-f40290c159e2', '71ea4580-4b6d-5afa-bbde-1deb9f906fe8', '2016-04-02 12:00:00+00', null),
      ('31b93c0c-44a2-5190-9ba6-8ead01ee5d9c', '6752104d-fde0-5a7c-b903-d4b48e492af3', 'fc6e0c83-0064-5693-9362-a505a2df7b8e', '71ea4580-4b6d-5afa-bbde-1deb9f906fe8', '2016-04-02 12:00:00+00', '2019-06-01 12:00:00+00'),
      ('eb4e6607-851b-5a52-b940-b045485f8a69', '357c3747-4a45-5583-822a-eebb90b044ae', 'fc6e0c83-0064-5693-9362-a505a2df7b8e', '71ea4580-4b6d-5afa-bbde-1deb9f906fe8', '2019-06-01 12:00:00+00', null),
      ('f1ea7916-2fbb-5bfe-a65d-8ae649e5563f', '143218d8-6440-58f7-8321-b66caf8e6844', '56c10127-e7fe-538e-8791-1d74ac51c7a0', '71ea4580-4b6d-5afa-bbde-1deb9f906fe8', '2016-04-02 12:00:00+00', null),
      ('e413b9bd-a99f-5a2b-bd80-c16361769887', '1047cc34-b4b4-5ebd-9c43-8ee182bd04bc', '604b02d8-2bc2-5489-afc2-ff2732a43d61', '003a3e96-02aa-55f2-9af8-221a3aae645a', '2016-04-02 12:00:00+00', null),
      ('f71734d7-3aa3-57be-bfa6-f06b1862a829', '3361b5f1-47bf-542b-b45b-fb9d06dc0664', '11848af6-ef93-5420-8ddc-122c05027a18', '003a3e96-02aa-55f2-9af8-221a3aae645a', '2016-04-02 12:00:00+00', '2019-06-01 12:00:00+00'),
      ('9064157a-1186-5801-b911-7a6e26d60b0f', '7fcd1027-865b-57c6-ba09-78f97bf8bf0c', '11848af6-ef93-5420-8ddc-122c05027a18', '003a3e96-02aa-55f2-9af8-221a3aae645a', '2019-06-01 12:00:00+00', null),
      ('168bacbd-b893-5818-83cd-995d781fde71', '2c891e51-407a-5713-bd94-ce49ab51f4bd', '1bfd4d1f-2791-53b8-a7e6-b99124da1d1b', '003a3e96-02aa-55f2-9af8-221a3aae645a', '2016-04-02 12:00:00+00', null),
      ('496c02db-0cf7-5cd6-bb37-fd74dec95287', 'befc2132-659a-5f7c-afa1-4f448d9c4c1c', '6b77a888-4564-5027-a16c-95ac538bb3d6', '003a3e96-02aa-55f2-9af8-221a3aae645a', '2016-04-02 12:00:00+00', null);

INSERT INTO slot_mapping (id, assembly_slot_id, bike_id, mount_point_id) VALUES
      ('7a2a3628-43d7-556e-a36a-ed0e571f04e6', 'ffa3e4ae-0ec1-53f2-bdba-bdef10d1a3eb', 'd9052b49-6d61-59f1-a7ad-d8686105f0ea', '22cb1dd7-bf6a-551e-b48b-03f187840999'),
      ('2da6b005-b2f8-52b7-9906-99bfb14728e8', 'ffa3e4ae-0ec1-53f2-bdba-bdef10d1a3eb', '70556a9d-bf01-42eb-b882-b5938fff7023', '2ba079f8-4725-537a-8230-94e2dffc3246'),
      ('3e7c5459-c2e2-5770-a68a-70f83501c07e', '87604e22-914f-57c4-a2a5-9e4622f17589', 'd9052b49-6d61-59f1-a7ad-d8686105f0ea', '67a558e6-1a39-51c1-aa6a-e88a6ddde61a'),
      ('deaa7c69-cd46-5c34-ab75-ae57cdbf49f1', '87604e22-914f-57c4-a2a5-9e4622f17589', '70556a9d-bf01-42eb-b882-b5938fff7023', '6564a03b-9402-5968-90ca-f4f6eb96c9a6'),
      ('c64f99fb-9a8d-5cbc-a144-5bf339b887f6', '7c433ebe-fb50-585d-931d-7d4def9f3f5b', '70556a9d-bf01-42eb-b882-b5938fff7023', '9e7e3a3e-0366-5a94-a6af-d25b291c5e9d'),
      ('6d133721-96bb-5465-960d-f21ba11c9de6', 'e0d3e7fd-e78d-5358-a5fd-36eaa69d981d', '70556a9d-bf01-42eb-b882-b5938fff7023', '9e7e3a3e-0366-5a94-a6af-d25b291c5e9d'),
      ('c847f478-fb6b-5116-aab5-3065393093f2', '7e1ab974-9662-5e2b-a82b-246d5cfbbd10', 'd9052b49-6d61-59f1-a7ad-d8686105f0ea', '06238994-14f3-56d5-b877-4e549f148283'),
      ('0742fefb-ab58-5f05-94b3-77f027b3b049', '7e1ab974-9662-5e2b-a82b-246d5cfbbd10', '70556a9d-bf01-42eb-b882-b5938fff7023', '82a01537-41df-5bff-93b5-8cf5548031cf'),
      ('230d5dfb-8325-5d37-8031-0b7d347a21fd', '9ecaa472-2d11-5fc9-9e36-ecdad639aa62', 'd9052b49-6d61-59f1-a7ad-d8686105f0ea', '3c47cf41-7f31-5824-979f-ca4f14c3c339'),
      ('6f5d0e7a-f1a5-5200-806e-bc43e0b1ff7e', '9ecaa472-2d11-5fc9-9e36-ecdad639aa62', '70556a9d-bf01-42eb-b882-b5938fff7023', '80f54e7a-92de-5d24-b3a6-119221443acb'),
      ('7fb96d16-b945-58db-9594-888a49b53542', '23b21118-6e54-5e7c-af88-8caea765bd6b', '70556a9d-bf01-42eb-b882-b5938fff7023', '2ba079f8-4725-537a-8230-94e2dffc3246'),
      ('46c5f40b-4b9e-5584-9b2b-3d55061ef46c', '2a4d2fc8-cbd0-529c-9e00-6f6a4f9459aa', '70556a9d-bf01-42eb-b882-b5938fff7023', '6564a03b-9402-5968-90ca-f4f6eb96c9a6'),
      ('e1a6a4e7-93f9-55b9-9249-08a8feb4cbbe', '8a3777f5-3cca-582e-833c-b2995821f3e3', '70556a9d-bf01-42eb-b882-b5938fff7023', '9e7e3a3e-0366-5a94-a6af-d25b291c5e9d'),
      ('3c1cd6b3-4d97-5e36-a2fa-3f2f74a74473', 'fc645fac-4eef-528b-8a8d-7f56ab6166c8', '70556a9d-bf01-42eb-b882-b5938fff7023', '82a01537-41df-5bff-93b5-8cf5548031cf'),
      ('27192232-1311-5235-aa0c-36e8f17b751e', '56ac3cc6-a4cf-57fe-9b24-23daa2c5087b', '70556a9d-bf01-42eb-b882-b5938fff7023', '80f54e7a-92de-5d24-b3a6-119221443acb'),
      ('d67d761b-41bc-5a99-8a5d-ebf210711419', '5f305608-d407-5601-b697-4b4b50ec9429', '99a133db-4f9b-4a5b-b6f9-8a5ec96d9db7', '606cb78d-96b1-513e-b40d-5d125a05ad78'),
      ('d24574cb-64f5-5840-b44f-60e96cbd32c7', 'a187dad7-fa19-511b-9201-21e0ff39024e', '99a133db-4f9b-4a5b-b6f9-8a5ec96d9db7', 'e5f1dad6-ee82-5347-96b5-2a4ee91048a0'),
      ('fe3f84c6-5bbf-54cf-aa99-87e75f8209e4', '7a687202-6c1d-55a2-a932-a84945634cb1', '99a133db-4f9b-4a5b-b6f9-8a5ec96d9db7', 'd59ff95f-8742-5590-aac6-2eecd97bd6d5'),
      ('53e372a6-9d1e-5566-9ccf-30b3ae0671b9', '381a1b59-4fb4-55cf-9f18-7cab5dddf5dd', '99a133db-4f9b-4a5b-b6f9-8a5ec96d9db7', '12f1c2bc-55d5-5fb2-b5bf-a9d19bd88fe6'),
      ('72b2abe5-bcdd-59c9-9317-81d803e7a1a1', '1dbe17aa-dc6c-5414-9232-6dab0e54636c', '99a133db-4f9b-4a5b-b6f9-8a5ec96d9db7', '9a076457-cd3e-562e-af47-e4060a0d97e1'),
      ('2cd2d3de-f996-517c-86ee-a1931f9ce725', '8c6d045f-e594-5dea-b43b-6510348e6c85', 'f36ec9a6-5bf8-5a30-b86d-81389f710db4', '56c10127-e7fe-538e-8791-1d74ac51c7a0'),
      ('00daa696-f487-5a65-8949-2fb672ba0cd0', '5a7eeb2d-b612-5e0b-b78a-72ac342f6415', 'f36ec9a6-5bf8-5a30-b86d-81389f710db4', 'fc6e0c83-0064-5693-9362-a505a2df7b8e'),
      ('944f6f9b-d5e4-5e71-87ce-26fcec3d45cb', '9cc3f385-ee8d-5c38-b7eb-bed6a6058d7c', 'f36ec9a6-5bf8-5a30-b86d-81389f710db4', '1f6447bd-8ff8-5c46-97ef-f40290c159e2'),
      ('9bf389ca-29cc-516d-a2b8-8a1ba50eed56', '26215cdd-2ab5-5518-80c8-0633d3a3322f', 'f36ec9a6-5bf8-5a30-b86d-81389f710db4', '6b77a888-4564-5027-a16c-95ac538bb3d6'),
      ('54520fe4-0b73-51b1-935e-8457b09050cc', '827dda70-5ee3-5c98-9b41-923a3528a547', 'f36ec9a6-5bf8-5a30-b86d-81389f710db4', '1bfd4d1f-2791-53b8-a7e6-b99124da1d1b'),
      ('4429f7f2-0afc-57e7-bca2-7104cbf6c181', '3625d75a-f8cb-5a3b-8a58-723314ea62e9', 'f36ec9a6-5bf8-5a30-b86d-81389f710db4', '11848af6-ef93-5420-8ddc-122c05027a18'),
      ('a598040b-e9fd-54a6-bd60-633f041a449a', '8b36cb35-86e6-582c-8a5b-e2d7db418d8c', 'f36ec9a6-5bf8-5a30-b86d-81389f710db4', '604b02d8-2bc2-5489-afc2-ff2732a43d61');

INSERT INTO tour (id, bike_id, title, source, started_at, start_year, start_month, start_day, duration_moving, duration_recorded, duration_elapsed, distance, ascent, descent, power_total) VALUES
      ('8e449d84-5373-4285-9f65-bcd49f86c67e', '70556a9d-bf01-42eb-b882-b5938fff7023', 'Passo Giau', 'MANUAL', '2010-06-07 10:22:46+00', 2010, 6, 7, 7614, 7842, 8756, 53120, 1520, 1520, 5043),
      ('2bc77a21-e0b7-4600-a5fa-385b0a5c5e21', '70556a9d-bf01-42eb-b882-b5938fff7023', 'Col du Tourmalet', 'MANUAL', '2010-06-11 09:50:08+00', 2010, 6, 11, 5534, 5700, 6364, 43160, 1268, 1268, 4310),
      ('9d6b68d2-7fb3-5155-b72c-dafbce049f1a', 'd9052b49-6d61-59f1-a7ad-d8686105f0ea', 'Danube Valley Stage', 'MANUAL', '2010-01-01 11:47:03+00', 2010, 1, 1, 6124, 6307, 7042, 48307, 205, 194, 1259),
      ('9fc875b1-b215-5288-a1f7-d49f997e92cf', 'd9052b49-6d61-59f1-a7ad-d8686105f0ea', 'Col du Tourmalet', 'MANUAL', '2010-01-05 11:12:13+00', 2010, 1, 5, 10877, 11203, 12508, 68374, 883, 839, 2120),
      ('4f101503-7720-5530-930f-6c382148cd82', 'd9052b49-6d61-59f1-a7ad-d8686105f0ea', 'Alpe d''Huez', 'MANUAL', '2010-01-18 16:34:48+00', 2010, 1, 18, 6795, 6998, 7814, 51393, 620, 630, 1289),
      ('435fd52a-d97d-505c-ad47-fb3729a8d717', 'd9052b49-6d61-59f1-a7ad-d8686105f0ea', 'Kaiserstuhl Loop', 'MANUAL', '2010-02-04 13:40:48+00', 2010, 2, 4, 8919, 9186, 10256, 58447, 746, 747, 1680),
      ('27d78e94-d54c-57bb-ad71-d1b46c15a7d0', 'd9052b49-6d61-59f1-a7ad-d8686105f0ea', 'Col du Tourmalet', 'MANUAL', '2010-02-08 08:29:53+00', 2010, 2, 8, 8964, 9232, 10308, 70224, 623, 613, 1710),
      ('c517eaf9-d5bf-5c55-87a7-d83ba1f2f03f', 'd9052b49-6d61-59f1-a7ad-d8686105f0ea', 'Mont Ventoux', 'MANUAL', '2010-02-14 10:03:06+00', 2010, 2, 14, 13496, 13900, 15520, 97705, 714, 722, 2480),
      ('0800d4f8-a532-5428-b4ad-80d4b7060e29', 'd9052b49-6d61-59f1-a7ad-d8686105f0ea', 'Alpe d''Huez', 'MANUAL', '2010-03-11 09:38:47+00', 2010, 3, 11, 9140, 9414, 10511, 57864, 419, 404, 1783),
      ('1d18c10d-830d-54db-b617-0e3f4d0ffd51', 'd9052b49-6d61-59f1-a7ad-d8686105f0ea', 'Mont Ventoux', 'MANUAL', '2010-04-13 15:30:06+00', 2010, 4, 13, 13010, 13400, 14961, 86819, 1162, 1177, 2326),
      ('1f9314ab-318e-546a-bee7-29a33484dff1', 'd9052b49-6d61-59f1-a7ad-d8686105f0ea', 'Taunus Classic', 'MANUAL', '2010-04-24 11:57:30+00', 2010, 4, 24, 11574, 11921, 13310, 84925, 961, 936, 2213),
      ('5628f7bb-5d00-5acb-838e-9290995cd274', 'd9052b49-6d61-59f1-a7ad-d8686105f0ea', 'Taunus Classic', 'MANUAL', '2010-05-19 16:21:27+00', 2010, 5, 19, 4480, 4614, 5152, 27174, 327, 310, 810),
      ('296144a2-3f02-5beb-aeef-d983b288adea', 'd9052b49-6d61-59f1-a7ad-d8686105f0ea', 'Passo Giau', 'MANUAL', '2010-08-02 14:00:54+00', 2010, 8, 2, 4406, 4538, 5066, 27847, 348, 329, 823),
      ('d5cd538b-e030-5d68-a95a-bfb4fbe677a3', 'd9052b49-6d61-59f1-a7ad-d8686105f0ea', 'Col du Tourmalet', 'MANUAL', '2010-08-19 08:55:46+00', 2010, 8, 19, 11645, 11994, 13391, 87348, 1384, 1376, 2181),
      ('c462fbb9-2db7-52b6-855b-6b82fa9a5184', 'd9052b49-6d61-59f1-a7ad-d8686105f0ea', 'Harz Brocken Round', 'MANUAL', '2010-10-18 16:02:05+00', 2010, 10, 18, 11063, 11394, 12722, 75604, 490, 460, 2211),
      ('e29c74f9-b001-54a9-b50c-5ed3e7e38d70', 'd9052b49-6d61-59f1-a7ad-d8686105f0ea', 'Passo dello Stelvio', 'MANUAL', '2010-11-02 13:59:45+00', 2010, 11, 2, 13203, 13599, 15183, 94816, 927, 917, 2103),
      ('66e6d39b-c0a5-5859-b125-155f5f04989d', 'd9052b49-6d61-59f1-a7ad-d8686105f0ea', 'Harz Brocken Round', 'MANUAL', '2010-11-08 16:10:00+00', 2010, 11, 8, 8181, 8426, 9408, 56408, 336, 309, 1300),
      ('5e159fc4-5e30-5745-9d09-92d4c8e1b6d5', 'd9052b49-6d61-59f1-a7ad-d8686105f0ea', 'Col du Galibier', 'MANUAL', '2010-11-25 09:39:40+00', 2010, 11, 25, 5994, 6173, 6893, 36679, 381, 362, 915),
      ('84377246-9faf-5703-b300-55be84062701', 'd9052b49-6d61-59f1-a7ad-d8686105f0ea', 'Alpe d''Huez', 'MANUAL', '2010-12-07 14:59:40+00', 2010, 12, 7, 5087, 5239, 5850, 30831, 374, 375, 979),
      ('883e4f52-d258-5103-af6a-c1eece79473a', 'd9052b49-6d61-59f1-a7ad-d8686105f0ea', 'Mont Ventoux', 'MANUAL', '2010-12-08 13:23:27+00', 2010, 12, 8, 7616, 7844, 8758, 49978, 246, 245, 1427),
      ('8cdb5ba3-6deb-58a9-bafe-496ea9706347', 'd9052b49-6d61-59f1-a7ad-d8686105f0ea', 'Elbe Valley Spin', 'MANUAL', '2010-12-09 11:18:53+00', 2010, 12, 9, 4570, 4707, 5255, 31760, 246, 227, 794),
      ('e8a9bed0-70c5-5f3c-aa4e-363fa6c3c0b0', 'd9052b49-6d61-59f1-a7ad-d8686105f0ea', 'Passo Giau', 'MANUAL', '2010-12-13 16:30:14+00', 2010, 12, 13, 7448, 7671, 8565, 45808, 492, 461, 1217),
      ('73ba1c7c-e7a9-5e42-afa9-a90319ad0fee', 'd9052b49-6d61-59f1-a7ad-d8686105f0ea', 'Col du Galibier', 'MANUAL', '2011-01-12 15:23:35+00', 2011, 1, 12, 9684, 9974, 11136, 76893, 582, 593, 1630),
      ('de22d10d-b67e-55cb-ace5-13f9de38f9e8', 'd9052b49-6d61-59f1-a7ad-d8686105f0ea', 'Col du Tourmalet', 'MANUAL', '2011-01-27 13:32:11+00', 2011, 1, 27, 5408, 5570, 6219, 36310, 242, 234, 1124),
      ('fc6aea02-1b26-54d2-870b-a7c58ef0551d', 'd9052b49-6d61-59f1-a7ad-d8686105f0ea', 'Mallorca Orient Valley', 'MANUAL', '2011-02-21 09:37:16+00', 2011, 2, 21, 14879, 15325, 17110, 92254, 602, 561, 2979),
      ('7e3ac2cb-e5c6-5df6-878a-e7bd28835c5e', 'd9052b49-6d61-59f1-a7ad-d8686105f0ea', 'Harz Brocken Round', 'MANUAL', '2011-02-22 12:58:00+00', 2011, 2, 22, 9110, 9383, 10476, 72075, 1046, 977, 1874),
      ('36fbdb88-0bc4-5812-821f-5e1ba4c2b68d', 'd9052b49-6d61-59f1-a7ad-d8686105f0ea', 'Col du Galibier', 'MANUAL', '2011-03-17 14:49:24+00', 2011, 3, 17, 13149, 13543, 15121, 93960, 1441, 1417, 2006),
      ('25c967a1-f9cb-5b6e-b6b7-93a8b754b55e', 'd9052b49-6d61-59f1-a7ad-d8686105f0ea', 'Elbe Valley Spin', 'MANUAL', '2011-03-22 14:49:40+00', 2011, 3, 22, 11881, 12237, 13663, 87562, 1087, 1060, 1976),
      ('4da85906-d12f-52ca-b060-8b0488356cc2', 'd9052b49-6d61-59f1-a7ad-d8686105f0ea', 'Lago di Garda Loop', 'MANUAL', '2011-04-02 14:51:39+00', 2011, 4, 2, 6126, 6309, 7044, 46621, 665, 618, 1109),
      ('c2f2a315-a4d9-5653-8c59-e061af67d6ca', 'd9052b49-6d61-59f1-a7ad-d8686105f0ea', 'Passo Giau', 'MANUAL', '2011-04-06 12:59:58+00', 2011, 4, 6, 14214, 14640, 16346, 92636, 1114, 1123, 2478),
      ('d9fbf3e2-8774-544f-9b8b-3156bb0d26a5', 'd9052b49-6d61-59f1-a7ad-d8686105f0ea', 'Alpe d''Huez', 'MANUAL', '2011-05-08 14:32:56+00', 2011, 5, 8, 4603, 4741, 5293, 28278, 328, 313, 961),
      ('9ad43f59-85fd-5329-8c17-35ca29d7b16c', 'd9052b49-6d61-59f1-a7ad-d8686105f0ea', 'Mallorca Orient Valley', 'MANUAL', '2011-05-19 12:06:26+00', 2011, 5, 19, 4605, 4743, 5295, 35761, 537, 544, 740),
      ('a13c187d-e8f3-55fb-a2c3-1296c70a2de6', 'd9052b49-6d61-59f1-a7ad-d8686105f0ea', 'Kaiserstuhl Loop', 'MANUAL', '2011-06-16 12:10:38+00', 2011, 6, 16, 9780, 10073, 11247, 58787, 252, 248, 2046),
      ('b7b6b348-a28e-5352-8056-565176352743', 'd9052b49-6d61-59f1-a7ad-d8686105f0ea', 'Col du Tourmalet', 'MANUAL', '2011-06-18 11:06:32+00', 2011, 6, 18, 6989, 7198, 8037, 41296, 588, 542, 1390),
      ('4fb6ddbc-6d38-5b4b-9cdc-be1ecaaafe4d', 'd9052b49-6d61-59f1-a7ad-d8686105f0ea', 'Mont Ventoux', 'MANUAL', '2011-06-23 12:18:58+00', 2011, 6, 23, 5639, 5808, 6484, 43387, 305, 283, 972),
      ('70d2c439-3fb1-55a9-a8bd-36cfe1527380', 'd9052b49-6d61-59f1-a7ad-d8686105f0ea', 'Tegernsee Loop', 'MANUAL', '2011-06-27 14:17:33+00', 2011, 6, 27, 8318, 8567, 9565, 54093, 796, 746, 1546),
      ('e5f21671-f070-5225-abac-2428c5dbafae', 'd9052b49-6d61-59f1-a7ad-d8686105f0ea', 'Alpe d''Huez', 'MANUAL', '2011-07-22 09:45:56+00', 2011, 7, 22, 5546, 5712, 6377, 35755, 330, 307, 878),
      ('8332122d-37c9-5690-a684-ecc436c9a646', 'd9052b49-6d61-59f1-a7ad-d8686105f0ea', 'Col du Tourmalet', 'MANUAL', '2011-07-28 12:28:42+00', 2011, 7, 28, 7163, 7377, 8237, 49808, 292, 296, 1446),
      ('181dc4dd-0ef6-5c5d-87db-07d07567f8f0', 'd9052b49-6d61-59f1-a7ad-d8686105f0ea', 'Mont Ventoux', 'MANUAL', '2011-08-15 07:24:56+00', 2011, 8, 15, 12114, 12477, 13931, 96000, 863, 818, 2373),
      ('b9961df6-cd14-5025-95f3-7a384c31e397', 'd9052b49-6d61-59f1-a7ad-d8686105f0ea', 'Mallorca Orient Valley', 'MANUAL', '2011-08-20 08:58:55+00', 2011, 8, 20, 7295, 7513, 8389, 57387, 707, 688, 1281),
      ('8484a729-d66f-525e-8a0a-8c80c7ed359e', 'd9052b49-6d61-59f1-a7ad-d8686105f0ea', 'Schwarzwald Feldberg', 'MANUAL', '2011-09-13 16:55:18+00', 2011, 9, 13, 6502, 6697, 7477, 39257, 266, 256, 994),
      ('4d71a2b2-22a2-5be1-bdc7-8582ce72a5c2', 'd9052b49-6d61-59f1-a7ad-d8686105f0ea', 'Schwarzwald Feldberg', 'MANUAL', '2011-09-26 11:19:56+00', 2011, 9, 26, 8666, 8925, 9965, 56972, 522, 497, 1674),
      ('c9707f03-a4c6-54e1-9382-b2f0bbe0aa18', '70556a9d-bf01-42eb-b882-b5938fff7023', 'Sella Ronda', 'MANUAL', '2010-02-11 11:15:50+00', 2010, 2, 11, 19414, 19996, 22326, 134185, 1777, 1808, 3440),
      ('490d32b4-cc2b-557b-964e-1b378e22ddae', '70556a9d-bf01-42eb-b882-b5938fff7023', 'Passo dello Stelvio', 'MANUAL', '2010-02-16 15:06:12+00', 2010, 2, 16, 17456, 17979, 20074, 120327, 1478, 1510, 3545),
      ('6e74f63f-7b83-5327-bbaa-b36911e7f25d', '70556a9d-bf01-42eb-b882-b5938fff7023', 'Monte Zoncolan', 'MANUAL', '2010-02-25 14:22:02+00', 2010, 2, 25, 10854, 11179, 12482, 70909, 1019, 983, 2174),
      ('0322c79c-0c9f-5533-b9f1-32dfe4c614d1', '70556a9d-bf01-42eb-b882-b5938fff7023', 'Timmelsjoch', 'MANUAL', '2010-03-02 15:25:04+00', 2010, 3, 2, 14479, 14913, 16650, 124412, 1739, 1686, 2621),
      ('5c287356-8aaf-54ce-851c-528c9c20dc59', '70556a9d-bf01-42eb-b882-b5938fff7023', 'Mont Ventoux', 'MANUAL', '2010-04-09 16:07:38+00', 2010, 4, 9, 6456, 6649, 7424, 42986, 529, 508, 1270),
      ('b3e20f49-d00a-504e-ad44-9a244a3eb0d7', '70556a9d-bf01-42eb-b882-b5938fff7023', 'Mallorca Orient Valley', 'MANUAL', '2010-04-20 07:44:37+00', 2010, 4, 20, 18001, 18541, 20701, 148603, 3604, 3670, 3518),
      ('33207c56-0f57-5c5b-aa55-0c6f274717f7', '70556a9d-bf01-42eb-b882-b5938fff7023', 'Kaiserstuhl Loop', 'MANUAL', '2010-05-23 15:52:17+00', 2010, 5, 23, 18402, 18954, 21162, 153726, 1265, 1178, 3593),
      ('51bd1558-a4b5-5050-9d27-f873c63ee6ca', '70556a9d-bf01-42eb-b882-b5938fff7023', 'Harz Brocken Round', 'MANUAL', '2010-05-24 07:27:36+00', 2010, 5, 24, 14475, 14909, 16646, 112392, 976, 936, 2485),
      ('cfb90ee6-7cf3-5079-a5e2-3dd66b64ec4c', '70556a9d-bf01-42eb-b882-b5938fff7023', 'Passo Gavia', 'MANUAL', '2010-06-17 07:19:27+00', 2010, 6, 17, 12758, 13140, 14671, 98410, 613, 573, 2721),
      ('7c88c376-387c-549d-943f-743a2baed245', '70556a9d-bf01-42eb-b882-b5938fff7023', 'Mont Ventoux', 'MANUAL', '2010-06-18 12:43:31+00', 2010, 6, 18, 4633, 4771, 5327, 39821, 912, 875, 874),
      ('419312df-2bcf-5412-87fb-684db6d08ae6', '70556a9d-bf01-42eb-b882-b5938fff7023', 'Mont Ventoux', 'MANUAL', '2010-08-08 15:13:17+00', 2010, 8, 8, 18102, 18645, 20817, 143093, 2054, 2045, 3202),
      ('5d55a96c-6822-577f-b7e4-c3aba346863d', '70556a9d-bf01-42eb-b882-b5938fff7023', 'Sella Ronda', 'MANUAL', '2010-08-20 11:33:04+00', 2010, 8, 20, 4413, 4545, 5074, 34640, 566, 564, 904),
      ('0a236afd-43bf-5ad5-ad38-e5f9957a5f1c', '70556a9d-bf01-42eb-b882-b5938fff7023', 'Lago di Garda Loop', 'MANUAL', '2010-09-08 07:54:53+00', 2010, 9, 8, 15206, 15662, 17486, 119506, 1420, 1317, 3206),
      ('6880da4c-8e97-55e8-98dc-709a92e264bb', '70556a9d-bf01-42eb-b882-b5938fff7023', 'Passo Gavia', 'MANUAL', '2010-10-03 10:52:12+00', 2010, 10, 3, 22207, 22873, 25538, 151039, 1861, 1836, 4223),
      ('96b3f729-1b3a-5586-a669-d898c5487150', '70556a9d-bf01-42eb-b882-b5938fff7023', 'Col du Tourmalet', 'MANUAL', '2010-10-12 10:31:07+00', 2010, 10, 12, 10748, 11070, 12360, 74583, 780, 763, 2621),
      ('14c1b0dd-09fe-53e9-9b73-725ef5863766', '70556a9d-bf01-42eb-b882-b5938fff7023', 'Tegernsee Loop', 'MANUAL', '2010-11-05 11:21:44+00', 2010, 11, 5, 8180, 8425, 9407, 58996, 366, 372, 1459),
      ('a5fea209-7be8-54e6-8bee-f64830629d95', '70556a9d-bf01-42eb-b882-b5938fff7023', 'Sella Ronda', 'MANUAL', '2010-11-18 08:22:23+00', 2010, 11, 18, 6873, 7079, 7903, 54312, 896, 894, 1555),
      ('65a81ea0-d9e0-590d-9d2e-1f4a6b40099a', '70556a9d-bf01-42eb-b882-b5938fff7023', 'Col du Galibier', 'MANUAL', '2010-11-25 14:12:25+00', 2010, 11, 25, 12946, 13334, 14887, 110535, 1698, 1579, 2806),
      ('ad87b7c2-c709-54d6-b074-b36c085c959c', '70556a9d-bf01-42eb-b882-b5938fff7023', 'Elbe Valley Spin', 'MANUAL', '2011-01-02 08:39:46+00', 2011, 1, 2, 18060, 18601, 20769, 133060, 2940, 2834, 4023),
      ('ead9cece-026a-527a-ac08-48abeebbc8e6', '70556a9d-bf01-42eb-b882-b5938fff7023', 'Kaiserstuhl Loop', 'MANUAL', '2011-01-27 15:27:21+00', 2011, 1, 27, 12426, 12798, 14289, 90275, 1444, 1370, 2166),
      ('f7059327-f76b-5de7-a1fc-df8134d7c7aa', '70556a9d-bf01-42eb-b882-b5938fff7023', 'Alpe d''Huez', 'MANUAL', '2011-02-06 16:50:13+00', 2011, 2, 6, 16659, 17158, 19157, 131279, 2270, 2124, 3500),
      ('aee140d2-3432-5595-a6fd-2c2bc48dd136', '70556a9d-bf01-42eb-b882-b5938fff7023', 'Col du Tourmalet', 'MANUAL', '2011-03-04 12:41:04+00', 2011, 3, 4, 8410, 8662, 9671, 71449, 492, 470, 1465),
      ('2e9f3f76-c686-56ee-9f6f-d29f10111674', '70556a9d-bf01-42eb-b882-b5938fff7023', 'Timmelsjoch', 'MANUAL', '2011-03-18 11:49:14+00', 2011, 3, 18, 9043, 9314, 10399, 70114, 942, 895, 2177),
      ('44b552cf-e572-5d16-aaaf-9ca7f3ea25af', '70556a9d-bf01-42eb-b882-b5938fff7023', 'Sella Ronda', 'MANUAL', '2011-03-20 15:16:11+00', 2011, 3, 20, 18064, 18605, 20773, 124683, 1573, 1498, 3481),
      ('4d2aabe0-9d05-57cc-961a-9757c757fb49', '70556a9d-bf01-42eb-b882-b5938fff7023', 'Ballon d''Alsace', 'MANUAL', '2011-04-04 14:35:02+00', 2011, 4, 4, 16675, 17175, 19176, 108239, 1320, 1255, 3611),
      ('4881292d-33db-5ded-be39-bb451f935a55', '70556a9d-bf01-42eb-b882-b5938fff7023', 'Timmelsjoch', 'MANUAL', '2011-04-19 16:01:38+00', 2011, 4, 19, 4109, 4232, 4725, 31516, 683, 645, 957),
      ('1d6f8de8-4181-552b-bc33-38e2901dd4c2', '70556a9d-bf01-42eb-b882-b5938fff7023', 'Transfagarasan', 'MANUAL', '2011-04-22 12:44:02+00', 2011, 4, 22, 7294, 7512, 8388, 52202, 965, 978, 1493),
      ('eac9b7f6-e177-57a8-82bf-dc16c5a30128', '70556a9d-bf01-42eb-b882-b5938fff7023', 'Mallorca Orient Valley', 'MANUAL', '2011-04-28 12:43:01+00', 2011, 4, 28, 6162, 6346, 7086, 44776, 674, 652, 1106),
      ('4e200eac-90b2-56b5-ae33-44bdd6c313c3', '70556a9d-bf01-42eb-b882-b5938fff7023', 'Sella Ronda', 'MANUAL', '2011-05-13 11:13:28+00', 2011, 5, 13, 6002, 6182, 6902, 43687, 734, 703, 1185),
      ('a37c7e0e-96bc-55ff-9c1f-5357af30eb68', '70556a9d-bf01-42eb-b882-b5938fff7023', 'Harz Brocken Round', 'MANUAL', '2011-06-08 12:46:14+00', 2011, 6, 8, 11432, 11774, 13146, 86154, 1591, 1509, 2563),
      ('9e9c004e-f472-5354-b1ab-45fb7b04bde2', '70556a9d-bf01-42eb-b882-b5938fff7023', 'Kaiserstuhl Loop', 'MANUAL', '2011-07-08 11:42:43+00', 2011, 7, 8, 5264, 5421, 6053, 36401, 599, 563, 1033),
      ('c3b7d495-32b5-5f8f-9a26-71bfaf517a97', '70556a9d-bf01-42eb-b882-b5938fff7023', 'Tegernsee Loop', 'MANUAL', '2011-07-10 13:45:07+00', 2011, 7, 10, 21481, 22125, 24703, 154170, 3593, 3487, 4557),
      ('937b82c4-9f70-5007-bacb-e2702a0a08b4', '70556a9d-bf01-42eb-b882-b5938fff7023', 'Mallorca Orient Valley', 'MANUAL', '2011-07-19 08:31:01+00', 2011, 7, 19, 22454, 23127, 25822, 155880, 899, 843, 4740),
      ('37c6a78f-370a-5fff-913b-fa72e6d43a93', '70556a9d-bf01-42eb-b882-b5938fff7023', 'Alpe d''Huez', 'MANUAL', '2011-07-21 10:46:38+00', 2011, 7, 21, 13100, 13493, 15064, 93044, 1978, 1955, 3097),
      ('a661cd6f-96e6-57c2-94ae-a49de9fcc843', '70556a9d-bf01-42eb-b882-b5938fff7023', 'Kitzbuheler Horn', 'MANUAL', '2011-08-08 09:36:50+00', 2011, 8, 8, 15024, 15474, 17277, 111879, 2411, 2219, 2746),
      ('196d451d-4210-5484-a7df-64ec617ecc8f', '70556a9d-bf01-42eb-b882-b5938fff7023', 'Monte Zoncolan', 'MANUAL', '2011-11-23 09:44:42+00', 2011, 11, 23, 17511, 18036, 20137, 140791, 2836, 2771, 3808),
      ('43bfb826-8147-5392-8322-ab793c00ccab', '70556a9d-bf01-42eb-b882-b5938fff7023', 'Elbe Valley Spin', 'MANUAL', '2011-11-28 07:48:36+00', 2011, 11, 28, 7235, 7452, 8320, 49430, 1007, 991, 1560),
      ('e638412d-81d5-5a71-a2ee-30516e8861d8', '70556a9d-bf01-42eb-b882-b5938fff7023', 'Col du Tourmalet', 'MANUAL', '2011-12-28 08:24:16+00', 2011, 12, 28, 14679, 15119, 16880, 111786, 1610, 1644, 3033),
      ('ae83c10d-370b-5776-93d5-10f715fbd30a', '70556a9d-bf01-42eb-b882-b5938fff7023', 'Chiemgau Rounds', 'MANUAL', '2012-01-18 08:49:14+00', 2012, 1, 18, 14363, 14793, 16517, 116878, 2061, 1981, 2487),
      ('6966cb9f-721f-52fe-9fd9-eac236dffbc5', '70556a9d-bf01-42eb-b882-b5938fff7023', 'Lago di Garda Loop', 'MANUAL', '2012-02-08 11:24:09+00', 2012, 2, 8, 4480, 4614, 5152, 31864, 358, 338, 792),
      ('0f478a45-bc60-5af2-a0a7-67260d145f53', '70556a9d-bf01-42eb-b882-b5938fff7023', 'Chiemgau Rounds', 'MANUAL', '2012-02-11 13:22:31+00', 2012, 2, 11, 4721, 4862, 5429, 33466, 234, 237, 971),
      ('9bd86683-7acd-572e-8296-8b49cf759208', '70556a9d-bf01-42eb-b882-b5938fff7023', 'Kaiserstuhl Loop', 'MANUAL', '2012-03-02 08:16:16+00', 2012, 3, 2, 16802, 17306, 19322, 130499, 1976, 1853, 4020),
      ('9633fb0a-80c2-5030-a2f7-43cd3cfc9056', '70556a9d-bf01-42eb-b882-b5938fff7023', 'Kaiserstuhl Loop', 'MANUAL', '2012-03-15 11:40:58+00', 2012, 3, 15, 13626, 14034, 15669, 113237, 1477, 1373, 2939),
      ('bd911ecd-5f8c-5d8d-9cb8-b1464b74d957', '70556a9d-bf01-42eb-b882-b5938fff7023', 'Danube Valley Stage', 'MANUAL', '2012-04-13 09:38:52+00', 2012, 4, 13, 7700, 7931, 8855, 64467, 559, 520, 1458),
      ('2ae75db4-87c5-5835-8afa-9c9dedb8a026', '70556a9d-bf01-42eb-b882-b5938fff7023', 'Bodensee Circuit', 'MANUAL', '2012-04-18 15:01:26+00', 2012, 4, 18, 7600, 7828, 8740, 64137, 1251, 1282, 1593),
      ('f8152f94-62ae-5a49-8d92-c2370bd491cd', '70556a9d-bf01-42eb-b882-b5938fff7023', 'Harz Brocken Round', 'MANUAL', '2012-05-20 08:24:33+00', 2012, 5, 20, 14213, 14639, 16344, 109816, 2159, 1996, 2758),
      ('fb549e38-768f-500b-a5c6-57190f550928', '70556a9d-bf01-42eb-b882-b5938fff7023', 'Passo Giau', 'MANUAL', '2012-06-16 13:22:02+00', 2012, 6, 16, 8373, 8624, 9628, 71989, 916, 926, 1813),
      ('2755e581-f4e5-5aab-a0e0-aa98296e6273', '70556a9d-bf01-42eb-b882-b5938fff7023', 'Monte Zoncolan', 'MANUAL', '2012-07-08 11:43:40+00', 2012, 7, 8, 20842, 21467, 23968, 143130, 857, 873, 3905),
      ('371a70db-56f3-5e0a-a006-61e086329da0', '70556a9d-bf01-42eb-b882-b5938fff7023', 'Col du Tourmalet', 'MANUAL', '2012-07-17 09:24:14+00', 2012, 7, 17, 7009, 7219, 8060, 60025, 1155, 1146, 1562),
      ('734e9eb9-d964-51c3-bf6c-5c844649b73c', '70556a9d-bf01-42eb-b882-b5938fff7023', 'Sella Ronda', 'MANUAL', '2012-08-06 16:37:33+00', 2012, 8, 6, 14219, 14645, 16351, 97634, 2352, 2336, 2633),
      ('d1b2b23e-1df3-5257-b7de-be2da74f39d1', '70556a9d-bf01-42eb-b882-b5938fff7023', 'Mallorca Orient Valley', 'MANUAL', '2012-08-26 11:22:09+00', 2012, 8, 26, 14652, 15091, 16849, 111700, 1257, 1189, 2984),
      ('5cb62013-7f6a-517b-83ac-31c0b693184a', '70556a9d-bf01-42eb-b882-b5938fff7023', 'Passo Gavia', 'MANUAL', '2012-08-27 14:45:48+00', 2012, 8, 27, 4494, 4628, 5168, 38575, 549, 514, 898),
      ('babd2ed3-ed94-5242-b5e0-854cd41e3228', '70556a9d-bf01-42eb-b882-b5938fff7023', 'Passo del Mortirolo', 'MANUAL', '2012-09-17 07:28:40+00', 2012, 9, 17, 15656, 16125, 18004, 117352, 2224, 2109, 2935),
      ('c601f43d-53db-5fb4-ad52-a0d3f8ebab62', '70556a9d-bf01-42eb-b882-b5938fff7023', 'Kaiserstuhl Loop', 'MANUAL', '2012-09-23 12:31:02+00', 2012, 9, 23, 15547, 16013, 17879, 115281, 2718, 2530, 3242),
      ('47faa5ca-93ae-5f1e-af57-5399f5c18fba', '70556a9d-bf01-42eb-b882-b5938fff7023', 'Sa Calobra', 'MANUAL', '2012-10-19 10:25:50+00', 2012, 10, 19, 3675, 3785, 4226, 30770, 416, 400, 776),
      ('e023e6db-5f72-560e-910c-66256b57cc02', '70556a9d-bf01-42eb-b882-b5938fff7023', 'Monte Zoncolan', 'MANUAL', '2012-10-23 09:54:36+00', 2012, 10, 23, 23260, 23957, 26748, 156163, 2619, 2446, 5130),
      ('b282ac32-eecb-5531-8764-b54d88ad40dd', '70556a9d-bf01-42eb-b882-b5938fff7023', 'Grossglockner Hochalpenstrasse', 'MANUAL', '2012-11-24 08:43:56+00', 2012, 11, 24, 16517, 17012, 18994, 120143, 1408, 1326, 3679),
      ('364b3d82-0f47-595e-b3f0-964e8a30b4e2', '70556a9d-bf01-42eb-b882-b5938fff7023', 'Passo Gavia', 'MANUAL', '2012-12-27 08:38:47+00', 2012, 12, 27, 5092, 5244, 5855, 34624, 532, 498, 1125),
      ('4564b249-66a0-5475-a899-fdb96a0debd8', '70556a9d-bf01-42eb-b882-b5938fff7023', 'Bodensee Circuit', 'MANUAL', '2013-01-07 16:29:15+00', 2013, 1, 7, 6236, 6423, 7171, 45677, 440, 409, 1315),
      ('0f45b998-c817-5696-a95b-254e94a0ccb1', '70556a9d-bf01-42eb-b882-b5938fff7023', 'Chiemgau Rounds', 'MANUAL', '2013-01-10 10:03:51+00', 2013, 1, 10, 20545, 21161, 23626, 151355, 1674, 1629, 4021),
      ('6140c349-4e17-5d80-a9f4-34d95f8793bf', '70556a9d-bf01-42eb-b882-b5938fff7023', 'Tegernsee Loop', 'MANUAL', '2013-01-19 08:37:04+00', 2013, 1, 19, 18441, 18994, 21207, 154408, 999, 974, 4192),
      ('2a997fc2-95eb-589c-9f3a-0973aa78608f', '70556a9d-bf01-42eb-b882-b5938fff7023', 'Lago di Garda Loop', 'MANUAL', '2013-01-20 16:42:29+00', 2013, 1, 20, 11469, 11813, 13189, 94720, 1721, 1717, 2486),
      ('6e8be1ba-8fa4-5368-98b3-8b9774811455', '70556a9d-bf01-42eb-b882-b5938fff7023', 'Alpe d''Huez', 'MANUAL', '2013-02-26 11:27:29+00', 2013, 2, 26, 10119, 10422, 11636, 68326, 1497, 1384, 2241),
      ('b33888ef-17ad-5888-a8c2-dfd3bccf7af6', '70556a9d-bf01-42eb-b882-b5938fff7023', 'Alpe d''Huez', 'MANUAL', '2013-03-08 12:30:22+00', 2013, 3, 8, 8939, 9207, 10279, 61793, 1201, 1143, 2012),
      ('ba6fd327-72f4-5daa-b261-e49721acb923', '70556a9d-bf01-42eb-b882-b5938fff7023', 'Schwarzwald Feldberg', 'MANUAL', '2013-03-20 10:16:43+00', 2013, 3, 20, 15002, 15452, 17252, 122142, 775, 713, 3394),
      ('7e802ac8-e71f-5659-8c54-2fa3f5f1129a', '70556a9d-bf01-42eb-b882-b5938fff7023', 'Col du Galibier', 'MANUAL', '2013-04-12 15:18:13+00', 2013, 4, 12, 12612, 12990, 14503, 82346, 1131, 1066, 2606),
      ('63d273ad-c0c3-56cf-adf0-c2dc4fb7e093', '70556a9d-bf01-42eb-b882-b5938fff7023', 'Transfagarasan', 'MANUAL', '2013-05-27 12:07:42+00', 2013, 5, 27, 15969, 16448, 18364, 109276, 618, 589, 3393),
      ('dbc5d717-f3df-5f0d-b3a4-cbec10d47458', '70556a9d-bf01-42eb-b882-b5938fff7023', 'Col du Galibier', 'MANUAL', '2013-06-12 10:02:25+00', 2013, 6, 12, 4086, 4208, 4698, 35038, 184, 175, 908),
      ('4e461935-2ac6-5c53-906f-3c0d9d60ca83', '70556a9d-bf01-42eb-b882-b5938fff7023', 'Danube Valley Stage', 'MANUAL', '2013-06-16 09:15:04+00', 2013, 6, 16, 23200, 23896, 26679, 149252, 1787, 1835, 4006),
      ('f027942b-aaf8-5910-bd61-dc0803e2a7ff', '70556a9d-bf01-42eb-b882-b5938fff7023', 'Alpe d''Huez', 'MANUAL', '2013-07-16 15:20:18+00', 2013, 7, 16, 19590, 20177, 22528, 132124, 2700, 2703, 4354),
      ('c7268ed3-da85-5c0e-b71b-fb66f86cf2d1', '70556a9d-bf01-42eb-b882-b5938fff7023', 'Danube Valley Stage', 'MANUAL', '2013-07-22 16:19:10+00', 2013, 7, 22, 16897, 17403, 19431, 132913, 2606, 2681, 3888),
      ('68e3f4ea-412e-545b-8bd8-32db1ad593b4', '70556a9d-bf01-42eb-b882-b5938fff7023', 'Chiemgau Rounds', 'MANUAL', '2013-07-25 10:57:31+00', 2013, 7, 25, 11317, 11656, 13014, 81675, 1523, 1485, 2570),
      ('20665033-fdda-5bec-aab4-c49266838d76', '70556a9d-bf01-42eb-b882-b5938fff7023', 'Passo Gavia', 'MANUAL', '2013-10-09 12:50:07+00', 2013, 10, 9, 22555, 23231, 25938, 153191, 1230, 1186, 4966),
      ('4b543806-7a2f-5e93-b52f-6f8281f3bf56', '70556a9d-bf01-42eb-b882-b5938fff7023', 'Sa Calobra', 'MANUAL', '2013-11-04 13:41:42+00', 2013, 11, 4, 21733, 22384, 24992, 142224, 1707, 1574, 4688),
      ('e38eecd5-32d9-5a2d-8fe1-f7a5abbb6246', '70556a9d-bf01-42eb-b882-b5938fff7023', 'Schwarzwald Feldberg', 'MANUAL', '2013-11-06 13:23:39+00', 2013, 11, 6, 12061, 12422, 13870, 98451, 496, 497, 2711),
      ('595fc26a-492c-5923-aeed-3d4f94e3c219', '70556a9d-bf01-42eb-b882-b5938fff7023', 'Timmelsjoch', 'MANUAL', '2013-11-22 13:40:55+00', 2013, 11, 22, 8572, 8829, 9857, 73099, 1192, 1193, 1573),
      ('5574ace1-7b9b-50c4-95e1-7fe55217dcfb', '70556a9d-bf01-42eb-b882-b5938fff7023', 'Mallorca Orient Valley', 'MANUAL', '2013-12-23 08:18:31+00', 2013, 12, 23, 10749, 11071, 12361, 68962, 1719, 1582, 2546),
      ('57a11a13-fc40-5235-b15f-7dccdc79ff6a', '70556a9d-bf01-42eb-b882-b5938fff7023', 'Schwarzwald Feldberg', 'MANUAL', '2013-12-26 13:48:53+00', 2013, 12, 26, 14975, 15424, 17221, 96099, 2177, 2220, 3703),
      ('e841eb27-d79d-5a20-9979-a4721ba102ae', '70556a9d-bf01-42eb-b882-b5938fff7023', 'Monte Zoncolan', 'MANUAL', '2014-01-06 14:16:49+00', 2014, 1, 6, 4403, 4535, 5063, 32863, 418, 416, 880),
      ('408a6f13-2dd5-5a69-8c3f-9d3bf33b93a0', '70556a9d-bf01-42eb-b882-b5938fff7023', 'Bodensee Circuit', 'MANUAL', '2014-02-18 15:29:59+00', 2014, 2, 18, 13208, 13604, 15189, 86773, 2102, 1952, 3180),
      ('fb303a45-a208-5723-9699-2fdfb9eccbf1', '70556a9d-bf01-42eb-b882-b5938fff7023', 'Kaiserstuhl Loop', 'MANUAL', '2014-03-06 11:16:41+00', 2014, 3, 6, 8784, 9047, 10101, 74533, 1205, 1141, 2120),
      ('a32ba14a-d060-58e5-8015-dc7578d1324f', '70556a9d-bf01-42eb-b882-b5938fff7023', 'Transfagarasan', 'MANUAL', '2014-03-25 15:41:57+00', 2014, 3, 25, 7094, 7306, 8158, 50143, 903, 871, 1548),
      ('ebb0d484-26f5-5308-bc7b-89736345acf3', '70556a9d-bf01-42eb-b882-b5938fff7023', 'Tegernsee Loop', 'MANUAL', '2014-04-11 09:56:06+00', 2014, 4, 11, 9769, 10062, 11234, 81133, 617, 578, 1923),
      ('e418f68b-dddd-5a99-ae0e-988370db0bd6', '70556a9d-bf01-42eb-b882-b5938fff7023', 'Grossglockner Hochalpenstrasse', 'MANUAL', '2014-05-04 07:19:16+00', 2014, 5, 4, 11862, 12217, 13641, 94371, 1158, 1089, 2050),
      ('d6c5afb0-82f8-505e-98e2-00011a5b16c9', '70556a9d-bf01-42eb-b882-b5938fff7023', 'Danube Valley Stage', 'MANUAL', '2014-05-15 16:41:47+00', 2014, 5, 15, 8958, 9226, 10301, 73647, 505, 477, 2182),
      ('92235d7a-b5b4-575b-af71-efe1d4f76722', '70556a9d-bf01-42eb-b882-b5938fff7023', 'Elbe Valley Spin', 'MANUAL', '2014-05-25 15:23:41+00', 2014, 5, 25, 23840, 24555, 27415, 159720, 1512, 1506, 5044),
      ('fd13565f-6764-5d23-a457-3ce13fdb6773', '70556a9d-bf01-42eb-b882-b5938fff7023', 'Passo Giau', 'MANUAL', '2014-06-13 13:49:29+00', 2014, 6, 13, 13795, 14208, 15864, 105886, 1068, 1026, 2498),
      ('c6bc0e15-0753-5fef-aa13-34327787f890', '70556a9d-bf01-42eb-b882-b5938fff7023', 'Bodensee Circuit', 'MANUAL', '2014-06-17 07:27:25+00', 2014, 6, 17, 6382, 6573, 7339, 52361, 285, 279, 1159),
      ('c83c9d37-afba-5f33-b679-f1906c6b8494', '70556a9d-bf01-42eb-b882-b5938fff7023', 'Col d''Izoard', 'MANUAL', '2014-07-15 11:15:52+00', 2014, 7, 15, 9580, 9867, 11017, 74485, 1116, 1061, 2178),
      ('494f6511-0306-5058-b378-698d93ddc18c', '70556a9d-bf01-42eb-b882-b5938fff7023', 'Passo Giau', 'MANUAL', '2014-08-13 10:49:43+00', 2014, 8, 13, 7594, 7821, 8733, 62065, 546, 539, 1641),
      ('1fd541cc-23d2-5a3a-bab8-66b3e8abd50e', '70556a9d-bf01-42eb-b882-b5938fff7023', 'Chiemgau Rounds', 'MANUAL', '2014-08-16 11:45:56+00', 2014, 8, 16, 5047, 5198, 5804, 33071, 358, 361, 987),
      ('a1911e40-ed14-58d0-8959-be845b15d15c', '70556a9d-bf01-42eb-b882-b5938fff7023', 'Grossglockner Hochalpenstrasse', 'MANUAL', '2014-08-19 08:40:59+00', 2014, 8, 19, 17258, 17775, 19846, 147952, 1621, 1638, 3874),
      ('e4e9a556-8d04-5dcc-affb-3810246a715e', '70556a9d-bf01-42eb-b882-b5938fff7023', 'Col du Galibier', 'MANUAL', '2014-09-17 11:49:24+00', 2014, 9, 17, 22822, 23506, 26245, 157268, 1322, 1326, 3934),
      ('fac506ca-8f03-593d-aa20-9f3480bd6fd0', '70556a9d-bf01-42eb-b882-b5938fff7023', 'Grossglockner Hochalpenstrasse', 'MANUAL', '2014-11-01 11:00:50+00', 2014, 11, 1, 5721, 5892, 6579, 40839, 210, 213, 1353),
      ('71816f80-425c-5047-ae85-8a2833fdae2d', '70556a9d-bf01-42eb-b882-b5938fff7023', 'Sa Calobra', 'MANUAL', '2014-11-13 12:19:26+00', 2014, 11, 13, 17671, 18201, 20321, 117380, 1520, 1499, 3245),
      ('16727cc2-3f79-5efe-9578-dd282f66d5a6', '70556a9d-bf01-42eb-b882-b5938fff7023', 'Kitzbuheler Horn', 'MANUAL', '2014-11-17 08:52:08+00', 2014, 11, 17, 13633, 14041, 15677, 110826, 2185, 2153, 2345),
      ('6f6148cd-8976-5e3c-815f-02343f15d8db', '70556a9d-bf01-42eb-b882-b5938fff7023', 'Kitzbuheler Horn', 'MANUAL', '2014-12-13 11:10:03+00', 2014, 12, 13, 24616, 25354, 28308, 158644, 3249, 3249, 5807),
      ('6efbb586-8d6b-568a-bd66-b0b745cdba1d', '70556a9d-bf01-42eb-b882-b5938fff7023', 'Monte Zoncolan', 'MANUAL', '2014-12-15 16:01:22+00', 2014, 12, 15, 5334, 5494, 6134, 37642, 344, 348, 971),
      ('fc7f4608-c656-53d1-92c2-54b187d2cdf5', '70556a9d-bf01-42eb-b882-b5938fff7023', 'Passo Giau', 'MANUAL', '2015-01-04 10:00:04+00', 2015, 1, 4, 7347, 7567, 8449, 58589, 887, 860, 1745),
      ('e9a5ecb4-b53e-5ce5-80a4-db48bbb663e0', '70556a9d-bf01-42eb-b882-b5938fff7023', 'Sella Ronda', 'MANUAL', '2015-01-15 12:28:40+00', 2015, 1, 15, 22264, 22931, 25603, 159804, 3339, 3266, 5135),
      ('6f7d5722-9fc2-54a6-a2eb-c09859846078', '70556a9d-bf01-42eb-b882-b5938fff7023', 'Ballon d''Alsace', 'MANUAL', '2015-01-16 16:25:17+00', 2015, 1, 16, 11160, 11494, 12833, 75921, 1503, 1421, 2105),
      ('101362f8-b4e5-5292-bff1-9f4b52bc44cb', '70556a9d-bf01-42eb-b882-b5938fff7023', 'Timmelsjoch', 'MANUAL', '2015-01-18 16:54:38+00', 2015, 1, 18, 12186, 12551, 14013, 90223, 1161, 1143, 2302),
      ('7e141586-54c2-5eed-a7c6-4f012ef26dfa', '70556a9d-bf01-42eb-b882-b5938fff7023', 'Passo Gavia', 'MANUAL', '2015-02-25 12:59:07+00', 2015, 2, 25, 6129, 6312, 7048, 48415, 277, 264, 1103),
      ('84fe34b6-a1f7-5a22-adbb-c662e1055d78', '70556a9d-bf01-42eb-b882-b5938fff7023', 'Chiemgau Rounds', 'MANUAL', '2015-03-01 11:35:44+00', 2015, 3, 1, 6287, 6475, 7230, 52933, 920, 929, 1427),
      ('c223036c-a91c-5904-bbdf-52b885873df0', '70556a9d-bf01-42eb-b882-b5938fff7023', 'Monte Zoncolan', 'MANUAL', '2015-03-27 13:35:51+00', 2015, 3, 27, 3854, 3969, 4432, 31513, 239, 244, 727),
      ('7080c6b4-a6de-5c5f-b95b-5542d34bf693', '70556a9d-bf01-42eb-b882-b5938fff7023', 'Col du Tourmalet', 'MANUAL', '2015-04-04 15:11:01+00', 2015, 4, 4, 18174, 18719, 20900, 138650, 1076, 1005, 4489),
      ('2ce4c0fc-6a53-5bfa-acbc-375f6efa0bde', '70556a9d-bf01-42eb-b882-b5938fff7023', 'Passo Giau', 'MANUAL', '2015-04-22 10:57:56+00', 2015, 4, 22, 11497, 11841, 13221, 97791, 1210, 1226, 2103),
      ('83873cfb-1d65-5c10-8075-15ff09b6ad62', '70556a9d-bf01-42eb-b882-b5938fff7023', 'Grossglockner Hochalpenstrasse', 'MANUAL', '2015-04-28 12:46:48+00', 2015, 4, 28, 4046, 4167, 4652, 30286, 170, 168, 967),
      ('deee9af7-4366-55a2-a126-1c16ed32ad15', '70556a9d-bf01-42eb-b882-b5938fff7023', 'Mont Ventoux', 'MANUAL', '2015-05-13 09:07:35+00', 2015, 5, 13, 14501, 14936, 16676, 118704, 990, 956, 2512),
      ('22d70a57-3939-5c5a-80a7-3ceb9fc31c60', '70556a9d-bf01-42eb-b882-b5938fff7023', 'Sella Ronda', 'MANUAL', '2015-05-22 09:10:26+00', 2015, 5, 22, 20253, 20860, 23290, 150235, 3377, 3457, 4356),
      ('984b0e2f-5435-56de-844b-3fa0fe2cdbac', '70556a9d-bf01-42eb-b882-b5938fff7023', 'Ballon d''Alsace', 'MANUAL', '2015-05-26 10:55:36+00', 2015, 5, 26, 5604, 5772, 6444, 43208, 351, 326, 1116),
      ('ae5fc1e0-4ba1-52be-a450-28dfa1a87112', '70556a9d-bf01-42eb-b882-b5938fff7023', 'Schwarzwald Feldberg', 'MANUAL', '2015-06-14 12:43:49+00', 2015, 6, 14, 6749, 6951, 7761, 56406, 1156, 1093, 1388),
      ('f8be3505-65c9-574e-a61a-b1ee959c546c', '70556a9d-bf01-42eb-b882-b5938fff7023', 'Monte Zoncolan', 'MANUAL', '2015-06-20 09:42:09+00', 2015, 6, 20, 16731, 17232, 19240, 136974, 2373, 2398, 4030),
      ('ae02bf27-f979-5f89-9ec4-f88362252704', '70556a9d-bf01-42eb-b882-b5938fff7023', 'Passo del Mortirolo', 'MANUAL', '2015-08-01 15:45:50+00', 2015, 8, 1, 7064, 7275, 8123, 57280, 1178, 1112, 1222),
      ('3fc786ac-7877-5939-8f45-6c6859f9cd22', '70556a9d-bf01-42eb-b882-b5938fff7023', 'Elbe Valley Spin', 'MANUAL', '2015-09-26 09:31:14+00', 2015, 9, 26, 13987, 14406, 16085, 99617, 1275, 1180, 3235),
      ('91428a0e-38c1-5795-935d-bf2a2e042fb4', '70556a9d-bf01-42eb-b882-b5938fff7023', 'Kaiserstuhl Loop', 'MANUAL', '2015-11-01 16:00:10+00', 2015, 11, 1, 16691, 17191, 19194, 129548, 1970, 2023, 3220),
      ('cedc2843-7100-5471-869f-afcc69b61ee2', '70556a9d-bf01-42eb-b882-b5938fff7023', 'Chiemgau Rounds', 'MANUAL', '2015-11-02 16:45:02+00', 2015, 11, 2, 7205, 7421, 8285, 60999, 488, 450, 1690),
      ('1cbf0f62-0df3-5823-b6c8-25ab3b4bd326', '70556a9d-bf01-42eb-b882-b5938fff7023', 'Sa Calobra', 'MANUAL', '2015-11-06 07:22:36+00', 2015, 11, 6, 11949, 12307, 13741, 94698, 1118, 1132, 2673),
      ('e47a1d56-6d0b-5c6b-83ac-c91e36a3515e', '70556a9d-bf01-42eb-b882-b5938fff7023', 'Passo dello Stelvio', 'MANUAL', '2016-01-22 16:11:55+00', 2016, 1, 22, 13210, 13606, 15191, 111245, 1124, 1102, 2809),
      ('1f55b3dc-1c74-570d-ada0-8962ac947b08', '70556a9d-bf01-42eb-b882-b5938fff7023', 'Timmelsjoch', 'MANUAL', '2016-02-27 16:40:36+00', 2016, 2, 27, 17599, 18126, 20238, 117680, 1802, 1852, 3532),
      ('502cb230-0b6d-5669-8f72-84f23dc00af6', '70556a9d-bf01-42eb-b882-b5938fff7023', 'Mont Ventoux', 'MANUAL', '2016-03-26 10:42:01+00', 2016, 3, 26, 19053, 19624, 21910, 155199, 2329, 2353, 3992),
      ('83d4d6a9-90db-50b4-bb09-f00378f0b6e8', '70556a9d-bf01-42eb-b882-b5938fff7023', 'Col d''Izoard', 'MANUAL', '2016-03-27 08:54:23+00', 2016, 3, 27, 11867, 12223, 13647, 80257, 1147, 1155, 2543),
      ('22d850c8-0c05-5732-add2-0e9131ec5d82', '70556a9d-bf01-42eb-b882-b5938fff7023', 'Passo Gavia', 'MANUAL', '2016-04-15 13:11:49+00', 2016, 4, 15, 17151, 17665, 19723, 143490, 1404, 1324, 3333),
      ('d35b9340-4c30-5e75-826b-10437e1d1e72', '70556a9d-bf01-42eb-b882-b5938fff7023', 'Mont Ventoux', 'MANUAL', '2016-05-01 15:04:01+00', 2016, 5, 1, 18588, 19145, 21376, 124770, 1632, 1587, 3704),
      ('ad7bc82f-11c6-54ff-ad74-61c34187026f', '70556a9d-bf01-42eb-b882-b5938fff7023', 'Passo del Mortirolo', 'MANUAL', '2016-05-12 09:57:09+00', 2016, 5, 12, 7065, 7276, 8124, 54187, 568, 538, 1370),
      ('a4a45fbe-51ef-535e-b75d-fc03f8ef27ab', '70556a9d-bf01-42eb-b882-b5938fff7023', 'Passo Gavia', 'MANUAL', '2016-05-13 07:32:42+00', 2016, 5, 13, 10179, 10484, 11705, 78787, 754, 715, 2149),
      ('7a939ac8-9cbe-5a9d-a815-2997b1c5f5c0', '70556a9d-bf01-42eb-b882-b5938fff7023', 'Grossglockner Hochalpenstrasse', 'MANUAL', '2016-06-17 12:02:09+00', 2016, 6, 17, 10386, 10697, 11943, 87025, 723, 705, 2389),
      ('1cc9f9e3-9d76-5460-9a83-82e5c8cc70d5', '70556a9d-bf01-42eb-b882-b5938fff7023', 'Ballon d''Alsace', 'MANUAL', '2016-07-01 11:32:35+00', 2016, 7, 1, 18760, 19322, 21574, 142054, 2089, 1972, 4585),
      ('cbc94ea4-4546-5643-885f-f2bf75196bc4', '70556a9d-bf01-42eb-b882-b5938fff7023', 'Col d''Izoard', 'MANUAL', '2016-07-10 07:23:01+00', 2016, 7, 10, 23256, 23953, 26744, 148602, 990, 1010, 5602),
      ('40b19736-a8df-57c2-afe0-091603a582d9', '70556a9d-bf01-42eb-b882-b5938fff7023', 'Transfagarasan', 'MANUAL', '2016-07-20 09:48:49+00', 2016, 7, 20, 6946, 7154, 7987, 55223, 301, 288, 1492),
      ('be93d60a-6404-526a-9c09-90954d1a7adc', '70556a9d-bf01-42eb-b882-b5938fff7023', 'Schwarzwald Feldberg', 'MANUAL', '2016-07-27 13:07:45+00', 2016, 7, 27, 12193, 12558, 14021, 85497, 755, 757, 2288),
      ('b5a7988c-3196-5780-8247-c08307202118', '70556a9d-bf01-42eb-b882-b5938fff7023', 'Sa Calobra', 'MANUAL', '2016-09-14 09:40:01+00', 2016, 9, 14, 16000, 16480, 18400, 119864, 2156, 2076, 3071),
      ('ab777996-e5d1-55ec-963a-d71198b25220', '70556a9d-bf01-42eb-b882-b5938fff7023', 'Mallorca Orient Valley', 'MANUAL', '2016-10-03 12:06:33+00', 2016, 10, 3, 5863, 6038, 6742, 47749, 1026, 1040, 1245),
      ('fb892c6e-988a-52b0-a6cd-1e59499f4194', '70556a9d-bf01-42eb-b882-b5938fff7023', 'Transfagarasan', 'MANUAL', '2016-10-14 16:36:49+00', 2016, 10, 14, 16765, 17267, 19279, 142461, 3350, 3259, 3380),
      ('e005400b-cc8e-5442-87c2-b063e595c965', '70556a9d-bf01-42eb-b882-b5938fff7023', 'Ballon d''Alsace', 'MANUAL', '2016-10-28 11:43:55+00', 2016, 10, 28, 4476, 4610, 5147, 31958, 613, 566, 1068),
      ('2882200a-e069-55b9-a556-67a852fcf916', '70556a9d-bf01-42eb-b882-b5938fff7023', 'Kitzbuheler Horn', 'MANUAL', '2016-11-04 07:40:03+00', 2016, 11, 4, 9500, 9785, 10925, 79204, 1142, 1071, 1863),
      ('c97db1e7-a981-5395-b599-b8e00f43c667', '70556a9d-bf01-42eb-b882-b5938fff7023', 'Sa Calobra', 'MANUAL', '2016-12-14 08:53:40+00', 2016, 12, 14, 13962, 14380, 16056, 89750, 921, 879, 2402),
      ('edf732b2-3eaf-5c33-9314-25c231f69729', '70556a9d-bf01-42eb-b882-b5938fff7023', 'Col du Tourmalet', 'MANUAL', '2016-12-20 16:37:18+00', 2016, 12, 20, 14285, 14713, 16427, 119794, 2153, 2109, 3167),
      ('929e3aa0-e74e-57b4-977c-497e86ed04eb', '70556a9d-bf01-42eb-b882-b5938fff7023', 'Col d''Izoard', 'MANUAL', '2017-01-21 12:24:24+00', 2017, 1, 21, 5751, 5923, 6613, 47046, 1004, 1002, 998),
      ('c3543fa2-0f96-55e6-a639-0d894276fcd9', '70556a9d-bf01-42eb-b882-b5938fff7023', 'Bodensee Circuit', 'MANUAL', '2017-02-04 13:27:57+00', 2017, 2, 4, 9925, 10222, 11413, 74828, 1714, 1654, 2147),
      ('4408e864-e3b0-5910-ad61-f922374c15ba', '70556a9d-bf01-42eb-b882-b5938fff7023', 'Lago di Garda Loop', 'MANUAL', '2017-02-08 13:29:11+00', 2017, 2, 8, 7346, 7566, 8447, 58378, 685, 675, 1260),
      ('ba22c59f-e9b7-5249-940c-6c4af7a6e44d', '70556a9d-bf01-42eb-b882-b5938fff7023', 'Grossglockner Hochalpenstrasse', 'MANUAL', '2017-02-28 12:59:56+00', 2017, 2, 28, 9524, 9809, 10952, 79584, 1242, 1211, 2128),
      ('4cf174fe-3d3a-5cf7-bc1d-526964257aa9', '70556a9d-bf01-42eb-b882-b5938fff7023', 'Harz Brocken Round', 'MANUAL', '2017-04-25 09:19:01+00', 2017, 4, 25, 7558, 7784, 8691, 58972, 1199, 1182, 1400),
      ('5489eea6-ccaf-5953-9863-27c093ef6759', '70556a9d-bf01-42eb-b882-b5938fff7023', 'Danube Valley Stage', 'MANUAL', '2017-05-02 10:51:48+00', 2017, 5, 2, 10566, 10882, 12150, 68329, 1397, 1362, 2540),
      ('8d0e145b-345c-572e-abc8-6a3505740117', '70556a9d-bf01-42eb-b882-b5938fff7023', 'Schwarzwald Feldberg', 'MANUAL', '2017-05-03 16:40:39+00', 2017, 5, 3, 7140, 7354, 8211, 60858, 1014, 1013, 1470),
      ('2a7cf168-0787-5dda-96fd-a277ef5f41cb', '70556a9d-bf01-42eb-b882-b5938fff7023', 'Schwarzwald Feldberg', 'MANUAL', '2017-05-21 16:28:54+00', 2017, 5, 21, 7143, 7357, 8214, 48393, 891, 876, 1403),
      ('54a6ae3a-2fcf-50f4-842b-622d9658ce78', '70556a9d-bf01-42eb-b882-b5938fff7023', 'Chiemgau Rounds', 'MANUAL', '2017-06-22 07:52:56+00', 2017, 6, 22, 5191, 5346, 5969, 39054, 760, 719, 1069),
      ('f88822e8-25e0-58ed-801a-ec31f87e77fd', '70556a9d-bf01-42eb-b882-b5938fff7023', 'Passo dello Stelvio', 'MANUAL', '2017-07-27 09:33:28+00', 2017, 7, 27, 13009, 13399, 14960, 86316, 1585, 1476, 2483),
      ('6702d3d4-b48e-520d-94c9-899c62ca5750', '70556a9d-bf01-42eb-b882-b5938fff7023', 'Sa Calobra', 'MANUAL', '2017-09-17 09:09:12+00', 2017, 9, 17, 16212, 16698, 18643, 106066, 1299, 1332, 3536),
      ('e6554622-5b8d-57c7-8bed-26824f970eb3', '70556a9d-bf01-42eb-b882-b5938fff7023', 'Passo Giau', 'MANUAL', '2017-09-21 13:18:41+00', 2017, 9, 21, 16555, 17051, 19038, 118514, 916, 940, 2907),
      ('9be8f05b-f6e2-58c8-8bb2-36717fa734a2', '70556a9d-bf01-42eb-b882-b5938fff7023', 'Mallorca Orient Valley', 'MANUAL', '2017-10-01 13:32:35+00', 2017, 10, 1, 16116, 16599, 18533, 128358, 850, 849, 3019),
      ('9a6d0166-db39-5a12-a879-14302f689cd8', '70556a9d-bf01-42eb-b882-b5938fff7023', 'Mont Ventoux', 'MANUAL', '2017-10-05 07:36:10+00', 2017, 10, 5, 15758, 16230, 18121, 122049, 1882, 1751, 3298),
      ('25ed3a30-e1dd-5e17-8d94-ceb3348aea6e', '70556a9d-bf01-42eb-b882-b5938fff7023', 'Grossglockner Hochalpenstrasse', 'MANUAL', '2017-10-06 09:24:54+00', 2017, 10, 6, 9644, 9933, 11090, 67271, 1181, 1200, 1826),
      ('fbc36963-67c1-522a-9e0a-f8e2143d767a', '70556a9d-bf01-42eb-b882-b5938fff7023', 'Kaiserstuhl Loop', 'MANUAL', '2017-10-11 14:29:47+00', 2017, 10, 11, 6522, 6717, 7500, 43116, 663, 673, 1502),
      ('3c78687a-77c2-5d89-befb-7b78e67f0c21', '70556a9d-bf01-42eb-b882-b5938fff7023', 'Sella Ronda', 'MANUAL', '2017-10-16 12:30:21+00', 2017, 10, 16, 8863, 9128, 10192, 64471, 468, 465, 1558),
      ('c917a120-5923-5508-a93d-3d3f465a05ee', '70556a9d-bf01-42eb-b882-b5938fff7023', 'Kitzbuheler Horn', 'MANUAL', '2017-10-17 09:40:44+00', 2017, 10, 17, 6578, 6775, 7564, 55804, 613, 583, 1177),
      ('f106a843-a078-5abd-a78d-205ce4014bed', '70556a9d-bf01-42eb-b882-b5938fff7023', 'Mont Ventoux', 'MANUAL', '2017-12-11 10:52:21+00', 2017, 12, 11, 15260, 15717, 17549, 111241, 2076, 2084, 3754),
      ('2e461880-9d72-5979-b81a-deb6691ffb70', '70556a9d-bf01-42eb-b882-b5938fff7023', 'Kitzbuheler Horn', 'MANUAL', '2017-12-26 12:09:31+00', 2017, 12, 26, 17431, 17953, 20045, 130347, 2329, 2263, 4315),
      ('754f1590-585d-537f-84a2-ec61495998c1', '70556a9d-bf01-42eb-b882-b5938fff7023', 'Tegernsee Loop', 'MANUAL', '2018-01-18 13:39:02+00', 2018, 1, 18, 11166, 11500, 12840, 86963, 1799, 1817, 2749),
      ('7cbee861-9070-5015-aad3-b03aa3136a9d', '70556a9d-bf01-42eb-b882-b5938fff7023', 'Bodensee Circuit', 'MANUAL', '2018-02-18 11:50:18+00', 2018, 2, 18, 13812, 14226, 15883, 108235, 1824, 1811, 2931),
      ('0b47e61d-1679-5785-9a7b-769fb964ff5d', '70556a9d-bf01-42eb-b882-b5938fff7023', 'Bodensee Circuit', 'MANUAL', '2018-03-28 12:17:27+00', 2018, 3, 28, 17088, 17600, 19651, 120974, 2116, 2118, 2955),
      ('943b3913-baea-544a-a0f7-48c2d831156a', '70556a9d-bf01-42eb-b882-b5938fff7023', 'Col du Tourmalet', 'MANUAL', '2018-04-01 13:39:25+00', 2018, 4, 1, 11231, 11567, 12915, 77553, 455, 426, 1920),
      ('060820bb-84ca-5418-837f-74a5c18e03a9', '70556a9d-bf01-42eb-b882-b5938fff7023', 'Passo Giau', 'MANUAL', '2018-04-03 16:38:19+00', 2018, 4, 3, 13336, 13736, 15336, 106444, 2286, 2350, 2506),
      ('4bf10aa2-bb82-51be-a140-345712f16376', '70556a9d-bf01-42eb-b882-b5938fff7023', 'Tegernsee Loop', 'MANUAL', '2018-04-25 08:36:38+00', 2018, 4, 25, 16002, 16482, 18402, 115580, 1242, 1254, 2811),
      ('c4438853-115b-51df-8b79-b287a1758228', '70556a9d-bf01-42eb-b882-b5938fff7023', 'Sella Ronda', 'MANUAL', '2018-05-04 09:53:25+00', 2018, 5, 4, 12270, 12638, 14110, 99824, 1251, 1167, 2661),
      ('123ef6d6-8534-5a3f-a1e8-6463cbd4de62', '70556a9d-bf01-42eb-b882-b5938fff7023', 'Ballon d''Alsace', 'MANUAL', '2018-05-08 07:52:07+00', 2018, 5, 8, 15955, 16433, 18348, 101813, 2126, 2117, 2951),
      ('fb136f6c-2631-5a1a-a2cb-2489f56eb481', '70556a9d-bf01-42eb-b882-b5938fff7023', 'Col d''Izoard', 'MANUAL', '2018-05-13 10:09:46+00', 2018, 5, 13, 7181, 7396, 8258, 49473, 499, 461, 1605),
      ('89648b8b-cb1b-5ca6-aa9e-a3d459b16443', '70556a9d-bf01-42eb-b882-b5938fff7023', 'Sa Calobra', 'MANUAL', '2018-05-17 08:56:29+00', 2018, 5, 17, 10975, 11304, 12621, 81825, 642, 659, 2472),
      ('0afa6c04-a792-5d2d-95d4-eddebef7f315', '70556a9d-bf01-42eb-b882-b5938fff7023', 'Tegernsee Loop', 'MANUAL', '2018-05-19 10:36:06+00', 2018, 5, 19, 9495, 9779, 10919, 71410, 1743, 1774, 2202),
      ('762ac037-bfd8-5bc8-a680-cf662f3f544d', '70556a9d-bf01-42eb-b882-b5938fff7023', 'Bodensee Circuit', 'MANUAL', '2018-06-06 15:49:17+00', 2018, 6, 6, 8286, 8534, 9528, 56578, 1174, 1080, 1470),
      ('31dc150d-9649-564f-b694-5714cd92965e', '70556a9d-bf01-42eb-b882-b5938fff7023', 'Ballon d''Alsace', 'MANUAL', '2018-06-20 15:13:40+00', 2018, 6, 20, 13499, 13903, 15523, 89996, 909, 889, 2963),
      ('cb3a3ce0-1054-50a4-acad-9eea609db3ec', '70556a9d-bf01-42eb-b882-b5938fff7023', 'Alpe d''Huez', 'MANUAL', '2018-06-22 08:36:22+00', 2018, 6, 22, 12906, 13293, 14841, 103441, 1436, 1354, 2647),
      ('a58f6d59-377f-5ba0-866b-42018e43b198', '70556a9d-bf01-42eb-b882-b5938fff7023', 'Passo Giau', 'MANUAL', '2018-07-27 12:24:17+00', 2018, 7, 27, 21927, 22584, 25216, 154569, 1644, 1594, 4476),
      ('07054228-fd80-507a-b716-96deb35914d6', '70556a9d-bf01-42eb-b882-b5938fff7023', 'Col du Galibier', 'MANUAL', '2018-08-02 09:00:46+00', 2018, 8, 2, 4798, 4941, 5517, 33662, 363, 358, 865),
      ('03bc2172-fee5-5632-ac69-49d429d0a11f', '70556a9d-bf01-42eb-b882-b5938fff7023', 'Kaiserstuhl Loop', 'MANUAL', '2018-08-21 08:07:46+00', 2018, 8, 21, 13958, 14376, 16051, 105705, 1781, 1726, 2747),
      ('dae908e3-58b0-5647-a283-a132bbe898a8', '70556a9d-bf01-42eb-b882-b5938fff7023', 'Transfagarasan', 'MANUAL', '2018-09-25 13:11:09+00', 2018, 9, 25, 19526, 20111, 22454, 159736, 2767, 2678, 4461),
      ('88d19ba7-6ab1-5a4d-ac22-dec7a6c06c0f', '70556a9d-bf01-42eb-b882-b5938fff7023', 'Passo Gavia', 'MANUAL', '2018-10-03 16:58:50+00', 2018, 10, 3, 16742, 17244, 19253, 134539, 2793, 2811, 3054),
      ('38cff42b-2712-5006-8cef-2873d3995f50', '70556a9d-bf01-42eb-b882-b5938fff7023', 'Passo dello Stelvio', 'MANUAL', '2018-10-04 15:27:42+00', 2018, 10, 4, 14484, 14918, 16656, 121208, 747, 695, 3618),
      ('49768222-8dee-5f42-9a52-3d7adf34b6e8', '70556a9d-bf01-42eb-b882-b5938fff7023', 'Tegernsee Loop', 'MANUAL', '2019-01-06 11:02:02+00', 2019, 1, 6, 6282, 6470, 7224, 40904, 215, 207, 1280),
      ('9c50c180-27d3-5bc0-9220-3530b9ae9919', '70556a9d-bf01-42eb-b882-b5938fff7023', 'Col du Galibier', 'MANUAL', '2019-01-18 11:14:55+00', 2019, 1, 18, 6235, 6422, 7170, 42504, 439, 444, 1295),
      ('4544a235-ee9d-5842-a4bf-35d7f3984e76', '70556a9d-bf01-42eb-b882-b5938fff7023', 'Sella Ronda', 'MANUAL', '2019-02-23 10:44:34+00', 2019, 2, 23, 21646, 22295, 24892, 153830, 1665, 1605, 3855),
      ('afc7ee06-cf64-50a8-99a8-8d9a543a4bc6', '70556a9d-bf01-42eb-b882-b5938fff7023', 'Col du Galibier', 'MANUAL', '2019-03-06 11:25:24+00', 2019, 3, 6, 22551, 23227, 25933, 149906, 1294, 1299, 4626),
      ('c589280e-d169-5847-ae03-97d0b9015a1f', '70556a9d-bf01-42eb-b882-b5938fff7023', 'Alpe d''Huez', 'MANUAL', '2019-03-09 08:55:58+00', 2019, 3, 9, 11416, 11758, 13128, 77499, 1809, 1726, 2288),
      ('79bd4701-d2df-5707-832f-2364666b73eb', '70556a9d-bf01-42eb-b882-b5938fff7023', 'Col du Tourmalet', 'MANUAL', '2019-03-10 11:44:00+00', 2019, 3, 10, 18581, 19138, 21368, 154694, 2493, 2416, 4123),
      ('c9dcc44c-86f2-5248-875f-e73cf4670a76', '70556a9d-bf01-42eb-b882-b5938fff7023', 'Monte Zoncolan', 'MANUAL', '2019-05-01 14:16:39+00', 2019, 5, 1, 16547, 17043, 19029, 135785, 2264, 2236, 2819),
      ('389ec939-c919-59f4-9632-a059a8a970d4', '70556a9d-bf01-42eb-b882-b5938fff7023', 'Harz Brocken Round', 'MANUAL', '2019-05-04 13:59:39+00', 2019, 5, 4, 6807, 7011, 7828, 46802, 510, 499, 1684),
      ('f18c4a17-1666-50ff-8f83-2d6bb1e4f91b', '70556a9d-bf01-42eb-b882-b5938fff7023', 'Kitzbuheler Horn', 'MANUAL', '2019-06-27 10:48:11+00', 2019, 6, 27, 19839, 20434, 22814, 132660, 1572, 1587, 3533),
      ('ba0a810a-1e70-5070-b81f-20374a3e0a72', '70556a9d-bf01-42eb-b882-b5938fff7023', 'Passo dello Stelvio', 'MANUAL', '2019-08-02 11:55:21+00', 2019, 8, 2, 10043, 10344, 11549, 82897, 1015, 1027, 2510),
      ('0f8a16bf-aa13-5e98-a4c0-bf9934974eb9', '70556a9d-bf01-42eb-b882-b5938fff7023', 'Schwarzwald Feldberg', 'MANUAL', '2019-08-17 12:49:57+00', 2019, 8, 17, 13466, 13869, 15485, 93998, 1741, 1701, 2393),
      ('aa574c1c-925a-5758-8b38-3ba40c8574d9', '70556a9d-bf01-42eb-b882-b5938fff7023', 'Kaiserstuhl Loop', 'MANUAL', '2019-08-24 14:09:18+00', 2019, 8, 24, 22609, 23287, 26000, 146198, 1789, 1646, 5383),
      ('193c67d0-b975-526b-94b1-90d81e2dbe39', '70556a9d-bf01-42eb-b882-b5938fff7023', 'Col du Tourmalet', 'MANUAL', '2019-09-03 13:16:32+00', 2019, 9, 3, 10629, 10947, 12223, 91170, 1842, 1723, 2023),
      ('d992fa43-1141-5e19-937f-22b588e7a284', '70556a9d-bf01-42eb-b882-b5938fff7023', 'Passo dello Stelvio', 'MANUAL', '2019-09-05 11:07:44+00', 2019, 9, 5, 12816, 13200, 14738, 100332, 1526, 1560, 2191),
      ('2281ab77-fe2b-527c-9874-c9d16ec57c0b', '70556a9d-bf01-42eb-b882-b5938fff7023', 'Harz Brocken Round', 'MANUAL', '2019-09-28 11:41:43+00', 2019, 9, 28, 16442, 16935, 18908, 126313, 2171, 2072, 3108),
      ('6af9efff-3593-5770-a6d7-b1f20fada54c', '70556a9d-bf01-42eb-b882-b5938fff7023', 'Col d''Izoard', 'MANUAL', '2019-10-07 11:04:39+00', 2019, 10, 7, 8108, 8351, 9324, 56299, 681, 657, 1990),
      ('5a89e864-c49b-54db-b240-862324cb50f1', '70556a9d-bf01-42eb-b882-b5938fff7023', 'Mallorca Orient Valley', 'MANUAL', '2019-10-27 11:56:20+00', 2019, 10, 27, 6228, 6414, 7162, 50834, 1230, 1213, 1447),
      ('ba949301-fd49-5dd6-99e3-62939f2d42be', '70556a9d-bf01-42eb-b882-b5938fff7023', 'Timmelsjoch', 'MANUAL', '2019-11-22 15:21:04+00', 2019, 11, 22, 18238, 18785, 20973, 128181, 2960, 3018, 4232),
      ('f8f98b76-31f9-5b35-b6a7-c7a9da78eec6', '70556a9d-bf01-42eb-b882-b5938fff7023', 'Sa Calobra', 'MANUAL', '2019-11-25 11:12:30+00', 2019, 11, 25, 8372, 8623, 9627, 54170, 829, 842, 1503),
      ('d5ffea4b-a1db-59d6-976e-bb832b0ed9f7', '70556a9d-bf01-42eb-b882-b5938fff7023', 'Col du Galibier', 'MANUAL', '2019-12-14 10:37:13+00', 2019, 12, 14, 9108, 9381, 10474, 61762, 1179, 1155, 2224),
      ('52e6df49-9f64-583b-9633-78cba90072bd', '70556a9d-bf01-42eb-b882-b5938fff7023', 'Elbe Valley Spin', 'MANUAL', '2020-01-05 10:33:33+00', 2020, 1, 5, 6321, 6510, 7269, 51420, 1163, 1139, 1366),
      ('0d865434-f8c7-55f3-9c53-200f4b7472f6', '70556a9d-bf01-42eb-b882-b5938fff7023', 'Col d''Izoard', 'MANUAL', '2020-02-20 13:05:59+00', 2020, 2, 20, 15297, 15755, 17591, 122049, 1774, 1648, 3811),
      ('3e607975-6ad8-5dc9-a735-6fe2cfe989dd', '70556a9d-bf01-42eb-b882-b5938fff7023', 'Harz Brocken Round', 'MANUAL', '2020-03-06 11:47:11+00', 2020, 3, 6, 9011, 9281, 10362, 61978, 1383, 1424, 1978),
      ('fb1bf872-79d7-57b9-bc58-615d4307a554', '70556a9d-bf01-42eb-b882-b5938fff7023', 'Ballon d''Alsace', 'MANUAL', '2020-03-11 11:03:46+00', 2020, 3, 11, 13082, 13474, 15044, 93080, 1918, 1921, 2566),
      ('3a0154e2-e5b6-5615-966a-144201bc4baa', '70556a9d-bf01-42eb-b882-b5938fff7023', 'Mallorca Orient Valley', 'MANUAL', '2020-03-14 07:25:19+00', 2020, 3, 14, 18959, 19527, 21802, 126834, 2772, 2567, 4412),
      ('4eb97607-3cd1-56c7-8487-4a4a251e0a08', '70556a9d-bf01-42eb-b882-b5938fff7023', 'Mont Ventoux', 'MANUAL', '2020-03-18 12:07:31+00', 2020, 3, 18, 20690, 21310, 23793, 153346, 888, 841, 5007),
      ('58770707-fa36-502e-8860-4e08592a2541', '70556a9d-bf01-42eb-b882-b5938fff7023', 'Kitzbuheler Horn', 'MANUAL', '2020-05-21 11:50:24+00', 2020, 5, 21, 12770, 13153, 14685, 107850, 1414, 1415, 2897),
      ('6dcc221a-8474-5028-9766-269985914a98', '70556a9d-bf01-42eb-b882-b5938fff7023', 'Tegernsee Loop', 'MANUAL', '2020-06-01 15:13:05+00', 2020, 6, 1, 15259, 15716, 17547, 99424, 2403, 2238, 3336),
      ('64aef69d-f5dd-5958-a8de-0f118ba41397', '70556a9d-bf01-42eb-b882-b5938fff7023', 'Grossglockner Hochalpenstrasse', 'MANUAL', '2020-06-22 14:21:49+00', 2020, 6, 22, 13160, 13554, 15133, 95141, 1431, 1340, 3103),
      ('ca71d587-27fa-5d15-a43b-f26e782e5698', '70556a9d-bf01-42eb-b882-b5938fff7023', 'Monte Zoncolan', 'MANUAL', '2020-06-23 10:47:37+00', 2020, 6, 23, 9830, 10124, 11304, 77458, 900, 873, 2289),
      ('ce88f75a-ce3a-5ba5-ab08-a41d9223f2d1', '70556a9d-bf01-42eb-b882-b5938fff7023', 'Taunus Classic', 'MANUAL', '2020-06-24 13:10:21+00', 2020, 6, 24, 6427, 6619, 7391, 41050, 706, 677, 1460),
      ('6bb57dbf-cf48-5b7b-90de-86b515ecf4b8', '70556a9d-bf01-42eb-b882-b5938fff7023', 'Chiemgau Rounds', 'MANUAL', '2020-09-01 15:19:20+00', 2020, 9, 1, 8115, 8358, 9332, 66307, 1624, 1661, 1604),
      ('81165b07-11c8-5784-bc62-e246039cae1b', '70556a9d-bf01-42eb-b882-b5938fff7023', 'Mont Ventoux', 'MANUAL', '2020-09-17 10:20:28+00', 2020, 9, 17, 10907, 11234, 12543, 92266, 675, 625, 2702),
      ('f33fd5d3-9efc-56e7-b888-35bed4a6535e', '70556a9d-bf01-42eb-b882-b5938fff7023', 'Alpe d''Huez', 'MANUAL', '2020-09-23 13:01:15+00', 2020, 9, 23, 18301, 18850, 21046, 155848, 3109, 3129, 3320),
      ('467c0a0d-9e61-57b2-9c8f-8052e4121a8a', '70556a9d-bf01-42eb-b882-b5938fff7023', 'Kaiserstuhl Loop', 'MANUAL', '2020-10-18 08:08:32+00', 2020, 10, 18, 18921, 19488, 21759, 149825, 1725, 1629, 3550),
      ('9700f15d-e6b3-55d6-86a6-853f47f41912', '70556a9d-bf01-42eb-b882-b5938fff7023', 'Col du Galibier', 'MANUAL', '2020-11-24 16:11:45+00', 2020, 11, 24, 13207, 13603, 15188, 102180, 876, 884, 2377),
      ('43096829-4255-5cdd-a627-666366e87046', '70556a9d-bf01-42eb-b882-b5938fff7023', 'Alpe d''Huez', 'MANUAL', '2020-11-26 07:32:38+00', 2020, 11, 26, 22285, 22953, 25627, 142568, 2761, 2555, 4547),
      ('aa8c62a8-785b-516e-8086-b70cc52fd8f5', '70556a9d-bf01-42eb-b882-b5938fff7023', 'Sella Ronda', 'MANUAL', '2020-11-28 12:17:05+00', 2020, 11, 28, 19389, 19970, 22297, 155801, 3796, 3637, 4236),
      ('661424f7-6d57-56fe-8875-23e093aee47a', '70556a9d-bf01-42eb-b882-b5938fff7023', 'Col du Tourmalet', 'MANUAL', '2020-12-06 09:12:02+00', 2020, 12, 6, 5004, 5154, 5754, 37594, 537, 552, 981),
      ('1099eed4-18a1-5825-b320-2c3736dd2b06', '70556a9d-bf01-42eb-b882-b5938fff7023', 'Mallorca Orient Valley', 'MANUAL', '2020-12-28 10:25:11+00', 2020, 12, 28, 8978, 9247, 10324, 73725, 1020, 970, 1840),
      ('b537c571-4a9c-5e13-95ba-dbc12651d28f', '99a133db-4f9b-4a5b-b6f9-8a5ec96d9db7', 'Heidelberg Airfield TT', 'MANUAL', '2011-05-04 10:10:47+00', 2011, 5, 4, 3181, 3276, 3658, 35677, 66, 62, 897),
      ('c61b4e33-9662-576f-85c2-562a673b383a', '99a133db-4f9b-4a5b-b6f9-8a5ec96d9db7', 'Kaiserslautern Duathlon TT', 'MANUAL', '2011-05-08 09:21:49+00', 2011, 5, 8, 2731, 2812, 3140, 30412, 63, 60, 812),
      ('8a467857-a537-5d76-827e-5224d192c5c7', '99a133db-4f9b-4a5b-b6f9-8a5ec96d9db7', 'Heidelberg Airfield TT', 'MANUAL', '2011-05-16 09:46:00+00', 2011, 5, 16, 4471, 4605, 5141, 50307, 97, 97, 990),
      ('56d79525-56df-5a9f-973d-2e20d6ee33b2', '99a133db-4f9b-4a5b-b6f9-8a5ec96d9db7', 'Club Evening TT', 'MANUAL', '2011-06-03 09:23:02+00', 2011, 6, 3, 4641, 4780, 5337, 43518, 196, 200, 1312),
      ('87a3bcce-bfbb-53fb-a283-723f49abb6ec', '99a133db-4f9b-4a5b-b6f9-8a5ec96d9db7', 'Club Evening TT', 'MANUAL', '2011-06-04 07:40:38+00', 2011, 6, 4, 2837, 2922, 3262, 28074, 91, 85, 671),
      ('becb317e-427a-5e7b-a293-2465d724b738', '99a133db-4f9b-4a5b-b6f9-8a5ec96d9db7', 'Frankfurt City TT', 'MANUAL', '2011-06-17 09:25:43+00', 2011, 6, 17, 4362, 4492, 5016, 38021, 137, 140, 1107),
      ('b9f04306-3c05-5b26-b3fb-6392769f8e68', '99a133db-4f9b-4a5b-b6f9-8a5ec96d9db7', 'Roth Challenge TT', 'MANUAL', '2011-06-23 13:39:14+00', 2011, 6, 23, 4672, 4812, 5372, 47011, 172, 170, 1306),
      ('459510f0-e73b-5e47-b9bc-b7708486803c', '99a133db-4f9b-4a5b-b6f9-8a5ec96d9db7', 'Frankfurt City TT', 'MANUAL', '2011-06-28 07:04:21+00', 2011, 6, 28, 1905, 1962, 2190, 21293, 89, 88, 506),
      ('333996c9-6bd3-513b-88e8-a9f47669504a', '99a133db-4f9b-4a5b-b6f9-8a5ec96d9db7', 'Rhine Flats TT', 'MANUAL', '2011-07-05 08:52:41+00', 2011, 7, 5, 4208, 4334, 4839, 47528, 157, 156, 995),
      ('53ebff27-1bf6-50d3-b15a-2aa9cd5e0c63', '99a133db-4f9b-4a5b-b6f9-8a5ec96d9db7', 'Roth Challenge TT', 'MANUAL', '2011-07-10 08:04:12+00', 2011, 7, 10, 4096, 4218, 4710, 37927, 75, 76, 918),
      ('bcd19f9a-0f52-591c-9157-1dabf16938ca', '99a133db-4f9b-4a5b-b6f9-8a5ec96d9db7', 'Frankfurt City TT', 'MANUAL', '2011-07-13 12:33:16+00', 2011, 7, 13, 3931, 4048, 4520, 38438, 74, 69, 1102),
      ('528931ec-cbfb-5bde-8413-39f1999e6f36', '99a133db-4f9b-4a5b-b6f9-8a5ec96d9db7', 'Heidelberg Airfield TT', 'MANUAL', '2011-07-23 13:52:55+00', 2011, 7, 23, 2415, 2487, 2777, 23686, 88, 82, 622),
      ('47e62ec3-ebd8-5df8-84bf-bd72411c88cf', '99a133db-4f9b-4a5b-b6f9-8a5ec96d9db7', 'Frankfurt City TT', 'MANUAL', '2011-08-01 16:17:37+00', 2011, 8, 1, 4650, 4789, 5347, 51729, 134, 131, 1067),
      ('f695d666-d01f-5a90-a5ee-e46d716a12e8', '99a133db-4f9b-4a5b-b6f9-8a5ec96d9db7', 'Frankfurt City TT', 'MANUAL', '2011-08-03 16:18:48+00', 2011, 8, 3, 3015, 3105, 3467, 31914, 93, 88, 674),
      ('36db8c06-db0f-59ce-9fcc-0067488960c2', '99a133db-4f9b-4a5b-b6f9-8a5ec96d9db7', 'Kaiserslautern Duathlon TT', 'MANUAL', '2011-08-05 08:34:55+00', 2011, 8, 5, 3910, 4027, 4496, 40369, 80, 80, 1049),
      ('bf473dda-2bf8-5c36-bd69-de2f9ffccb25', '99a133db-4f9b-4a5b-b6f9-8a5ec96d9db7', 'Kraichgau TT', 'MANUAL', '2011-08-10 09:26:19+00', 2011, 8, 10, 1859, 1914, 2137, 19498, 56, 55, 432),
      ('66a4718e-b74e-568a-9e81-0e35a23bae67', '99a133db-4f9b-4a5b-b6f9-8a5ec96d9db7', 'Frankfurt City TT', 'MANUAL', '2011-08-19 16:13:02+00', 2011, 8, 19, 2256, 2323, 2594, 22226, 35, 34, 628),
      ('7a56465b-d02f-54ac-b150-05bd90710725', '99a133db-4f9b-4a5b-b6f9-8a5ec96d9db7', 'Kraichgau TT', 'MANUAL', '2011-09-10 16:01:18+00', 2011, 9, 10, 2397, 2468, 2756, 24417, 67, 63, 609),
      ('f9d545aa-61fe-5f00-b3a2-5d871705a17c', '99a133db-4f9b-4a5b-b6f9-8a5ec96d9db7', 'Club Evening TT', 'MANUAL', '2011-09-18 09:43:59+00', 2011, 9, 18, 2485, 2559, 2857, 24396, 65, 60, 675),
      ('6509ef01-973a-50ef-aec6-3d0a0fd6d689', '99a133db-4f9b-4a5b-b6f9-8a5ec96d9db7', 'Club Evening TT', 'MANUAL', '2011-09-25 12:38:42+00', 2011, 9, 25, 2996, 3085, 3445, 33663, 43, 43, 817),
      ('b86fea65-38e5-514b-980c-775f383c513d', '99a133db-4f9b-4a5b-b6f9-8a5ec96d9db7', 'Club Evening TT', 'MANUAL', '2012-05-13 08:25:46+00', 2012, 5, 13, 2801, 2885, 3221, 27612, 130, 126, 738),
      ('61dcf0e3-ad70-55a2-89b5-3c934c2b4a91', '99a133db-4f9b-4a5b-b6f9-8a5ec96d9db7', 'Rhine Flats TT', 'MANUAL', '2012-05-16 15:13:58+00', 2012, 5, 16, 3134, 3228, 3604, 30167, 56, 52, 875),
      ('7b2e2094-20ba-5ecf-b9de-d9ad79e424c8', '99a133db-4f9b-4a5b-b6f9-8a5ec96d9db7', 'Kraichgau TT', 'MANUAL', '2012-05-25 11:17:05+00', 2012, 5, 25, 3246, 3343, 3732, 29598, 101, 93, 801),
      ('049cad78-d063-5558-b1de-a81ee9e23def', '99a133db-4f9b-4a5b-b6f9-8a5ec96d9db7', 'Rhine Flats TT', 'MANUAL', '2012-06-15 07:19:57+00', 2012, 6, 15, 3197, 3292, 3676, 36568, 133, 125, 871),
      ('fe88d39c-ef34-5473-a446-ea489c2bb780', '99a133db-4f9b-4a5b-b6f9-8a5ec96d9db7', 'Kaiserslautern Duathlon TT', 'MANUAL', '2012-06-16 16:16:18+00', 2012, 6, 16, 2022, 2082, 2325, 18851, 89, 83, 603),
      ('989ffbcf-2711-54e6-94fa-ca27eececa62', '99a133db-4f9b-4a5b-b6f9-8a5ec96d9db7', 'Heidelberg Airfield TT', 'MANUAL', '2012-06-21 12:53:01+00', 2012, 6, 21, 4945, 5093, 5686, 49208, 147, 138, 1481),
      ('e5b492d3-eeb8-54a3-91c5-8e825d02d175', '99a133db-4f9b-4a5b-b6f9-8a5ec96d9db7', 'Heidelberg Airfield TT', 'MANUAL', '2012-06-25 07:53:25+00', 2012, 6, 25, 3139, 3233, 3609, 34894, 127, 117, 753),
      ('3a3b20a1-2623-5f6f-8f17-fe1704ae5d1a', '99a133db-4f9b-4a5b-b6f9-8a5ec96d9db7', 'Frankfurt City TT', 'MANUAL', '2012-07-03 09:12:34+00', 2012, 7, 3, 4847, 4992, 5574, 54987, 64, 64, 1228),
      ('b2daf7a3-332e-5a42-bef9-a17f2163b44b', '99a133db-4f9b-4a5b-b6f9-8a5ec96d9db7', 'Club Evening TT', 'MANUAL', '2012-07-07 09:00:54+00', 2012, 7, 7, 1919, 1976, 2206, 21127, 88, 88, 423),
      ('84e9c7cf-4c5b-5dd0-b682-cbd1bfbc5987', '99a133db-4f9b-4a5b-b6f9-8a5ec96d9db7', 'Heidelberg Airfield TT', 'MANUAL', '2012-07-09 10:43:51+00', 2012, 7, 9, 3305, 3404, 3800, 34056, 84, 82, 755),
      ('7bd5f7f6-ed56-545c-bf23-6a0363dbb011', '99a133db-4f9b-4a5b-b6f9-8a5ec96d9db7', 'Rhine Flats TT', 'MANUAL', '2012-07-10 09:44:42+00', 2012, 7, 10, 2395, 2466, 2754, 22576, 104, 101, 647),
      ('d261c1e4-5d1c-58aa-9ece-9037bef88980', '99a133db-4f9b-4a5b-b6f9-8a5ec96d9db7', 'Rhine Flats TT', 'MANUAL', '2012-07-15 15:53:57+00', 2012, 7, 15, 2205, 2271, 2535, 25288, 37, 34, 643),
      ('87dab5cd-0bf7-5775-809b-3291d0133212', '99a133db-4f9b-4a5b-b6f9-8a5ec96d9db7', 'Club Evening TT', 'MANUAL', '2012-07-17 10:40:01+00', 2012, 7, 17, 3393, 3494, 3901, 29028, 53, 48, 922),
      ('579db154-aba7-5069-9653-0580fc3bc1ef', '99a133db-4f9b-4a5b-b6f9-8a5ec96d9db7', 'Club Evening TT', 'MANUAL', '2012-07-27 16:59:47+00', 2012, 7, 27, 5933, 6110, 6822, 50595, 245, 233, 1308),
      ('90e92cdc-56f8-5969-9fa9-94279f41e9da', '99a133db-4f9b-4a5b-b6f9-8a5ec96d9db7', 'Heidelberg Airfield TT', 'MANUAL', '2012-08-03 09:33:58+00', 2012, 8, 3, 2062, 2123, 2371, 18041, 38, 36, 461),
      ('46c5200c-5292-50a6-8de8-388a77453a64', '99a133db-4f9b-4a5b-b6f9-8a5ec96d9db7', 'Kaiserslautern Duathlon TT', 'MANUAL', '2012-08-20 09:49:13+00', 2012, 8, 20, 3346, 3446, 3847, 37334, 57, 53, 820),
      ('7d44fe3e-d469-549e-b893-81c5be53abf7', '99a133db-4f9b-4a5b-b6f9-8a5ec96d9db7', 'Kaiserslautern Duathlon TT', 'MANUAL', '2012-09-01 16:08:38+00', 2012, 9, 1, 3879, 3995, 4460, 40662, 152, 147, 927),
      ('2f4bd0f4-630a-5529-885f-e87a83d6684b', '99a133db-4f9b-4a5b-b6f9-8a5ec96d9db7', 'Kraichgau TT', 'MANUAL', '2012-09-07 15:58:22+00', 2012, 9, 7, 3590, 3697, 4128, 40631, 127, 123, 790),
      ('f3d3e898-0bf4-5950-8fd7-38bec3bb1480', '99a133db-4f9b-4a5b-b6f9-8a5ec96d9db7', 'Heidelberg Airfield TT', 'MANUAL', '2012-09-14 10:04:23+00', 2012, 9, 14, 4620, 4758, 5313, 50656, 84, 85, 1188),
      ('a25e378d-c1f0-5e0c-b26e-e848c640065b', '99a133db-4f9b-4a5b-b6f9-8a5ec96d9db7', 'Heidelberg Airfield TT', 'MANUAL', '2012-09-23 14:33:21+00', 2012, 9, 23, 4615, 4753, 5307, 48840, 155, 148, 1171),
      ('ff53f6fd-ff9c-5036-a9bd-b1200f936d0b', '99a133db-4f9b-4a5b-b6f9-8a5ec96d9db7', 'Frankfurt City TT', 'MANUAL', '2013-05-06 14:10:17+00', 2013, 5, 6, 4059, 4180, 4667, 35594, 118, 110, 932),
      ('3aa5fb7e-6325-57c9-9ede-77503bd77ca9', '99a133db-4f9b-4a5b-b6f9-8a5ec96d9db7', 'Roth Challenge TT', 'MANUAL', '2013-05-12 11:47:08+00', 2013, 5, 12, 4331, 4460, 4980, 47037, 193, 188, 1042),
      ('1676417b-5981-52fb-b809-c827e4d5f534', '99a133db-4f9b-4a5b-b6f9-8a5ec96d9db7', 'Club Evening TT', 'MANUAL', '2013-05-28 12:29:06+00', 2013, 5, 28, 3717, 3828, 4274, 33187, 161, 155, 910),
      ('a6dc5ec7-633c-5a1f-b77d-86833a15e8eb', '99a133db-4f9b-4a5b-b6f9-8a5ec96d9db7', 'Club Evening TT', 'MANUAL', '2013-06-08 15:59:47+00', 2013, 6, 8, 3884, 4000, 4466, 39146, 173, 162, 980),
      ('b8d162ec-16dc-5ad1-bac1-5b182c5ea6ca', '99a133db-4f9b-4a5b-b6f9-8a5ec96d9db7', 'Rhine Flats TT', 'MANUAL', '2013-06-10 10:54:29+00', 2013, 6, 10, 4118, 4241, 4735, 36685, 73, 74, 1212),
      ('dc3ba3bf-144c-5960-94c9-1506d54f0603', '99a133db-4f9b-4a5b-b6f9-8a5ec96d9db7', 'Club Evening TT', 'MANUAL', '2013-06-11 11:54:54+00', 2013, 6, 11, 3257, 3354, 3745, 30903, 153, 155, 894),
      ('0007849c-5320-5abf-a086-c35fa4552fac', '99a133db-4f9b-4a5b-b6f9-8a5ec96d9db7', 'Kraichgau TT', 'MANUAL', '2013-06-19 13:22:02+00', 2013, 6, 19, 2359, 2429, 2712, 26754, 116, 106, 690),
      ('6d977dce-8ea9-597f-a85d-c885a8ec0df0', '99a133db-4f9b-4a5b-b6f9-8a5ec96d9db7', 'Kaiserslautern Duathlon TT', 'MANUAL', '2013-06-28 11:27:36+00', 2013, 6, 28, 2278, 2346, 2619, 25009, 88, 84, 513),
      ('d3e2aa94-3913-507b-964a-a70a9782f95e', '99a133db-4f9b-4a5b-b6f9-8a5ec96d9db7', 'Frankfurt City TT', 'MANUAL', '2013-07-17 13:45:40+00', 2013, 7, 17, 2327, 2396, 2676, 22297, 88, 85, 657),
      ('d1402862-f805-57c9-ba82-0f888cc3147b', '99a133db-4f9b-4a5b-b6f9-8a5ec96d9db7', 'Club Evening TT', 'MANUAL', '2013-07-21 13:01:21+00', 2013, 7, 21, 5634, 5803, 6479, 54432, 120, 120, 1380),
      ('41966abd-f854-559e-bee6-cbfaac222257', '99a133db-4f9b-4a5b-b6f9-8a5ec96d9db7', 'Kaiserslautern Duathlon TT', 'MANUAL', '2013-07-27 07:55:58+00', 2013, 7, 27, 3959, 4077, 4552, 39149, 176, 180, 911),
      ('1a49c24f-d735-5a85-a0da-9d0aa92119ff', '99a133db-4f9b-4a5b-b6f9-8a5ec96d9db7', 'Rhine Flats TT', 'MANUAL', '2013-08-04 13:30:51+00', 2013, 8, 4, 5025, 5175, 5778, 48391, 186, 186, 1322),
      ('a9bcb39f-e13a-5123-813b-8e0812aff8c5', '99a133db-4f9b-4a5b-b6f9-8a5ec96d9db7', 'Roth Challenge TT', 'MANUAL', '2013-08-09 07:48:01+00', 2013, 8, 9, 4541, 4677, 5222, 42445, 153, 153, 1120),
      ('614202a0-d17f-5607-8ca0-4a7891768e9d', '99a133db-4f9b-4a5b-b6f9-8a5ec96d9db7', 'Kaiserslautern Duathlon TT', 'MANUAL', '2013-08-10 16:22:50+00', 2013, 8, 10, 2308, 2377, 2654, 22394, 93, 87, 688),
      ('211ca0d3-674a-5167-ba59-20afc6caf5f8', '99a133db-4f9b-4a5b-b6f9-8a5ec96d9db7', 'Kaiserslautern Duathlon TT', 'MANUAL', '2013-08-12 09:25:05+00', 2013, 8, 12, 3591, 3698, 4129, 41083, 76, 75, 914),
      ('50661ce3-e5ec-5699-a879-1a0b832afeac', '99a133db-4f9b-4a5b-b6f9-8a5ec96d9db7', 'Rhine Flats TT', 'MANUAL', '2013-08-21 12:47:04+00', 2013, 8, 21, 2945, 3033, 3386, 31900, 33, 30, 700),
      ('5f237df1-1670-5e7d-9bd8-8dbec0f375eb', '99a133db-4f9b-4a5b-b6f9-8a5ec96d9db7', 'Kraichgau TT', 'MANUAL', '2013-09-01 12:57:04+00', 2013, 9, 1, 3998, 4117, 4597, 45210, 213, 202, 1117),
      ('89512a89-438e-501c-ac9f-87f1f5d4f2b5', '99a133db-4f9b-4a5b-b6f9-8a5ec96d9db7', 'Kaiserslautern Duathlon TT', 'MANUAL', '2013-09-02 15:30:35+00', 2013, 9, 2, 4792, 4935, 5510, 52300, 140, 133, 1286),
      ('8d8dfc32-2d1c-5afe-9acc-26df08c6dc34', '99a133db-4f9b-4a5b-b6f9-8a5ec96d9db7', 'Club Evening TT', 'MANUAL', '2013-09-11 07:12:18+00', 2013, 9, 11, 3685, 3795, 4237, 37759, 47, 45, 879),
      ('686a874d-4dcf-5472-91fa-54832bc76415', '99a133db-4f9b-4a5b-b6f9-8a5ec96d9db7', 'Club Evening TT', 'MANUAL', '2013-09-19 15:39:54+00', 2013, 9, 19, 4312, 4441, 4958, 48560, 134, 136, 1281),
      ('c1580b4e-4135-5c1c-82cb-9be6bccb86be', '99a133db-4f9b-4a5b-b6f9-8a5ec96d9db7', 'Frankfurt City TT', 'MANUAL', '2014-05-01 12:38:08+00', 2014, 5, 1, 4684, 4824, 5386, 50630, 116, 108, 1387),
      ('c943fc38-f571-5e88-8613-e61588ef272f', '99a133db-4f9b-4a5b-b6f9-8a5ec96d9db7', 'Frankfurt City TT', 'MANUAL', '2014-05-04 14:23:26+00', 2014, 5, 4, 2574, 2651, 2960, 28436, 110, 111, 721),
      ('267cddf9-c628-5675-8955-975d57d4b6ac', '99a133db-4f9b-4a5b-b6f9-8a5ec96d9db7', 'Kaiserslautern Duathlon TT', 'MANUAL', '2014-05-13 09:40:50+00', 2014, 5, 13, 2490, 2564, 2863, 24217, 67, 62, 582),
      ('e7ac706b-3a40-5435-be02-d9e33f5ac1f4', '99a133db-4f9b-4a5b-b6f9-8a5ec96d9db7', 'Heidelberg Airfield TT', 'MANUAL', '2014-05-16 14:43:06+00', 2014, 5, 16, 4185, 4310, 4812, 37193, 181, 171, 1107),
      ('a84b06aa-ef39-5ddc-86a1-3075c1984807', '99a133db-4f9b-4a5b-b6f9-8a5ec96d9db7', 'Club Evening TT', 'MANUAL', '2014-06-08 15:02:38+00', 2014, 6, 8, 3773, 3886, 4338, 38545, 50, 50, 1079),
      ('725d8519-3f68-57ba-b547-6661b8d72365', '99a133db-4f9b-4a5b-b6f9-8a5ec96d9db7', 'Club Evening TT', 'MANUAL', '2014-06-09 08:45:31+00', 2014, 6, 9, 2033, 2093, 2337, 19694, 36, 33, 535),
      ('731032c1-15e3-5caa-874a-e79ed6e74f49', '99a133db-4f9b-4a5b-b6f9-8a5ec96d9db7', 'Frankfurt City TT', 'MANUAL', '2014-07-07 08:38:43+00', 2014, 7, 7, 3787, 3900, 4355, 40057, 98, 91, 863),
      ('2e4ab187-c9a4-5a57-934f-4acfd67d4f67', '99a133db-4f9b-4a5b-b6f9-8a5ec96d9db7', 'Heidelberg Airfield TT', 'MANUAL', '2014-07-16 14:35:59+00', 2014, 7, 16, 2664, 2743, 3063, 27251, 122, 123, 766),
      ('701f9e4b-e394-5464-b542-9a4ebc9f7975', '99a133db-4f9b-4a5b-b6f9-8a5ec96d9db7', 'Club Evening TT', 'MANUAL', '2014-07-17 14:43:49+00', 2014, 7, 17, 3014, 3104, 3466, 31834, 89, 85, 856),
      ('6a360e5b-16c5-587e-9bb4-963443157272', '99a133db-4f9b-4a5b-b6f9-8a5ec96d9db7', 'Rhine Flats TT', 'MANUAL', '2014-07-28 15:20:37+00', 2014, 7, 28, 1857, 1912, 2135, 19492, 20, 20, 475),
      ('a107c3e1-aeb7-502b-a994-42f87f4e17ea', '99a133db-4f9b-4a5b-b6f9-8a5ec96d9db7', 'Heidelberg Airfield TT', 'MANUAL', '2014-08-04 12:34:29+00', 2014, 8, 4, 3045, 3136, 3501, 30961, 73, 67, 761),
      ('5ace7c16-a3e9-597b-892e-b8bd4c5c5c40', '99a133db-4f9b-4a5b-b6f9-8a5ec96d9db7', 'Rhine Flats TT', 'MANUAL', '2014-08-08 12:37:39+00', 2014, 8, 8, 3643, 3752, 4189, 41874, 179, 172, 858),
      ('d38fc24a-8fd6-521d-8f05-2836ed1cc1ac', '99a133db-4f9b-4a5b-b6f9-8a5ec96d9db7', 'Kaiserslautern Duathlon TT', 'MANUAL', '2014-08-09 15:05:07+00', 2014, 8, 9, 1833, 1887, 2107, 19100, 77, 72, 449),
      ('f5935e62-5fc2-57b1-b510-74891a1c4bb2', '99a133db-4f9b-4a5b-b6f9-8a5ec96d9db7', 'Frankfurt City TT', 'MANUAL', '2014-08-11 07:26:15+00', 2014, 8, 11, 2295, 2363, 2639, 24331, 45, 42, 637),
      ('93e82598-592d-599f-9a35-829c03b293c3', '99a133db-4f9b-4a5b-b6f9-8a5ec96d9db7', 'Club Evening TT', 'MANUAL', '2014-08-24 10:45:43+00', 2014, 8, 24, 2624, 2702, 3017, 23067, 96, 98, 755),
      ('c45487e7-1aec-5d23-ab0c-d3613ed735f6', '99a133db-4f9b-4a5b-b6f9-8a5ec96d9db7', 'Rhine Flats TT', 'MANUAL', '2014-08-26 11:40:14+00', 2014, 8, 26, 2081, 2143, 2393, 20998, 28, 27, 597),
      ('d87346af-8bc0-5222-9918-cd5d90178ca6', '99a133db-4f9b-4a5b-b6f9-8a5ec96d9db7', 'Club Evening TT', 'MANUAL', '2014-09-11 15:31:39+00', 2014, 9, 11, 3631, 3739, 4175, 37189, 139, 138, 1027),
      ('5cc5af82-9ee3-50a2-be01-c9b3c836a5d3', '99a133db-4f9b-4a5b-b6f9-8a5ec96d9db7', 'Club Evening TT', 'MANUAL', '2014-09-15 13:17:41+00', 2014, 9, 15, 4242, 4369, 4878, 38760, 165, 160, 1243),
      ('378eea33-0661-5680-8770-87b5d249af84', '99a133db-4f9b-4a5b-b6f9-8a5ec96d9db7', 'Heidelberg Airfield TT', 'MANUAL', '2014-09-19 13:24:39+00', 2014, 9, 19, 5790, 5963, 6658, 51272, 247, 241, 1562),
      ('84023f08-d22a-5387-8f19-d00f890d2bf5', '99a133db-4f9b-4a5b-b6f9-8a5ec96d9db7', 'Roth Challenge TT', 'MANUAL', '2014-09-23 13:27:41+00', 2014, 9, 23, 4213, 4339, 4844, 41638, 90, 85, 1189),
      ('e5a641a2-e785-54be-9ebd-13c2c05d5522', '99a133db-4f9b-4a5b-b6f9-8a5ec96d9db7', 'Kaiserslautern Duathlon TT', 'MANUAL', '2015-05-07 14:05:06+00', 2015, 5, 7, 4845, 4990, 5571, 42787, 60, 57, 1364),
      ('84b127bb-2a8f-5197-9593-1c44f62956ab', '99a133db-4f9b-4a5b-b6f9-8a5ec96d9db7', 'Rhine Flats TT', 'MANUAL', '2015-05-08 16:41:37+00', 2015, 5, 8, 4027, 4147, 4631, 35195, 153, 156, 1056),
      ('e865cbd8-7223-5407-951f-4c5da8c7f732', '99a133db-4f9b-4a5b-b6f9-8a5ec96d9db7', 'Heidelberg Airfield TT', 'MANUAL', '2015-05-26 15:27:36+00', 2015, 5, 26, 2001, 2061, 2301, 18957, 64, 60, 475),
      ('2f0b8418-7e77-5942-9bd1-6dc691ea03cd', '99a133db-4f9b-4a5b-b6f9-8a5ec96d9db7', 'Kraichgau TT', 'MANUAL', '2015-06-05 14:59:01+00', 2015, 6, 5, 5409, 5571, 6220, 48144, 166, 158, 1468),
      ('df080190-c16f-5526-ab0c-3e63bd1e469e', '99a133db-4f9b-4a5b-b6f9-8a5ec96d9db7', 'Roth Challenge TT', 'MANUAL', '2015-06-26 09:42:34+00', 2015, 6, 26, 4829, 4973, 5553, 49764, 167, 159, 1232),
      ('a5bc1eb8-8356-5a64-8509-61911c424bcc', '99a133db-4f9b-4a5b-b6f9-8a5ec96d9db7', 'Kaiserslautern Duathlon TT', 'MANUAL', '2015-06-27 15:30:34+00', 2015, 6, 27, 2536, 2612, 2916, 24660, 28, 26, 696),
      ('a14d5e26-3e4d-53da-a0b7-33a8a079f286', '99a133db-4f9b-4a5b-b6f9-8a5ec96d9db7', 'Rhine Flats TT', 'MANUAL', '2015-07-05 12:48:58+00', 2015, 7, 5, 4527, 4662, 5206, 51238, 230, 224, 1231),
      ('184c9425-2119-55be-bcdc-4ef0fd357e8b', '99a133db-4f9b-4a5b-b6f9-8a5ec96d9db7', 'Frankfurt City TT', 'MANUAL', '2015-07-08 15:59:08+00', 2015, 7, 8, 2295, 2363, 2639, 20409, 56, 54, 631),
      ('cad80af1-b3b3-59f3-a567-b991be27b521', '99a133db-4f9b-4a5b-b6f9-8a5ec96d9db7', 'Roth Challenge TT', 'MANUAL', '2015-07-15 13:14:14+00', 2015, 7, 15, 2235, 2302, 2570, 19685, 72, 70, 620),
      ('2c928b53-12b4-5704-b477-8bb3389f5849', '99a133db-4f9b-4a5b-b6f9-8a5ec96d9db7', 'Frankfurt City TT', 'MANUAL', '2015-07-22 14:48:55+00', 2015, 7, 22, 2050, 2111, 2357, 20347, 53, 51, 499),
      ('79f39acb-0169-59ca-b209-5f0f290dbd83', '99a133db-4f9b-4a5b-b6f9-8a5ec96d9db7', 'Kraichgau TT', 'MANUAL', '2015-07-28 14:21:05+00', 2015, 7, 28, 2374, 2445, 2730, 24896, 59, 54, 590),
      ('5a230b67-368c-5933-83ca-011ddd4bcbaa', '99a133db-4f9b-4a5b-b6f9-8a5ec96d9db7', 'Rhine Flats TT', 'MANUAL', '2015-08-04 13:34:35+00', 2015, 8, 4, 5147, 5301, 5919, 52416, 162, 160, 1168),
      ('7d280f97-f533-57a4-84c7-72accf84af04', '99a133db-4f9b-4a5b-b6f9-8a5ec96d9db7', 'Heidelberg Airfield TT', 'MANUAL', '2015-08-07 14:24:00+00', 2015, 8, 7, 2199, 2264, 2528, 21869, 87, 81, 649),
      ('d025029f-88c1-5558-8cf3-446ef39aec09', '99a133db-4f9b-4a5b-b6f9-8a5ec96d9db7', 'Kraichgau TT', 'MANUAL', '2015-08-09 09:39:46+00', 2015, 8, 9, 4041, 4162, 4647, 46202, 180, 174, 987),
      ('61a5745e-3eef-54d7-b787-5cffefa7c7f8', '99a133db-4f9b-4a5b-b6f9-8a5ec96d9db7', 'Rhine Flats TT', 'MANUAL', '2015-08-18 10:25:44+00', 2015, 8, 18, 2145, 2209, 2466, 20520, 51, 51, 572),
      ('acefff37-cd3f-51e7-a83b-cab71b0fd749', '99a133db-4f9b-4a5b-b6f9-8a5ec96d9db7', 'Rhine Flats TT', 'MANUAL', '2015-08-21 09:22:31+00', 2015, 8, 21, 2988, 3077, 3436, 32388, 72, 67, 894),
      ('e9a5e263-b60f-5d63-af1f-f3cc677aa9a1', '99a133db-4f9b-4a5b-b6f9-8a5ec96d9db7', 'Rhine Flats TT', 'MANUAL', '2015-08-28 16:59:55+00', 2015, 8, 28, 3590, 3697, 4128, 41269, 205, 189, 804),
      ('86792bdc-288f-5a1f-85e7-75f722e19866', '99a133db-4f9b-4a5b-b6f9-8a5ec96d9db7', 'Kraichgau TT', 'MANUAL', '2015-09-07 15:14:29+00', 2015, 9, 7, 6110, 6293, 7026, 54216, 99, 101, 1452),
      ('c16a7587-5db8-565d-acc2-b919cf8a8c80', '99a133db-4f9b-4a5b-b6f9-8a5ec96d9db7', 'Kraichgau TT', 'MANUAL', '2015-09-15 14:17:30+00', 2015, 9, 15, 4249, 4376, 4886, 44061, 189, 194, 985),
      ('d51194db-ff4e-599c-9c5c-fb7f047c7a8f', '99a133db-4f9b-4a5b-b6f9-8a5ec96d9db7', 'Roth Challenge TT', 'MANUAL', '2015-09-19 11:54:27+00', 2015, 9, 19, 4690, 4830, 5393, 48348, 206, 204, 1092),
      ('ac022477-712a-565d-9a88-c15c16e13e3e', '99a133db-4f9b-4a5b-b6f9-8a5ec96d9db7', 'Kaiserslautern Duathlon TT', 'MANUAL', '2016-05-02 13:59:29+00', 2016, 5, 2, 2980, 3069, 3426, 28304, 97, 98, 727),
      ('a6b1987f-e4ec-51f5-bcf4-52b6ca4d81a5', '99a133db-4f9b-4a5b-b6f9-8a5ec96d9db7', 'Kraichgau TT', 'MANUAL', '2016-05-03 14:32:19+00', 2016, 5, 3, 4151, 4275, 4773, 43294, 206, 189, 1067),
      ('e10d6175-274c-5f90-8a3e-8a8af6763cd9', '99a133db-4f9b-4a5b-b6f9-8a5ec96d9db7', 'Club Evening TT', 'MANUAL', '2016-05-14 09:23:15+00', 2016, 5, 14, 2410, 2482, 2771, 26494, 48, 46, 633),
      ('9d82a6ed-a3eb-5b92-aa2b-385dd5a02ab0', '99a133db-4f9b-4a5b-b6f9-8a5ec96d9db7', 'Roth Challenge TT', 'MANUAL', '2016-05-28 07:22:10+00', 2016, 5, 28, 3725, 3836, 4283, 34096, 38, 38, 1039),
      ('289ba779-54b9-53e1-ad8b-b88a7958dc92', '99a133db-4f9b-4a5b-b6f9-8a5ec96d9db7', 'Club Evening TT', 'MANUAL', '2016-06-05 09:17:59+00', 2016, 6, 5, 4392, 4523, 5050, 42678, 175, 170, 1156),
      ('51a5cea9-1730-5789-bd3a-21ce288479e9', '99a133db-4f9b-4a5b-b6f9-8a5ec96d9db7', 'Roth Challenge TT', 'MANUAL', '2016-06-12 12:31:57+00', 2016, 6, 12, 3286, 3384, 3778, 31336, 87, 82, 965),
      ('d9db2284-5014-5f65-b4bb-58711d2f9dc3', '99a133db-4f9b-4a5b-b6f9-8a5ec96d9db7', 'Kaiserslautern Duathlon TT', 'MANUAL', '2016-06-19 12:08:00+00', 2016, 6, 19, 5238, 5395, 6023, 48552, 207, 202, 1519),
      ('bd18ab2e-8383-5801-8fc4-ce4e4786b4ae', '99a133db-4f9b-4a5b-b6f9-8a5ec96d9db7', 'Kraichgau TT', 'MANUAL', '2016-06-22 14:26:52+00', 2016, 6, 22, 4672, 4812, 5372, 41466, 108, 111, 1089),
      ('27722407-87f8-52a4-a708-52f89c76f397', '99a133db-4f9b-4a5b-b6f9-8a5ec96d9db7', 'Frankfurt City TT', 'MANUAL', '2016-07-28 14:00:14+00', 2016, 7, 28, 2106, 2169, 2421, 20038, 55, 56, 511),
      ('df79e8c6-484a-5c1f-8d62-113425c66726', '99a133db-4f9b-4a5b-b6f9-8a5ec96d9db7', 'Club Evening TT', 'MANUAL', '2016-08-09 12:09:26+00', 2016, 8, 9, 2789, 2872, 3207, 30524, 90, 82, 737),
      ('e1e56eb1-693f-5391-9cc6-f35dfcfc7df7', '99a133db-4f9b-4a5b-b6f9-8a5ec96d9db7', 'Frankfurt City TT', 'MANUAL', '2016-08-10 13:57:39+00', 2016, 8, 10, 2733, 2814, 3142, 29418, 95, 88, 658),
      ('7424c89b-d212-5647-930e-6ffe9533b8ad', '99a133db-4f9b-4a5b-b6f9-8a5ec96d9db7', 'Kaiserslautern Duathlon TT', 'MANUAL', '2016-08-11 16:56:53+00', 2016, 8, 11, 4181, 4306, 4808, 41341, 176, 177, 928),
      ('d401f2dc-b912-5946-8760-b043aebc262e', '99a133db-4f9b-4a5b-b6f9-8a5ec96d9db7', 'Heidelberg Airfield TT', 'MANUAL', '2016-08-13 14:58:50+00', 2016, 8, 13, 3332, 3431, 3831, 32230, 147, 147, 783),
      ('0876e7f5-b541-5a82-9e69-c528d1d3c0dd', '99a133db-4f9b-4a5b-b6f9-8a5ec96d9db7', 'Rhine Flats TT', 'MANUAL', '2016-08-17 14:46:01+00', 2016, 8, 17, 6025, 6205, 6928, 51343, 244, 234, 1453),
      ('19555d11-a97d-5190-a5bb-03e10e50e2fd', '99a133db-4f9b-4a5b-b6f9-8a5ec96d9db7', 'Kraichgau TT', 'MANUAL', '2016-09-03 15:49:19+00', 2016, 9, 3, 3758, 3870, 4321, 33314, 132, 134, 1006),
      ('766db21b-a7ac-55e4-b523-5bff57bc129b', '99a133db-4f9b-4a5b-b6f9-8a5ec96d9db7', 'Roth Challenge TT', 'MANUAL', '2016-09-07 09:43:26+00', 2016, 9, 7, 3402, 3504, 3912, 30808, 51, 51, 979),
      ('10c6f776-e911-5673-986b-ed4d37f5f171', '99a133db-4f9b-4a5b-b6f9-8a5ec96d9db7', 'Frankfurt City TT', 'MANUAL', '2016-09-10 13:45:45+00', 2016, 9, 10, 2378, 2449, 2734, 27087, 105, 101, 644),
      ('1d9cc48b-5bb3-54fe-a8a6-f17499b333e2', '99a133db-4f9b-4a5b-b6f9-8a5ec96d9db7', 'Roth Challenge TT', 'MANUAL', '2016-09-14 08:24:13+00', 2016, 9, 14, 2161, 2225, 2485, 23695, 103, 103, 597),
      ('1f4f4e2f-fe47-5d24-9732-30ed2f1def54', '99a133db-4f9b-4a5b-b6f9-8a5ec96d9db7', 'Frankfurt City TT', 'MANUAL', '2016-09-18 10:15:34+00', 2016, 9, 18, 4885, 5031, 5617, 51855, 112, 109, 1237),
      ('7867ed1b-7a38-5f7a-b76e-29c2be1ac659', '99a133db-4f9b-4a5b-b6f9-8a5ec96d9db7', 'Frankfurt City TT', 'MANUAL', '2016-09-19 16:10:08+00', 2016, 9, 19, 5773, 5946, 6638, 53015, 54, 53, 1312),
      ('881d3eae-37e5-53f7-8807-5594bdc531e4', '99a133db-4f9b-4a5b-b6f9-8a5ec96d9db7', 'Kaiserslautern Duathlon TT', 'MANUAL', '2017-05-08 09:56:40+00', 2017, 5, 8, 3248, 3345, 3735, 37242, 83, 77, 926),
      ('47f776b7-6fce-5fab-a03d-83de2e7124fd', '99a133db-4f9b-4a5b-b6f9-8a5ec96d9db7', 'Kraichgau TT', 'MANUAL', '2017-05-18 08:24:05+00', 2017, 5, 18, 2605, 2683, 2995, 28564, 100, 95, 714),
      ('237b9060-af59-55ee-b175-1b1f4e797f23', '99a133db-4f9b-4a5b-b6f9-8a5ec96d9db7', 'Heidelberg Airfield TT', 'MANUAL', '2017-05-21 10:06:40+00', 2017, 5, 21, 3469, 3573, 3989, 30460, 94, 96, 962),
      ('ac769e58-f8a4-583b-b369-4bc2040366ab', '99a133db-4f9b-4a5b-b6f9-8a5ec96d9db7', 'Club Evening TT', 'MANUAL', '2017-06-06 09:29:33+00', 2017, 6, 6, 5289, 5447, 6082, 54982, 198, 199, 1227),
      ('c1f2f1a7-ebb0-55d2-94a5-e5341d04b87b', '99a133db-4f9b-4a5b-b6f9-8a5ec96d9db7', 'Kraichgau TT', 'MANUAL', '2017-06-16 15:20:11+00', 2017, 6, 16, 3805, 3919, 4375, 42426, 204, 196, 1078),
      ('4d4c53d0-b8b5-5d51-b8cf-7d1f3d564817', '99a133db-4f9b-4a5b-b6f9-8a5ec96d9db7', 'Heidelberg Airfield TT', 'MANUAL', '2017-06-25 10:03:41+00', 2017, 6, 25, 3819, 3933, 4391, 42241, 190, 180, 1012),
      ('c4e8542b-25b2-58a1-8d7a-aec80f159f98', '99a133db-4f9b-4a5b-b6f9-8a5ec96d9db7', 'Club Evening TT', 'MANUAL', '2017-06-26 14:06:37+00', 2017, 6, 26, 3970, 4089, 4565, 35261, 91, 88, 1012),
      ('3285e241-dda3-55ef-b1df-035984acc018', '99a133db-4f9b-4a5b-b6f9-8a5ec96d9db7', 'Roth Challenge TT', 'MANUAL', '2017-07-09 10:09:23+00', 2017, 7, 9, 4493, 4627, 5166, 43046, 78, 72, 1300),
      ('15cacc9e-3aee-54e2-8ba6-71e3e44bbd4c', '99a133db-4f9b-4a5b-b6f9-8a5ec96d9db7', 'Kraichgau TT', 'MANUAL', '2017-07-17 08:41:52+00', 2017, 7, 17, 1977, 2036, 2273, 18826, 89, 90, 505),
      ('0294b70a-bae6-5f56-8e19-99c344d546f0', '99a133db-4f9b-4a5b-b6f9-8a5ec96d9db7', 'Roth Challenge TT', 'MANUAL', '2017-07-20 14:48:42+00', 2017, 7, 20, 2263, 2330, 2602, 19769, 58, 58, 645),
      ('38372b33-9c36-596d-8f37-7a34ee3aa7a2', '99a133db-4f9b-4a5b-b6f9-8a5ec96d9db7', 'Frankfurt City TT', 'MANUAL', '2017-07-26 12:38:00+00', 2017, 7, 26, 3955, 4073, 4548, 41102, 107, 108, 999),
      ('b0d193eb-0d3e-5bf9-b841-853c36cd84ec', '99a133db-4f9b-4a5b-b6f9-8a5ec96d9db7', 'Heidelberg Airfield TT', 'MANUAL', '2017-07-28 10:36:52+00', 2017, 7, 28, 4652, 4791, 5349, 45339, 198, 192, 1281),
      ('132860cc-b3c8-58f6-afe9-b811c8ab9118', '99a133db-4f9b-4a5b-b6f9-8a5ec96d9db7', 'Heidelberg Airfield TT', 'MANUAL', '2017-08-15 16:57:47+00', 2017, 8, 15, 4397, 4528, 5056, 45709, 210, 214, 1090),
      ('cea9c0e0-e9a8-593a-b5b0-4cc3546a5afb', '99a133db-4f9b-4a5b-b6f9-8a5ec96d9db7', 'Frankfurt City TT', 'MANUAL', '2017-08-17 09:44:56+00', 2017, 8, 17, 3494, 3598, 4018, 35613, 153, 143, 832),
      ('e2af821c-7b16-5672-820f-46ca3bd56043', '99a133db-4f9b-4a5b-b6f9-8a5ec96d9db7', 'Club Evening TT', 'MANUAL', '2017-08-19 08:01:31+00', 2017, 8, 19, 4419, 4551, 5081, 46607, 95, 94, 1262),
      ('ab7f7b7a-d5d6-5d03-8390-a04710ef4f33', '99a133db-4f9b-4a5b-b6f9-8a5ec96d9db7', 'Roth Challenge TT', 'MANUAL', '2017-08-26 13:21:28+00', 2017, 8, 26, 3453, 3556, 3970, 33696, 70, 70, 813),
      ('f3fd381b-e52c-56d7-bfb6-d87c3b7b3fdf', '99a133db-4f9b-4a5b-b6f9-8a5ec96d9db7', 'Kaiserslautern Duathlon TT', 'MANUAL', '2017-08-27 16:42:53+00', 2017, 8, 27, 2728, 2809, 3137, 30005, 74, 74, 670),
      ('432cb2f8-4e45-52b8-829a-bbd704400df0', '99a133db-4f9b-4a5b-b6f9-8a5ec96d9db7', 'Frankfurt City TT', 'MANUAL', '2017-09-04 15:49:16+00', 2017, 9, 4, 3966, 4084, 4560, 38864, 74, 68, 876),
      ('0a5e97e9-41a6-52cc-8fbd-afb965280a6d', '99a133db-4f9b-4a5b-b6f9-8a5ec96d9db7', 'Kraichgau TT', 'MANUAL', '2017-09-27 15:08:11+00', 2017, 9, 27, 1646, 1695, 1892, 18325, 75, 72, 481),
      ('23e8b242-28af-5243-a996-a6d2b6b76651', '99a133db-4f9b-4a5b-b6f9-8a5ec96d9db7', 'Kraichgau TT', 'MANUAL', '2017-09-28 10:10:11+00', 2017, 9, 28, 3193, 3288, 3671, 33096, 151, 143, 895),
      ('84722343-b0ac-54a9-82cd-a57b0183cb0d', '99a133db-4f9b-4a5b-b6f9-8a5ec96d9db7', 'Kaiserslautern Duathlon TT', 'MANUAL', '2018-05-09 13:27:59+00', 2018, 5, 9, 3985, 4104, 4582, 41104, 150, 150, 881),
      ('d0ba83d6-b623-55f8-b5bb-1758320caa3f', '99a133db-4f9b-4a5b-b6f9-8a5ec96d9db7', 'Roth Challenge TT', 'MANUAL', '2018-05-12 08:09:11+00', 2018, 5, 12, 4803, 4947, 5523, 50826, 63, 58, 1328),
      ('6a81c53f-43b9-5c53-ac08-e1434db2b431', '99a133db-4f9b-4a5b-b6f9-8a5ec96d9db7', 'Kraichgau TT', 'MANUAL', '2018-05-26 08:14:46+00', 2018, 5, 26, 2321, 2390, 2669, 23235, 80, 74, 667),
      ('3d79c845-965d-5389-b85f-cc2a1c3cd546', '99a133db-4f9b-4a5b-b6f9-8a5ec96d9db7', 'Club Evening TT', 'MANUAL', '2018-06-06 16:21:20+00', 2018, 6, 6, 2522, 2597, 2900, 28685, 119, 120, 607),
      ('2e278832-9d07-56db-b15e-3c3f134e81e3', '99a133db-4f9b-4a5b-b6f9-8a5ec96d9db7', 'Club Evening TT', 'MANUAL', '2018-06-12 11:52:42+00', 2018, 6, 12, 6246, 6433, 7182, 54009, 160, 157, 1400),
      ('6c4d33bc-c1fc-57b9-8e47-31703e0e33c7', '99a133db-4f9b-4a5b-b6f9-8a5ec96d9db7', 'Kaiserslautern Duathlon TT', 'MANUAL', '2018-06-14 15:56:31+00', 2018, 6, 14, 5534, 5700, 6364, 47858, 65, 66, 1612),
      ('7fb78daf-923c-519d-9be5-b6ea030e4878', '99a133db-4f9b-4a5b-b6f9-8a5ec96d9db7', 'Frankfurt City TT', 'MANUAL', '2018-06-15 08:34:38+00', 2018, 6, 15, 4169, 4294, 4794, 37661, 129, 124, 1170),
      ('a71c7890-b7cc-5ade-bec4-51bd3115bbbc', '99a133db-4f9b-4a5b-b6f9-8a5ec96d9db7', 'Rhine Flats TT', 'MANUAL', '2018-06-20 12:29:07+00', 2018, 6, 20, 4941, 5089, 5682, 50331, 137, 136, 1186),
      ('5704c6f5-4c28-53d1-9b57-960249cd2c84', '99a133db-4f9b-4a5b-b6f9-8a5ec96d9db7', 'Rhine Flats TT', 'MANUAL', '2018-06-23 15:44:11+00', 2018, 6, 23, 1857, 1912, 2135, 18082, 75, 72, 544),
      ('dfdc92b3-4740-5de6-88f5-383c7da81cd9', '99a133db-4f9b-4a5b-b6f9-8a5ec96d9db7', 'Roth Challenge TT', 'MANUAL', '2018-06-26 13:06:26+00', 2018, 6, 26, 3873, 3989, 4453, 38036, 68, 68, 1089),
      ('f5b1c80b-0151-5a6e-927d-3e6fdc83b258', '99a133db-4f9b-4a5b-b6f9-8a5ec96d9db7', 'Kaiserslautern Duathlon TT', 'MANUAL', '2018-06-27 14:50:48+00', 2018, 6, 27, 2501, 2576, 2876, 24631, 38, 35, 633),
      ('6cb9f53c-fd04-5a46-b0c9-81e7a8a82229', '99a133db-4f9b-4a5b-b6f9-8a5ec96d9db7', 'Frankfurt City TT', 'MANUAL', '2018-07-03 14:29:29+00', 2018, 7, 3, 2813, 2897, 3234, 28886, 77, 76, 678),
      ('31b9a788-42f4-5ace-84df-b091b95478dc', '99a133db-4f9b-4a5b-b6f9-8a5ec96d9db7', 'Frankfurt City TT', 'MANUAL', '2018-07-09 15:27:24+00', 2018, 7, 9, 2265, 2332, 2604, 25584, 56, 52, 527),
      ('ad6c834c-48ba-55e6-82eb-e9466fe3996d', '99a133db-4f9b-4a5b-b6f9-8a5ec96d9db7', 'Heidelberg Airfield TT', 'MANUAL', '2018-07-12 14:48:09+00', 2018, 7, 12, 5381, 5542, 6188, 46611, 78, 78, 1393),
      ('0cc44acd-fa1e-57e2-ab89-53c9c1160685', '99a133db-4f9b-4a5b-b6f9-8a5ec96d9db7', 'Roth Challenge TT', 'MANUAL', '2018-07-13 16:17:45+00', 2018, 7, 13, 5435, 5598, 6250, 50890, 97, 96, 1497),
      ('9108d2ce-431a-566c-9a82-514e21973ff5', '99a133db-4f9b-4a5b-b6f9-8a5ec96d9db7', 'Frankfurt City TT', 'MANUAL', '2018-08-10 08:10:30+00', 2018, 8, 10, 3372, 3473, 3877, 33096, 128, 121, 977),
      ('b99839f9-cb3a-5e07-b888-136ee99ce4bd', '99a133db-4f9b-4a5b-b6f9-8a5ec96d9db7', 'Kaiserslautern Duathlon TT', 'MANUAL', '2018-08-26 15:09:01+00', 2018, 8, 26, 4794, 4937, 5513, 53403, 122, 113, 1421),
      ('d0c0b109-e135-5c6d-97d8-b9400b27a26a', '99a133db-4f9b-4a5b-b6f9-8a5ec96d9db7', 'Kraichgau TT', 'MANUAL', '2018-08-27 13:54:53+00', 2018, 8, 27, 4297, 4425, 4941, 42673, 91, 91, 1177),
      ('7bf9c1da-b8d0-54a2-bb78-c78363acb9ec', '99a133db-4f9b-4a5b-b6f9-8a5ec96d9db7', 'Kaiserslautern Duathlon TT', 'MANUAL', '2018-09-18 13:06:11+00', 2018, 9, 18, 2071, 2133, 2381, 20132, 20, 19, 570),
      ('c0490113-133a-5753-a8c6-3a8f35c4c882', '99a133db-4f9b-4a5b-b6f9-8a5ec96d9db7', 'Frankfurt City TT', 'MANUAL', '2018-09-21 10:41:26+00', 2018, 9, 21, 4408, 4540, 5069, 38548, 74, 74, 1294),
      ('daa7c81e-4916-5adb-8c2c-a6110901dd35', '99a133db-4f9b-4a5b-b6f9-8a5ec96d9db7', 'Kaiserslautern Duathlon TT', 'MANUAL', '2019-05-07 15:52:58+00', 2019, 5, 7, 5513, 5678, 6339, 48210, 169, 173, 1416),
      ('6b4f20ce-d320-552a-ba08-99e9b7ce151b', '99a133db-4f9b-4a5b-b6f9-8a5ec96d9db7', 'Kraichgau TT', 'MANUAL', '2019-05-10 14:24:08+00', 2019, 5, 10, 3773, 3886, 4338, 41180, 178, 175, 1116),
      ('eb5c8946-47f0-547c-8ef5-9fa5762818cc', '99a133db-4f9b-4a5b-b6f9-8a5ec96d9db7', 'Kaiserslautern Duathlon TT', 'MANUAL', '2019-05-15 14:44:44+00', 2019, 5, 15, 3714, 3825, 4271, 36906, 51, 48, 962),
      ('dcb7e566-9b93-5a4d-9f19-d0ed0e66e3f2', '99a133db-4f9b-4a5b-b6f9-8a5ec96d9db7', 'Frankfurt City TT', 'MANUAL', '2019-06-03 10:51:43+00', 2019, 6, 3, 4379, 4510, 5035, 49852, 216, 201, 1157),
      ('fd206bc7-a377-5004-bc18-846e12bb71fd', '99a133db-4f9b-4a5b-b6f9-8a5ec96d9db7', 'Heidelberg Airfield TT', 'MANUAL', '2019-06-04 16:57:47+00', 2019, 6, 4, 2996, 3085, 3445, 26976, 119, 117, 823),
      ('bdc01ae1-3da5-5a52-adcd-843e41062d2e', '99a133db-4f9b-4a5b-b6f9-8a5ec96d9db7', 'Club Evening TT', 'MANUAL', '2019-06-06 15:44:18+00', 2019, 6, 6, 2873, 2959, 3303, 30143, 122, 116, 765),
      ('33f31c10-5fda-5a22-9205-ad359a4e94c3', '99a133db-4f9b-4a5b-b6f9-8a5ec96d9db7', 'Heidelberg Airfield TT', 'MANUAL', '2019-06-11 13:51:06+00', 2019, 6, 11, 4982, 5131, 5729, 51797, 60, 60, 1310),
      ('8e419d73-6917-50d8-b17f-e4af626db258', '99a133db-4f9b-4a5b-b6f9-8a5ec96d9db7', 'Kraichgau TT', 'MANUAL', '2019-06-12 13:14:54+00', 2019, 6, 12, 3247, 3344, 3734, 34256, 119, 117, 797),
      ('95da6e48-a2d7-5fab-87e1-fa0fdc7139d6', '99a133db-4f9b-4a5b-b6f9-8a5ec96d9db7', 'Kaiserslautern Duathlon TT', 'MANUAL', '2019-06-20 09:18:30+00', 2019, 6, 20, 3087, 3179, 3550, 30949, 152, 148, 793),
      ('263e490a-9331-5e7a-9450-28f952be8db4', '99a133db-4f9b-4a5b-b6f9-8a5ec96d9db7', 'Club Evening TT', 'MANUAL', '2019-07-02 10:09:22+00', 2019, 7, 2, 5046, 5197, 5802, 51520, 183, 183, 1274),
      ('9292bd3a-33fa-518f-b8c4-17dbd22ecf1c', '99a133db-4f9b-4a5b-b6f9-8a5ec96d9db7', 'Kaiserslautern Duathlon TT', 'MANUAL', '2019-07-09 11:46:36+00', 2019, 7, 9, 3486, 3590, 4008, 34020, 42, 40, 783),
      ('d2e9a460-8195-5271-9b7a-731560887be4', '99a133db-4f9b-4a5b-b6f9-8a5ec96d9db7', 'Kaiserslautern Duathlon TT', 'MANUAL', '2019-07-21 12:03:49+00', 2019, 7, 21, 2572, 2649, 2957, 28706, 71, 69, 710),
      ('4a8fda53-7938-549a-a8d3-fcb4b548cdcd', '99a133db-4f9b-4a5b-b6f9-8a5ec96d9db7', 'Kraichgau TT', 'MANUAL', '2019-07-26 13:18:03+00', 2019, 7, 26, 3258, 3355, 3746, 32832, 54, 52, 717),
      ('da1fbe26-cc59-5fdb-a812-15c14a1fcd76', '99a133db-4f9b-4a5b-b6f9-8a5ec96d9db7', 'Roth Challenge TT', 'MANUAL', '2019-08-05 15:41:10+00', 2019, 8, 5, 3477, 3581, 3998, 38721, 171, 167, 991),
      ('67aee56f-5596-552e-a1db-5b0674e0dac8', '99a133db-4f9b-4a5b-b6f9-8a5ec96d9db7', 'Heidelberg Airfield TT', 'MANUAL', '2019-08-15 13:38:01+00', 2019, 8, 15, 1971, 2030, 2266, 21572, 86, 86, 587),
      ('62e23f34-7bcd-5741-a132-baadd33183bd', '99a133db-4f9b-4a5b-b6f9-8a5ec96d9db7', 'Kraichgau TT', 'MANUAL', '2019-08-18 08:54:37+00', 2019, 8, 18, 3787, 3900, 4355, 33042, 46, 43, 983),
      ('8cde24c3-7ca9-5131-b715-92b543e0ad3f', '99a133db-4f9b-4a5b-b6f9-8a5ec96d9db7', 'Club Evening TT', 'MANUAL', '2019-08-19 11:32:09+00', 2019, 8, 19, 4080, 4202, 4692, 45365, 144, 138, 909),
      ('48c3d1db-3618-54c2-a2be-8eb986dd2270', '99a133db-4f9b-4a5b-b6f9-8a5ec96d9db7', 'Heidelberg Airfield TT', 'MANUAL', '2019-08-24 12:01:51+00', 2019, 8, 24, 4508, 4643, 5184, 43868, 153, 152, 1304),
      ('43466cd6-b605-581b-b5df-cc6abdd2c9c8', '99a133db-4f9b-4a5b-b6f9-8a5ec96d9db7', 'Kaiserslautern Duathlon TT', 'MANUAL', '2019-08-28 12:55:20+00', 2019, 8, 28, 2007, 2067, 2308, 21976, 81, 82, 517),
      ('7ddab9e3-8636-5f0e-bcf8-63a13c7d2cbb', '99a133db-4f9b-4a5b-b6f9-8a5ec96d9db7', 'Kaiserslautern Duathlon TT', 'MANUAL', '2019-09-19 09:30:55+00', 2019, 9, 19, 2382, 2453, 2739, 24712, 92, 84, 559),
      ('836dac33-12d0-5a6c-affd-3a9d0c500cd0', '99a133db-4f9b-4a5b-b6f9-8a5ec96d9db7', 'Heidelberg Airfield TT', 'MANUAL', '2020-05-10 07:21:30+00', 2020, 5, 10, 5093, 5245, 5856, 54964, 249, 244, 1321),
      ('a82b508b-fa40-50eb-9a2f-ac240687ca9f', '99a133db-4f9b-4a5b-b6f9-8a5ec96d9db7', 'Roth Challenge TT', 'MANUAL', '2020-05-16 08:51:31+00', 2020, 5, 16, 2916, 3003, 3353, 27491, 85, 80, 741),
      ('c90a4d8c-08b9-50db-aeef-bb6dfdbbbf65', '99a133db-4f9b-4a5b-b6f9-8a5ec96d9db7', 'Rhine Flats TT', 'MANUAL', '2020-06-01 09:01:53+00', 2020, 6, 1, 3536, 3642, 4066, 40484, 149, 152, 1041),
      ('a60c3683-ee76-586a-88b8-68679a9c8a92', '99a133db-4f9b-4a5b-b6f9-8a5ec96d9db7', 'Frankfurt City TT', 'MANUAL', '2020-06-07 13:04:55+00', 2020, 6, 7, 4318, 4447, 4965, 40213, 182, 181, 952),
      ('186933ee-0c92-57bd-93a4-e92fbb70c021', '99a133db-4f9b-4a5b-b6f9-8a5ec96d9db7', 'Rhine Flats TT', 'MANUAL', '2020-06-10 09:18:22+00', 2020, 6, 10, 2759, 2841, 3172, 31664, 150, 140, 655),
      ('457b612f-1d64-53a8-9f62-628da5fd1d67', '99a133db-4f9b-4a5b-b6f9-8a5ec96d9db7', 'Kraichgau TT', 'MANUAL', '2020-06-23 11:02:22+00', 2020, 6, 23, 5077, 5229, 5838, 54374, 69, 68, 1485),
      ('8592eddd-30f9-5627-9c3a-474d7e44b0b9', '99a133db-4f9b-4a5b-b6f9-8a5ec96d9db7', 'Club Evening TT', 'MANUAL', '2020-07-01 12:11:29+00', 2020, 7, 1, 3912, 4029, 4498, 40187, 136, 134, 1033),
      ('39c04d7f-c726-53ae-b202-09ef3eac1986', '99a133db-4f9b-4a5b-b6f9-8a5ec96d9db7', 'Club Evening TT', 'MANUAL', '2020-07-07 07:39:29+00', 2020, 7, 7, 3005, 3095, 3455, 25784, 121, 123, 682),
      ('992a84d9-37b1-55be-9e02-982c7e229530', '99a133db-4f9b-4a5b-b6f9-8a5ec96d9db7', 'Kaiserslautern Duathlon TT', 'MANUAL', '2020-07-20 13:00:32+00', 2020, 7, 20, 5622, 5790, 6465, 54700, 229, 217, 1378),
      ('837911f3-a1ed-54b8-bf59-13af7b73bcc8', '99a133db-4f9b-4a5b-b6f9-8a5ec96d9db7', 'Club Evening TT', 'MANUAL', '2020-08-04 15:30:47+00', 2020, 8, 4, 4046, 4167, 4652, 41505, 57, 58, 1205),
      ('e1800518-aebd-525c-8c5a-ba2feb7f8029', '99a133db-4f9b-4a5b-b6f9-8a5ec96d9db7', 'Rhine Flats TT', 'MANUAL', '2020-08-09 11:11:01+00', 2020, 8, 9, 3137, 3231, 3607, 29403, 98, 95, 875),
      ('70c2967f-5868-51e2-85d7-0a73a3ae1b32', '99a133db-4f9b-4a5b-b6f9-8a5ec96d9db7', 'Frankfurt City TT', 'MANUAL', '2020-08-11 09:00:41+00', 2020, 8, 11, 3216, 3312, 3698, 30106, 59, 59, 774),
      ('0cec8a9e-0783-5d42-9abc-bbcca665dd26', '99a133db-4f9b-4a5b-b6f9-8a5ec96d9db7', 'Roth Challenge TT', 'MANUAL', '2020-08-19 09:28:00+00', 2020, 8, 19, 4574, 4711, 5260, 46157, 207, 210, 1042),
      ('a4048c2b-8707-567e-9b7a-f954cc864368', '99a133db-4f9b-4a5b-b6f9-8a5ec96d9db7', 'Frankfurt City TT', 'MANUAL', '2020-08-28 10:33:04+00', 2020, 8, 28, 3846, 3961, 4422, 36749, 43, 41, 1114),
      ('9b41abf3-a704-5dad-ae6f-e19f663aa09e', '99a133db-4f9b-4a5b-b6f9-8a5ec96d9db7', 'Frankfurt City TT', 'MANUAL', '2020-09-03 11:26:09+00', 2020, 9, 3, 3185, 3280, 3662, 27692, 54, 53, 915),
      ('b5445cea-f771-56a3-9cf1-6a13c60e9296', '99a133db-4f9b-4a5b-b6f9-8a5ec96d9db7', 'Rhine Flats TT', 'MANUAL', '2020-09-10 11:07:15+00', 2020, 9, 10, 6349, 6539, 7301, 54722, 272, 273, 1464),
      ('47be55eb-380c-5294-9302-70dfd53a264f', '99a133db-4f9b-4a5b-b6f9-8a5ec96d9db7', 'Heidelberg Airfield TT', 'MANUAL', '2020-09-15 11:52:54+00', 2020, 9, 15, 2487, 2561, 2860, 26328, 51, 49, 715),
      ('a7e2035a-fa41-504e-8c52-1838e9d44f64', '99a133db-4f9b-4a5b-b6f9-8a5ec96d9db7', 'Roth Challenge TT', 'MANUAL', '2020-09-20 07:52:47+00', 2020, 9, 20, 4027, 4147, 4631, 42340, 102, 101, 992),
      ('ead561a8-98cc-56f7-afeb-120e246d3eeb', '99a133db-4f9b-4a5b-b6f9-8a5ec96d9db7', 'Heidelberg Airfield TT', 'MANUAL', '2020-09-21 15:45:27+00', 2020, 9, 21, 4178, 4303, 4804, 38936, 79, 73, 1190),
      ('b5ef7cbe-cb34-52ea-a7fe-fd4ac558598c', '99a133db-4f9b-4a5b-b6f9-8a5ec96d9db7', 'Club Evening TT', 'MANUAL', '2020-09-27 16:23:15+00', 2020, 9, 27, 3676, 3786, 4227, 32037, 98, 96, 931),
      ('bf03aa82-1944-523d-91d5-0cc277a997a9', 'f36ec9a6-5bf8-5a30-b86d-81389f710db4', 'Eifel Gravel Loop', 'MANUAL', '2016-04-03 15:45:14+00', 2016, 4, 3, 15271, 15729, 17561, 84777, 1389, 1367, 2455),
      ('07c8b767-d1cd-5bdc-87b7-d279581b5baa', 'f36ec9a6-5bf8-5a30-b86d-81389f710db4', 'Flanders Farm Tracks', 'MANUAL', '2016-04-07 10:16:21+00', 2016, 4, 7, 17645, 18174, 20291, 92574, 1359, 1308, 2778),
      ('9d17b5b0-4f61-5aa3-80b4-6861dd2fda07', 'f36ec9a6-5bf8-5a30-b86d-81389f710db4', 'Baltic Coast Gravel', 'MANUAL', '2016-04-09 09:56:23+00', 2016, 4, 9, 11119, 11452, 12786, 57093, 969, 902, 1750),
      ('bca445d4-de18-54c7-9c6f-c2e1d71820bf', 'f36ec9a6-5bf8-5a30-b86d-81389f710db4', 'Black Forest Crossing', 'MANUAL', '2016-05-15 11:02:29+00', 2016, 5, 15, 13824, 14238, 15897, 75491, 1418, 1457, 2997),
      ('b716acad-b8eb-5de4-a5a9-a42b81b35f99', 'f36ec9a6-5bf8-5a30-b86d-81389f710db4', 'Taunus Gravel', 'MANUAL', '2016-06-13 14:27:20+00', 2016, 6, 13, 10511, 10826, 12087, 59929, 937, 929, 1733),
      ('3002c40d-6569-5542-b03e-148ea3dca32d', 'f36ec9a6-5bf8-5a30-b86d-81389f710db4', 'Odenwald Gravel Tour', 'MANUAL', '2016-06-17 15:44:53+00', 2016, 6, 17, 9895, 10191, 11379, 60263, 550, 520, 2028),
      ('df5819f3-ce97-57c2-8ff9-6ad599a573c1', 'f36ec9a6-5bf8-5a30-b86d-81389f710db4', 'Vosges Forest Gravel', 'MANUAL', '2016-07-01 11:53:42+00', 2016, 7, 1, 13743, 14155, 15804, 85783, 1297, 1318, 2533),
      ('e8b6509d-2014-5ecb-af20-b4b5cb998aea', 'f36ec9a6-5bf8-5a30-b86d-81389f710db4', 'Baltic Coast Gravel', 'MANUAL', '2016-07-12 11:11:14+00', 2016, 7, 12, 11875, 12231, 13656, 63530, 979, 996, 1910),
      ('36db3dfc-0aa9-58d2-b4d6-f740694a59e8', 'f36ec9a6-5bf8-5a30-b86d-81389f710db4', 'Taunus Gravel', 'MANUAL', '2016-07-13 12:55:01+00', 2016, 7, 13, 5178, 5333, 5954, 32940, 570, 542, 994),
      ('faff618c-26df-5bf9-bc76-6b68a5a5f936', 'f36ec9a6-5bf8-5a30-b86d-81389f710db4', 'Odenwald Gravel Tour', 'MANUAL', '2016-07-14 07:38:33+00', 2016, 7, 14, 10959, 11287, 12602, 64893, 1240, 1177, 1821),
      ('cc7c0b7f-dcea-5e18-9233-c7567449f245', 'f36ec9a6-5bf8-5a30-b86d-81389f710db4', 'Strade Bianche Gran Fondo', 'MANUAL', '2016-07-15 12:25:11+00', 2016, 7, 15, 8638, 8897, 9933, 45755, 414, 411, 1521),
      ('ca8ae94c-e97b-53eb-83c4-33c462ed44ea', 'f36ec9a6-5bf8-5a30-b86d-81389f710db4', 'Eifel Gravel Loop', 'MANUAL', '2016-08-07 12:20:58+00', 2016, 8, 7, 14100, 14523, 16214, 77384, 717, 666, 2517),
      ('0d6eb1b7-8047-5957-a839-f522f44a8db9', 'f36ec9a6-5bf8-5a30-b86d-81389f710db4', 'Odenwald Gravel Tour', 'MANUAL', '2016-09-11 11:18:07+00', 2016, 9, 11, 10155, 10459, 11678, 64379, 895, 906, 1923),
      ('7fda7d9a-dc4f-54c6-93f9-733f603eeeec', 'f36ec9a6-5bf8-5a30-b86d-81389f710db4', 'Flanders Farm Tracks', 'MANUAL', '2016-09-21 10:02:11+00', 2016, 9, 21, 14479, 14913, 16650, 78001, 953, 923, 3044),
      ('b2566535-1b6f-5737-953d-3c2831fe79d1', 'f36ec9a6-5bf8-5a30-b86d-81389f710db4', 'Baltic Coast Gravel', 'MANUAL', '2016-10-12 10:00:21+00', 2016, 10, 12, 7556, 7782, 8689, 44260, 670, 653, 1284),
      ('6343541f-3adf-59a4-840d-f2273869f40c', 'f36ec9a6-5bf8-5a30-b86d-81389f710db4', 'Black Forest Crossing', 'MANUAL', '2016-10-16 09:37:03+00', 2016, 10, 16, 16238, 16725, 18673, 89494, 809, 796, 2630),
      ('e66734fe-5ded-53e8-9875-5b3153c1653b', 'f36ec9a6-5bf8-5a30-b86d-81389f710db4', 'Baltic Coast Gravel', 'MANUAL', '2016-11-04 16:54:54+00', 2016, 11, 4, 11317, 11656, 13014, 73115, 1195, 1161, 2339),
      ('e56245ff-3e2a-5f15-ac31-f1e9562a2eea', 'f36ec9a6-5bf8-5a30-b86d-81389f710db4', 'Eifel Gravel Loop', 'MANUAL', '2016-11-17 16:41:26+00', 2016, 11, 17, 10994, 11323, 12643, 59703, 578, 572, 2295),
      ('de5271ee-2721-5f60-ab56-756febeb8aa9', 'f36ec9a6-5bf8-5a30-b86d-81389f710db4', 'Strade Bianche Gran Fondo', 'MANUAL', '2016-12-06 12:24:32+00', 2016, 12, 6, 14747, 15189, 16959, 76408, 717, 689, 2472),
      ('7f47a898-7b1a-5138-be65-67f50ea95214', 'f36ec9a6-5bf8-5a30-b86d-81389f710db4', 'Odenwald Gravel Tour', 'MANUAL', '2016-12-22 10:44:50+00', 2016, 12, 22, 15480, 15944, 17802, 92413, 1812, 1833, 3237),
      ('440ab159-1c42-525e-aebb-5e26a61b68ab', 'f36ec9a6-5bf8-5a30-b86d-81389f710db4', 'Taunus Gravel', 'MANUAL', '2017-03-24 07:21:56+00', 2017, 3, 24, 8807, 9071, 10128, 51363, 792, 787, 1484),
      ('13fbed04-ef7b-5fcd-ac9f-f0c41c3ad8ff', 'f36ec9a6-5bf8-5a30-b86d-81389f710db4', 'Taunus Gravel', 'MANUAL', '2017-04-02 12:58:59+00', 2017, 4, 2, 4855, 5000, 5583, 26304, 500, 476, 1048),
      ('d45c5168-dbfb-5f87-aaa3-09dce6c5c496', 'f36ec9a6-5bf8-5a30-b86d-81389f710db4', 'Black Forest Crossing', 'MANUAL', '2017-05-04 09:23:47+00', 2017, 5, 4, 17508, 18033, 20134, 94992, 1242, 1232, 3332),
      ('6e737847-b5b1-5228-b524-4cad0f798f81', 'f36ec9a6-5bf8-5a30-b86d-81389f710db4', 'Black Forest Crossing', 'MANUAL', '2017-05-06 12:28:04+00', 2017, 5, 6, 14627, 15065, 16821, 75740, 1295, 1199, 2500),
      ('6a17468b-1fc2-5a38-8e62-a30be2e5dbb3', 'f36ec9a6-5bf8-5a30-b86d-81389f710db4', 'Baltic Coast Gravel', 'MANUAL', '2017-05-09 09:15:52+00', 2017, 5, 9, 14281, 14709, 16423, 85075, 1274, 1256, 2581),
      ('d1ef62ba-5170-5c73-8b88-6484ce7e1e5c', 'f36ec9a6-5bf8-5a30-b86d-81389f710db4', 'Eifel Gravel Loop', 'MANUAL', '2017-05-10 12:52:29+00', 2017, 5, 10, 11855, 12210, 13633, 72172, 1315, 1334, 2314),
      ('b2e36907-7e5e-5cf1-b599-13a15b80d686', 'f36ec9a6-5bf8-5a30-b86d-81389f710db4', 'Strade Bianche Gran Fondo', 'MANUAL', '2017-06-12 13:27:05+00', 2017, 6, 12, 9798, 10091, 11267, 57129, 1129, 1148, 1895),
      ('cd485300-ae53-5342-88d1-aa4642ea9fe8', 'f36ec9a6-5bf8-5a30-b86d-81389f710db4', 'Baltic Coast Gravel', 'MANUAL', '2017-06-18 09:25:04+00', 2017, 6, 18, 4567, 4704, 5252, 28047, 389, 377, 687),
      ('49d1d4b5-ec20-5832-b9af-6326137c8783', 'f36ec9a6-5bf8-5a30-b86d-81389f710db4', 'Vosges Forest Gravel', 'MANUAL', '2017-06-24 09:41:43+00', 2017, 6, 24, 4777, 4920, 5493, 27628, 203, 187, 742),
      ('537f8ff1-1fc8-58bc-b15d-d64be17309bc', 'f36ec9a6-5bf8-5a30-b86d-81389f710db4', 'Baltic Coast Gravel', 'MANUAL', '2017-07-09 16:52:18+00', 2017, 7, 9, 6362, 6552, 7316, 36252, 556, 567, 1020),
      ('3d9e6e39-c74f-599f-9145-86d0792ec4de', 'f36ec9a6-5bf8-5a30-b86d-81389f710db4', 'Black Forest Crossing', 'MANUAL', '2017-07-17 12:03:44+00', 2017, 7, 17, 5672, 5842, 6522, 37880, 545, 549, 1093),
      ('9e3e4502-9404-52b1-9c52-6e60a1992674', 'f36ec9a6-5bf8-5a30-b86d-81389f710db4', 'Strade Bianche Gran Fondo', 'MANUAL', '2017-08-08 15:48:59+00', 2017, 8, 8, 7500, 7725, 8625, 50170, 805, 802, 1426),
      ('b7d54e80-282b-5e02-9894-58bb3d839018', 'f36ec9a6-5bf8-5a30-b86d-81389f710db4', 'Black Forest Crossing', 'MANUAL', '2017-08-14 15:11:36+00', 2017, 8, 14, 10776, 11099, 12392, 65334, 1227, 1211, 2122),
      ('4f829210-69c4-5a33-98c4-40686be454ca', 'f36ec9a6-5bf8-5a30-b86d-81389f710db4', 'Eifel Gravel Loop', 'MANUAL', '2017-08-21 10:48:07+00', 2017, 8, 21, 13424, 13826, 15437, 71894, 945, 958, 2738),
      ('244a6ce1-4666-54f2-8187-585c62bab2ea', 'f36ec9a6-5bf8-5a30-b86d-81389f710db4', 'Vosges Forest Gravel', 'MANUAL', '2017-08-27 12:50:52+00', 2017, 8, 27, 10504, 10819, 12079, 62081, 888, 904, 1599),
      ('3433dd4d-1d62-5b5d-9fdb-b1dbf8899c7b', 'f36ec9a6-5bf8-5a30-b86d-81389f710db4', 'Baltic Coast Gravel', 'MANUAL', '2017-09-19 13:34:48+00', 2017, 9, 19, 16703, 17204, 19208, 86046, 600, 568, 3515),
      ('d85e78e3-3504-5bb9-9511-d4a513aa124b', 'f36ec9a6-5bf8-5a30-b86d-81389f710db4', 'Odenwald Gravel Tour', 'MANUAL', '2017-10-14 15:39:41+00', 2017, 10, 14, 16272, 16760, 18712, 93331, 1405, 1374, 2475),
      ('0c740c8b-ad44-5d31-84e2-f90cd0d8b124', 'f36ec9a6-5bf8-5a30-b86d-81389f710db4', 'Eifel Gravel Loop', 'MANUAL', '2017-10-22 07:09:25+00', 2017, 10, 22, 7390, 7611, 8498, 37774, 344, 334, 1124),
      ('17df39f8-0fa1-5bfa-ae06-b04136060cda', 'f36ec9a6-5bf8-5a30-b86d-81389f710db4', 'Flanders Farm Tracks', 'MANUAL', '2017-10-28 15:22:26+00', 2017, 10, 28, 14104, 14527, 16219, 83467, 1117, 1071, 3001),
      ('e9199463-6cf5-5c88-9707-fb4fc88cc18c', 'f36ec9a6-5bf8-5a30-b86d-81389f710db4', 'Odenwald Gravel Tour', 'MANUAL', '2017-11-26 11:03:16+00', 2017, 11, 26, 11069, 11401, 12729, 61556, 443, 448, 1863),
      ('3ef8c009-266b-596c-b2fd-8330a25e36dd', 'f36ec9a6-5bf8-5a30-b86d-81389f710db4', 'Baltic Coast Gravel', 'MANUAL', '2018-03-02 13:06:46+00', 2018, 3, 2, 4742, 4884, 5453, 27062, 298, 281, 947),
      ('7382fe2d-c218-5b86-be36-2b302b10a445', 'f36ec9a6-5bf8-5a30-b86d-81389f710db4', 'Taunus Gravel', 'MANUAL', '2018-03-11 16:47:30+00', 2018, 3, 11, 6054, 6235, 6962, 34331, 680, 641, 1095),
      ('7f4cb48e-2553-506d-bcac-f836d7fe94e1', 'f36ec9a6-5bf8-5a30-b86d-81389f710db4', 'Taunus Gravel', 'MANUAL', '2018-03-13 12:53:35+00', 2018, 3, 13, 5868, 6044, 6748, 36313, 256, 255, 1241),
      ('93fc6c4f-426a-593e-a70b-0a6aa0ec74f2', 'f36ec9a6-5bf8-5a30-b86d-81389f710db4', 'Black Forest Crossing', 'MANUAL', '2018-03-16 11:21:16+00', 2018, 3, 16, 8083, 8325, 9295, 47916, 450, 424, 1620),
      ('572a7552-d285-5731-b103-24a655d5a22b', 'f36ec9a6-5bf8-5a30-b86d-81389f710db4', 'Odenwald Gravel Tour', 'MANUAL', '2018-03-20 09:12:38+00', 2018, 3, 20, 6357, 6547, 7310, 42196, 627, 641, 1300),
      ('053257f4-7205-571b-a6c9-d99b2f69769d', 'f36ec9a6-5bf8-5a30-b86d-81389f710db4', 'Strade Bianche Gran Fondo', 'MANUAL', '2018-04-04 10:20:09+00', 2018, 4, 4, 5843, 6018, 6719, 35167, 583, 560, 1135),
      ('44ad7827-c4cc-569d-83fb-ca3ab6e17f9c', 'f36ec9a6-5bf8-5a30-b86d-81389f710db4', 'Black Forest Crossing', 'MANUAL', '2018-05-06 12:41:52+00', 2018, 5, 6, 6148, 6332, 7070, 33279, 211, 198, 1127),
      ('680c52ad-85ab-50e0-9ef0-44134ee197fc', 'f36ec9a6-5bf8-5a30-b86d-81389f710db4', 'Baltic Coast Gravel', 'MANUAL', '2018-05-18 12:09:40+00', 2018, 5, 18, 5623, 5791, 6466, 30732, 560, 540, 1046),
      ('84a80213-e8ec-577a-bfe8-c98b3f1efb60', 'f36ec9a6-5bf8-5a30-b86d-81389f710db4', 'Black Forest Crossing', 'MANUAL', '2018-06-11 14:29:56+00', 2018, 6, 11, 4524, 4659, 5202, 30320, 351, 361, 685),
      ('71579c89-326f-5fe1-824d-6c094857503d', 'f36ec9a6-5bf8-5a30-b86d-81389f710db4', 'Taunus Gravel', 'MANUAL', '2018-06-12 16:37:12+00', 2018, 6, 12, 7301, 7520, 8396, 38383, 447, 451, 1527),
      ('9b9b1bde-e034-5d60-bd21-a256b4e1888b', 'f36ec9a6-5bf8-5a30-b86d-81389f710db4', 'Black Forest Crossing', 'MANUAL', '2018-06-14 16:46:21+00', 2018, 6, 14, 8059, 8300, 9267, 43157, 573, 553, 1630),
      ('75c73ac1-c613-5590-a5f0-330aa897aa12', 'f36ec9a6-5bf8-5a30-b86d-81389f710db4', 'Flanders Farm Tracks', 'MANUAL', '2018-06-25 15:32:54+00', 2018, 6, 25, 9363, 9643, 10767, 49511, 384, 395, 1843),
      ('55844a9a-4dba-5e18-beb4-d6198a5b1c9a', 'f36ec9a6-5bf8-5a30-b86d-81389f710db4', 'Odenwald Gravel Tour', 'MANUAL', '2018-06-27 13:17:49+00', 2018, 6, 27, 7176, 7391, 8252, 46104, 369, 369, 1236),
      ('71d468b7-1983-58cf-abc7-12a74e66742d', 'f36ec9a6-5bf8-5a30-b86d-81389f710db4', 'Baltic Coast Gravel', 'MANUAL', '2018-07-04 16:35:26+00', 2018, 7, 4, 8752, 9014, 10064, 50816, 844, 867, 1889),
      ('86fbeb1e-793a-57db-8032-e966e3cfccc4', 'f36ec9a6-5bf8-5a30-b86d-81389f710db4', 'Eifel Gravel Loop', 'MANUAL', '2018-08-02 13:17:16+00', 2018, 8, 2, 8193, 8438, 9421, 53573, 714, 685, 1445),
      ('225dc3c9-22ff-56ab-9437-58d1e973362d', 'f36ec9a6-5bf8-5a30-b86d-81389f710db4', 'Odenwald Gravel Tour', 'MANUAL', '2018-08-17 10:30:52+00', 2018, 8, 17, 8828, 9092, 10152, 57032, 1094, 1040, 1784),
      ('36783aec-a8de-52b4-abaa-7343bd4a4542', 'f36ec9a6-5bf8-5a30-b86d-81389f710db4', 'Strade Bianche Gran Fondo', 'MANUAL', '2018-08-19 16:38:23+00', 2018, 8, 19, 8595, 8852, 9884, 57201, 1134, 1079, 1789),
      ('f3c3c7d6-dde4-5f67-82a4-6a3ff2cef1b4', 'f36ec9a6-5bf8-5a30-b86d-81389f710db4', 'Strade Bianche Gran Fondo', 'MANUAL', '2018-09-01 13:24:41+00', 2018, 9, 1, 8738, 9000, 10048, 46712, 589, 552, 1896),
      ('c8f0fa79-c613-5fbc-a43e-7e0545c05b0b', 'f36ec9a6-5bf8-5a30-b86d-81389f710db4', 'Baltic Coast Gravel', 'MANUAL', '2018-10-23 11:25:32+00', 2018, 10, 23, 8043, 8284, 9249, 45996, 615, 582, 1578),
      ('c15c8da1-6891-55a2-90c0-e325a22e2d37', 'f36ec9a6-5bf8-5a30-b86d-81389f710db4', 'Taunus Gravel', 'MANUAL', '2018-11-08 16:14:46+00', 2018, 11, 8, 9272, 9550, 10662, 46556, 656, 673, 1871),
      ('49adbd09-85c7-569a-a229-0bb2fc29e1fc', 'f36ec9a6-5bf8-5a30-b86d-81389f710db4', 'Strade Bianche Gran Fondo', 'MANUAL', '2019-03-02 12:32:44+00', 2019, 3, 2, 7688, 7918, 8841, 47092, 369, 341, 1444),
      ('7cfed9c0-4603-5b5e-97f9-28fa7f479549', 'f36ec9a6-5bf8-5a30-b86d-81389f710db4', 'Odenwald Gravel Tour', 'MANUAL', '2019-03-22 16:10:41+00', 2019, 3, 22, 13230, 13626, 15214, 78803, 1224, 1197, 2311),
      ('95902a71-6f3a-5f27-8831-13cbb0cd8078', 'f36ec9a6-5bf8-5a30-b86d-81389f710db4', 'Black Forest Crossing', 'MANUAL', '2019-03-28 15:14:29+00', 2019, 3, 28, 6081, 6263, 6993, 36780, 297, 289, 1159),
      ('f048fa9e-348a-544a-a490-1c11acada2cf', 'f36ec9a6-5bf8-5a30-b86d-81389f710db4', 'Eifel Gravel Loop', 'MANUAL', '2019-04-28 12:02:07+00', 2019, 4, 28, 5425, 5587, 6238, 33068, 441, 426, 1104),
      ('36079c6b-6e20-5c25-b9a6-bef0ead932a3', 'f36ec9a6-5bf8-5a30-b86d-81389f710db4', 'Vosges Forest Gravel', 'MANUAL', '2019-05-27 14:31:14+00', 2019, 5, 27, 7569, 7796, 8704, 47392, 883, 905, 1169),
      ('33d87e3e-7b45-5978-9bde-f0ee9a0d15e7', 'f36ec9a6-5bf8-5a30-b86d-81389f710db4', 'Taunus Gravel', 'MANUAL', '2019-06-26 09:26:33+00', 2019, 6, 26, 15717, 16188, 18074, 85943, 1468, 1463, 2664),
      ('73f9e858-c7d9-5945-b3bc-b2b6cc9d4522', 'f36ec9a6-5bf8-5a30-b86d-81389f710db4', 'Flanders Farm Tracks', 'MANUAL', '2019-07-01 16:08:38+00', 2019, 7, 1, 6827, 7031, 7851, 41527, 352, 338, 1310),
      ('7e1d75aa-4026-5c52-8529-727d29920429', 'f36ec9a6-5bf8-5a30-b86d-81389f710db4', 'Taunus Gravel', 'MANUAL', '2019-07-11 10:36:15+00', 2019, 7, 11, 16360, 16850, 18814, 89576, 979, 981, 2484),
      ('0fe1c506-da1b-5f91-95a5-6edb3c375f85', 'f36ec9a6-5bf8-5a30-b86d-81389f710db4', 'Flanders Farm Tracks', 'MANUAL', '2019-07-18 14:54:29+00', 2019, 7, 18, 10925, 11252, 12563, 58364, 729, 709, 2182),
      ('96b91700-9680-586b-bd1b-4e3823ef2f8f', 'f36ec9a6-5bf8-5a30-b86d-81389f710db4', 'Black Forest Crossing', 'MANUAL', '2019-07-28 12:43:14+00', 2019, 7, 28, 5201, 5357, 5981, 29649, 505, 515, 850),
      ('67daa3db-1012-5817-b861-cc8065efa843', 'f36ec9a6-5bf8-5a30-b86d-81389f710db4', 'Baltic Coast Gravel', 'MANUAL', '2019-08-03 16:57:23+00', 2019, 8, 3, 12564, 12940, 14448, 71341, 1315, 1307, 2315),
      ('08a89bf0-6b90-5cba-9c09-757507685736', 'f36ec9a6-5bf8-5a30-b86d-81389f710db4', 'Taunus Gravel', 'MANUAL', '2019-08-10 16:20:55+00', 2019, 8, 10, 11792, 12145, 13560, 69711, 1267, 1275, 1842),
      ('24e53d54-4a2c-5635-a19f-b360cb5e0192', 'f36ec9a6-5bf8-5a30-b86d-81389f710db4', 'Black Forest Crossing', 'MANUAL', '2019-09-02 07:03:00+00', 2019, 9, 2, 4032, 4152, 4636, 26838, 310, 295, 717),
      ('e8f3a1d8-297d-5bbc-9df0-bd2d2ee6244d', 'f36ec9a6-5bf8-5a30-b86d-81389f710db4', 'Vosges Forest Gravel', 'MANUAL', '2019-09-14 08:10:55+00', 2019, 9, 14, 14345, 14775, 16496, 93054, 1644, 1639, 2497),
      ('783c58d3-e965-5a72-a9e6-ff702fb373c5', 'f36ec9a6-5bf8-5a30-b86d-81389f710db4', 'Taunus Gravel', 'MANUAL', '2019-09-18 07:36:37+00', 2019, 9, 18, 11948, 12306, 13740, 64445, 1224, 1136, 2021),
      ('64865bef-c9e6-5882-98a1-dea29fde2756', 'f36ec9a6-5bf8-5a30-b86d-81389f710db4', 'Eifel Gravel Loop', 'MANUAL', '2019-10-09 13:30:28+00', 2019, 10, 9, 10880, 11206, 12511, 61278, 654, 629, 2021),
      ('d71291e1-2c29-5e1b-b357-1fe32356a029', 'f36ec9a6-5bf8-5a30-b86d-81389f710db4', 'Strade Bianche Gran Fondo', 'MANUAL', '2019-10-10 13:09:22+00', 2019, 10, 10, 10691, 11011, 12294, 58078, 353, 353, 2253),
      ('00ae4440-ae20-595d-b73f-944ed9dd5a83', 'f36ec9a6-5bf8-5a30-b86d-81389f710db4', 'Odenwald Gravel Tour', 'MANUAL', '2019-10-28 16:01:21+00', 2019, 10, 28, 15408, 15870, 17719, 83108, 1139, 1163, 3065),
      ('7d58754a-1466-5d90-98e6-263d4a723e08', 'f36ec9a6-5bf8-5a30-b86d-81389f710db4', 'Odenwald Gravel Tour', 'MANUAL', '2019-11-07 13:26:43+00', 2019, 11, 7, 9754, 10046, 11217, 64812, 909, 854, 2129),
      ('22ef9a0f-8b05-54e1-8573-2b488e1edf5b', 'f36ec9a6-5bf8-5a30-b86d-81389f710db4', 'Taunus Gravel', 'MANUAL', '2019-11-09 16:59:48+00', 2019, 11, 9, 6751, 6953, 7763, 40917, 482, 465, 1090),
      ('f2ac35cb-0f1e-566d-8e88-ec93423876b3', 'f36ec9a6-5bf8-5a30-b86d-81389f710db4', 'Vosges Forest Gravel', 'MANUAL', '2020-03-04 08:10:27+00', 2020, 3, 4, 16787, 17290, 19305, 83760, 1630, 1636, 2584),
      ('6f458b9e-a0e4-5dcb-8349-b50786ae1685', 'f36ec9a6-5bf8-5a30-b86d-81389f710db4', 'Flanders Farm Tracks', 'MANUAL', '2020-03-25 07:56:18+00', 2020, 3, 25, 5616, 5784, 6458, 36559, 409, 382, 934),
      ('cdae7a01-cb72-515e-9c86-fd225c148200', 'f36ec9a6-5bf8-5a30-b86d-81389f710db4', 'Odenwald Gravel Tour', 'MANUAL', '2020-04-01 12:53:41+00', 2020, 4, 1, 12786, 13169, 14703, 67450, 696, 644, 2200),
      ('dc1f6d74-a88c-59f7-aa34-a7ccc5732cf8', 'f36ec9a6-5bf8-5a30-b86d-81389f710db4', 'Strade Bianche Gran Fondo', 'MANUAL', '2020-04-12 11:07:40+00', 2020, 4, 12, 8509, 8764, 9785, 55346, 446, 429, 1293),
      ('d1594078-05d4-57c9-a411-09c0a7c03246', 'f36ec9a6-5bf8-5a30-b86d-81389f710db4', 'Baltic Coast Gravel', 'MANUAL', '2020-05-02 08:34:43+00', 2020, 5, 2, 4353, 4483, 5005, 25636, 440, 414, 769),
      ('83149319-a157-5a49-abf2-65298bf61f78', 'f36ec9a6-5bf8-5a30-b86d-81389f710db4', 'Baltic Coast Gravel', 'MANUAL', '2020-05-08 12:31:26+00', 2020, 5, 8, 11009, 11339, 12660, 69117, 1313, 1296, 2215),
      ('178269bb-caf1-57e4-b6f4-d2dee5e38e1b', 'f36ec9a6-5bf8-5a30-b86d-81389f710db4', 'Strade Bianche Gran Fondo', 'MANUAL', '2020-06-05 08:14:51+00', 2020, 6, 5, 8911, 9178, 10247, 49313, 639, 588, 1888),
      ('be970636-2be4-5100-a92e-a0898cb58e1a', 'f36ec9a6-5bf8-5a30-b86d-81389f710db4', 'Baltic Coast Gravel', 'MANUAL', '2020-07-09 10:29:57+00', 2020, 7, 9, 14844, 15289, 17070, 87392, 1380, 1280, 2285),
      ('8f455c52-546f-5954-967a-2a0b175375e5', 'f36ec9a6-5bf8-5a30-b86d-81389f710db4', 'Baltic Coast Gravel', 'MANUAL', '2020-07-23 07:18:43+00', 2020, 7, 23, 17752, 18284, 20414, 88745, 938, 890, 2964),
      ('26c55ce1-33fa-59b9-91c8-8c31b7cd9035', 'f36ec9a6-5bf8-5a30-b86d-81389f710db4', 'Strade Bianche Gran Fondo', 'MANUAL', '2020-08-02 14:18:07+00', 2020, 8, 2, 7462, 7685, 8581, 46871, 828, 794, 1156),
      ('3fd8eba1-ad4c-5348-8dd8-6a598cb19dea', 'f36ec9a6-5bf8-5a30-b86d-81389f710db4', 'Taunus Gravel', 'MANUAL', '2020-08-18 07:29:56+00', 2020, 8, 18, 13553, 13959, 15585, 83730, 883, 862, 2085),
      ('a14771ff-e255-5dff-bc46-7a0240263337', 'f36ec9a6-5bf8-5a30-b86d-81389f710db4', 'Odenwald Gravel Tour', 'MANUAL', '2020-08-24 12:42:54+00', 2020, 8, 24, 15399, 15860, 17708, 78901, 1337, 1271, 2319),
      ('899f6223-633f-5195-8994-a40db7458b6c', 'f36ec9a6-5bf8-5a30-b86d-81389f710db4', 'Black Forest Crossing', 'MANUAL', '2020-08-25 12:23:13+00', 2020, 8, 25, 9104, 9377, 10469, 47151, 312, 297, 1574),
      ('78887d41-016f-5800-9b84-3e952a0fc1be', 'f36ec9a6-5bf8-5a30-b86d-81389f710db4', 'Baltic Coast Gravel', 'MANUAL', '2020-08-26 15:23:57+00', 2020, 8, 26, 5127, 5280, 5896, 31999, 382, 389, 1090),
      ('c2e017db-0e3e-5b96-b3e9-25ef5d858b78', 'f36ec9a6-5bf8-5a30-b86d-81389f710db4', 'Flanders Farm Tracks', 'MANUAL', '2020-09-03 15:28:00+00', 2020, 9, 3, 9753, 10045, 11215, 57368, 976, 996, 1934),
      ('4aece0c5-e591-57ee-8c86-1ec8907006e1', 'f36ec9a6-5bf8-5a30-b86d-81389f710db4', 'Flanders Farm Tracks', 'MANUAL', '2020-09-04 09:56:18+00', 2020, 9, 4, 8349, 8599, 9601, 48273, 568, 551, 1762),
      ('6ff64e56-5894-55ec-8cbd-883ecf0fab51', 'f36ec9a6-5bf8-5a30-b86d-81389f710db4', 'Strade Bianche Gran Fondo', 'MANUAL', '2020-09-06 13:36:53+00', 2020, 9, 6, 9676, 9966, 11127, 56191, 755, 751, 1616),
      ('04d36c0a-582a-5ba8-a9bd-02634add308f', 'f36ec9a6-5bf8-5a30-b86d-81389f710db4', 'Baltic Coast Gravel', 'MANUAL', '2020-09-08 09:34:57+00', 2020, 9, 8, 12054, 12415, 13862, 80626, 512, 516, 2248),
      ('81cbaac7-0e79-550e-bd9f-fdb7d7d81a06', 'f36ec9a6-5bf8-5a30-b86d-81389f710db4', 'Odenwald Gravel Tour', 'MANUAL', '2020-10-05 08:04:05+00', 2020, 10, 5, 4769, 4912, 5484, 29497, 361, 346, 750),
      ('0bbf8e26-3b00-5a36-be70-999d0aec974a', 'f36ec9a6-5bf8-5a30-b86d-81389f710db4', 'Baltic Coast Gravel', 'MANUAL', '2020-10-20 14:14:19+00', 2020, 10, 20, 13369, 13770, 15374, 80166, 727, 718, 2466);

INSERT INTO maintenance_task (id, bike_id, name, distance_interval, time_interval) VALUES
      ('0399e6f1-130f-5b8b-8167-e7de8d2cc845', '70556a9d-bf01-42eb-b882-b5938fff7023', 'Wax chain', 300000, null),
      ('239eb3d0-5241-5aa6-ad5d-8164e9496f1b', '70556a9d-bf01-42eb-b882-b5938fff7023', 'Annual service', null, 31536000),
      ('61d8b83f-bdef-576e-a3dc-24be9dc22189', '99a133db-4f9b-4a5b-b6f9-8a5ec96d9db7', 'Drivetrain deep clean', null, 15768000),
      ('b33e2a82-a16a-5a88-9fb8-1a312cded32e', 'f36ec9a6-5bf8-5a30-b86d-81389f710db4', 'Brake pad check', 5000000, null),
      ('6fe9109a-81b7-55d7-a4c5-aff9d1b075d7', 'f36ec9a6-5bf8-5a30-b86d-81389f710db4', 'Wax chain', 400000, null);

INSERT INTO maintenance_event (id, maintenance_task_id, performed_at) VALUES
      ('ac400dc4-ee51-59d9-95f5-7e85272031b0', '0399e6f1-130f-5b8b-8167-e7de8d2cc845', '2018-02-05 12:00:00+00'),
      ('48d9c4ea-b9a7-5858-a5b3-a7703de7fb06', '0399e6f1-130f-5b8b-8167-e7de8d2cc845', '2018-05-05 12:00:00+00'),
      ('0e4d9d44-de14-5ca0-81dd-26cd12a38d96', '0399e6f1-130f-5b8b-8167-e7de8d2cc845', '2018-08-05 12:00:00+00'),
      ('3a3189b1-ee1b-5f3f-8d8f-9b4e99c99b7f', '0399e6f1-130f-5b8b-8167-e7de8d2cc845', '2018-11-05 12:00:00+00'),
      ('496d81ba-7151-5da3-82b4-f1b59c8857cc', '0399e6f1-130f-5b8b-8167-e7de8d2cc845', '2019-02-05 12:00:00+00'),
      ('4bcd204d-0e39-5541-8283-44ed50efd86c', '0399e6f1-130f-5b8b-8167-e7de8d2cc845', '2019-05-05 12:00:00+00'),
      ('eff66dfd-e299-5ca7-898e-29a281cc23cb', '0399e6f1-130f-5b8b-8167-e7de8d2cc845', '2019-08-05 12:00:00+00'),
      ('05db7b0c-0afa-5de3-9af0-8732d8637e1a', '0399e6f1-130f-5b8b-8167-e7de8d2cc845', '2019-11-05 12:00:00+00'),
      ('b331824f-3bd7-58b5-8856-b441a05a5af3', '0399e6f1-130f-5b8b-8167-e7de8d2cc845', '2020-02-05 12:00:00+00'),
      ('16fb7ea9-8819-53e3-ae07-f1eef079d1ee', '0399e6f1-130f-5b8b-8167-e7de8d2cc845', '2020-05-05 12:00:00+00'),
      ('864a58df-e753-5b7f-96e4-794f37d7eb47', '0399e6f1-130f-5b8b-8167-e7de8d2cc845', '2020-08-05 12:00:00+00'),
      ('a1b7a4da-c577-5e2d-bf57-d2023b307c97', '0399e6f1-130f-5b8b-8167-e7de8d2cc845', '2020-11-05 12:00:00+00'),
      ('af053704-3cc4-5dfd-95df-6c48edf95536', '239eb3d0-5241-5aa6-ad5d-8164e9496f1b', '2014-11-15 12:00:00+00'),
      ('f00a7b62-9e35-5038-8de7-2fa1a3431aa4', '239eb3d0-5241-5aa6-ad5d-8164e9496f1b', '2015-11-15 12:00:00+00'),
      ('c296f445-a30c-51cc-8404-4356680ead90', '239eb3d0-5241-5aa6-ad5d-8164e9496f1b', '2016-11-15 12:00:00+00'),
      ('91778a72-f4ec-576b-8be5-7ce18dae5927', '239eb3d0-5241-5aa6-ad5d-8164e9496f1b', '2017-11-15 12:00:00+00'),
      ('f4ff5dfd-b9e0-52d3-a939-6c1ae2266725', '239eb3d0-5241-5aa6-ad5d-8164e9496f1b', '2018-11-15 12:00:00+00'),
      ('a4e75716-4551-5826-955d-f06b933a7302', '239eb3d0-5241-5aa6-ad5d-8164e9496f1b', '2019-11-15 12:00:00+00'),
      ('4e0f0c63-b101-5580-962b-ca90f8dc099f', '61d8b83f-bdef-576e-a3dc-24be9dc22189', '2016-05-10 12:00:00+00'),
      ('46ed88dc-ee96-5b76-9750-e6768e02318c', '61d8b83f-bdef-576e-a3dc-24be9dc22189', '2016-08-10 12:00:00+00'),
      ('7ba5b64b-8fa9-5300-a4be-9c89d8128987', '61d8b83f-bdef-576e-a3dc-24be9dc22189', '2017-05-10 12:00:00+00'),
      ('5dfa4eea-32ae-5e7e-9df9-e3b4cf34b5e4', '61d8b83f-bdef-576e-a3dc-24be9dc22189', '2017-08-10 12:00:00+00'),
      ('84837b2d-3f68-5691-adc5-785c4a2764a4', '61d8b83f-bdef-576e-a3dc-24be9dc22189', '2018-05-10 12:00:00+00'),
      ('c6912d54-04e2-5dba-9b1e-708fbadbb05d', '61d8b83f-bdef-576e-a3dc-24be9dc22189', '2018-08-10 12:00:00+00'),
      ('cb4ad841-f25d-53be-bb6b-27581a512199', '61d8b83f-bdef-576e-a3dc-24be9dc22189', '2019-05-10 12:00:00+00'),
      ('768909cf-f2ad-53ff-8f09-557beb2e5405', '61d8b83f-bdef-576e-a3dc-24be9dc22189', '2019-08-10 12:00:00+00'),
      ('8ae5fdbb-2eea-5391-976e-be2b37db2459', 'b33e2a82-a16a-5a88-9fb8-1a312cded32e', '2017-06-01 12:00:00+00'),
      ('270ee759-4366-5dd7-8820-69a5c3904f29', 'b33e2a82-a16a-5a88-9fb8-1a312cded32e', '2018-07-01 12:00:00+00'),
      ('6f2f42c7-2b6d-5a6c-be5f-e292c5b2cc39', 'b33e2a82-a16a-5a88-9fb8-1a312cded32e', '2019-08-01 12:00:00+00'),
      ('7d2a0bcd-392a-51f3-9d55-0ba984899c5d', '6fe9109a-81b7-55d7-a4c5-aff9d1b075d7', '2019-03-20 12:00:00+00'),
      ('73551000-f8b3-506c-aac6-2cc26531baeb', '6fe9109a-81b7-55d7-a4c5-aff9d1b075d7', '2019-06-20 12:00:00+00'),
      ('2dcc73b2-cdd8-56b2-bf8c-9b04b874885f', '6fe9109a-81b7-55d7-a4c5-aff9d1b075d7', '2019-09-20 12:00:00+00'),
      ('8358766e-15b8-5b49-97b1-9b642a6a261a', '6fe9109a-81b7-55d7-a4c5-aff9d1b075d7', '2020-03-20 12:00:00+00'),
      ('64e11374-f7c0-5b71-8724-7000b049d358', '6fe9109a-81b7-55d7-a4c5-aff9d1b075d7', '2020-06-20 12:00:00+00'),
      ('6fdd04b7-1b76-5f31-9798-00c69bec24c4', '6fe9109a-81b7-55d7-a4c5-aff9d1b075d7', '2020-09-20 12:00:00+00');
