-- Generated by tools/demo-data/generate_demo_data.py (CE-0043). DO NOT EDIT.
-- Demo dataset for the demo profile; refreshed on every application start.

TRUNCATE mounting, assembly_membership, slot_mapping, assembly_mounting, assembly_slot, component_assembly, maintenance_event, maintenance_task, tour, component, mount_point, bike, component_type, position, import_session, import_state, import_ignore CASCADE;

INSERT INTO position (id, name) VALUES
      ('8da28309-88f7-51fd-ab48-c15475643d11', 'Front'),
      ('b8d992b9-d086-5a7d-a53c-a8541ce1bf90', 'Rear');

INSERT INTO component_type (id, name) VALUES
      ('ae232f6e-8439-542c-92d2-e320de2428b0', 'Wheel'),
      ('9553f1c6-d008-5d05-bad6-c388a4657f69', 'Tire'),
      ('02f75f27-6f68-5cf4-8a2a-80c2a952e683', 'Cassette'),
      ('9c18ff4e-1db8-5feb-8211-60d3c4dd1ca6', 'Chain'),
      ('258072ab-c9ac-5e39-8b36-cc802df0a77e', 'Front Derailleur'),
      ('0c1d786b-ffe9-5ade-ac3b-2c75429c8555', 'Rear Derailleur'),
      ('fb462c82-904f-59d7-8e6c-7cd83e5b7e2b', 'Rim Brake'),
      ('6214745f-d2e8-56d4-a9f5-e0b1489ecc37', 'Disc Brake'),
      ('dbe83a84-389d-5551-aeab-a9fc47b19f8b', 'Brake Disc'),
      ('eb7de70b-5dd3-5b63-8488-e0f24ff88679', 'Saddle'),
      ('b7ec943a-d299-569e-af27-6437e486a397', 'Handlebar'),
      ('c783f442-7229-506c-941a-ef02dc53f767', 'Pedals');

INSERT INTO bike (id, name, manufacturer, model, purchase_date, price, price_currency, retired_at) VALUES
      ('d9052b49-6d61-59f1-a7ad-d8686105f0ea', 'Steel Classic', 'Koga-Miyata', 'Full Pro Road', '1995-04-12', '2799', 'DEM', '2011-09-30 12:00:00+00'),
      ('70556a9d-bf01-42eb-b882-b5938fff7023', 'Road Racer', 'Vaust', 'Fragola', '2006-06-15', '2199', 'EUR', null),
      ('99a133db-4f9b-4a5b-b6f9-8a5ec96d9db7', 'TT Machine', 'Cycle', 'TT', '2010-08-15', '2799', 'EUR', null),
      ('f36ec9a6-5bf8-5a30-b86d-81389f710db4', 'Gravel Explorer', 'Specialized', 'Diverge Comp DSW', '2016-04-02', '2499', 'EUR', null);

INSERT INTO mount_point (id, bike_id, component_type_id, position_id, name, mandatory) VALUES
      ('67a558e6-1a39-51c1-aa6a-e88a6ddde61a', 'd9052b49-6d61-59f1-a7ad-d8686105f0ea', 'ae232f6e-8439-542c-92d2-e320de2428b0', '8da28309-88f7-51fd-ab48-c15475643d11', 'Front Wheel', true),
      ('3c47cf41-7f31-5824-979f-ca4f14c3c339', 'd9052b49-6d61-59f1-a7ad-d8686105f0ea', 'ae232f6e-8439-542c-92d2-e320de2428b0', 'b8d992b9-d086-5a7d-a53c-a8541ce1bf90', 'Rear Wheel', true),
      ('22cb1dd7-bf6a-551e-b48b-03f187840999', 'd9052b49-6d61-59f1-a7ad-d8686105f0ea', '9553f1c6-d008-5d05-bad6-c388a4657f69', '8da28309-88f7-51fd-ab48-c15475643d11', 'Front Tire', true),
      ('06238994-14f3-56d5-b877-4e549f148283', 'd9052b49-6d61-59f1-a7ad-d8686105f0ea', '9553f1c6-d008-5d05-bad6-c388a4657f69', 'b8d992b9-d086-5a7d-a53c-a8541ce1bf90', 'Rear Tire', true),
      ('3adb9d61-4f53-56a7-8d7e-c6506ba29dd2', 'd9052b49-6d61-59f1-a7ad-d8686105f0ea', '02f75f27-6f68-5cf4-8a2a-80c2a952e683', 'b8d992b9-d086-5a7d-a53c-a8541ce1bf90', 'Cassette', true),
      ('4643af18-96be-543e-9492-725b9ccd584b', 'd9052b49-6d61-59f1-a7ad-d8686105f0ea', '9c18ff4e-1db8-5feb-8211-60d3c4dd1ca6', null, 'Chain', true),
      ('dc38e851-abfc-5ab8-a939-1a5d12cb174c', 'd9052b49-6d61-59f1-a7ad-d8686105f0ea', 'eb7de70b-5dd3-5b63-8488-e0f24ff88679', null, 'Saddle', true),
      ('f2f180ed-b76b-5c76-bcde-795db2b318ae', 'd9052b49-6d61-59f1-a7ad-d8686105f0ea', '258072ab-c9ac-5e39-8b36-cc802df0a77e', null, 'Front Derailleur', false),
      ('c423c241-835c-57a3-b2c0-6b477e841215', 'd9052b49-6d61-59f1-a7ad-d8686105f0ea', '0c1d786b-ffe9-5ade-ac3b-2c75429c8555', null, 'Rear Derailleur', false),
      ('9e7b9f7e-5338-52d3-afcd-6fc9f139bf06', 'd9052b49-6d61-59f1-a7ad-d8686105f0ea', 'fb462c82-904f-59d7-8e6c-7cd83e5b7e2b', '8da28309-88f7-51fd-ab48-c15475643d11', 'Front Rim Brake', false),
      ('96ea24f2-d8c7-5331-ae6e-314fbfff93f8', 'd9052b49-6d61-59f1-a7ad-d8686105f0ea', 'fb462c82-904f-59d7-8e6c-7cd83e5b7e2b', 'b8d992b9-d086-5a7d-a53c-a8541ce1bf90', 'Rear Rim Brake', false),
      ('74f38a1a-a5d7-54d9-a7cf-ac22d5c34c00', 'd9052b49-6d61-59f1-a7ad-d8686105f0ea', 'b7ec943a-d299-569e-af27-6437e486a397', null, 'Handlebar', false),
      ('99b6e088-abfd-51cd-9895-bb1e641e5489', 'd9052b49-6d61-59f1-a7ad-d8686105f0ea', 'c783f442-7229-506c-941a-ef02dc53f767', null, 'Pedals', false),
      ('6564a03b-9402-5968-90ca-f4f6eb96c9a6', '70556a9d-bf01-42eb-b882-b5938fff7023', 'ae232f6e-8439-542c-92d2-e320de2428b0', '8da28309-88f7-51fd-ab48-c15475643d11', 'Front Wheel', true),
      ('80f54e7a-92de-5d24-b3a6-119221443acb', '70556a9d-bf01-42eb-b882-b5938fff7023', 'ae232f6e-8439-542c-92d2-e320de2428b0', 'b8d992b9-d086-5a7d-a53c-a8541ce1bf90', 'Rear Wheel', true),
      ('2ba079f8-4725-537a-8230-94e2dffc3246', '70556a9d-bf01-42eb-b882-b5938fff7023', '9553f1c6-d008-5d05-bad6-c388a4657f69', '8da28309-88f7-51fd-ab48-c15475643d11', 'Front Tire', true),
      ('82a01537-41df-5bff-93b5-8cf5548031cf', '70556a9d-bf01-42eb-b882-b5938fff7023', '9553f1c6-d008-5d05-bad6-c388a4657f69', 'b8d992b9-d086-5a7d-a53c-a8541ce1bf90', 'Rear Tire', true),
      ('9e7e3a3e-0366-5a94-a6af-d25b291c5e9d', '70556a9d-bf01-42eb-b882-b5938fff7023', '02f75f27-6f68-5cf4-8a2a-80c2a952e683', 'b8d992b9-d086-5a7d-a53c-a8541ce1bf90', 'Cassette', true),
      ('ec876225-7f91-5835-aac7-0934f68bb1b2', '70556a9d-bf01-42eb-b882-b5938fff7023', '9c18ff4e-1db8-5feb-8211-60d3c4dd1ca6', null, 'Chain', true),
      ('aed2527c-c0f6-502d-b154-b82df08f89fc', '70556a9d-bf01-42eb-b882-b5938fff7023', 'eb7de70b-5dd3-5b63-8488-e0f24ff88679', null, 'Saddle', true),
      ('fdc1c653-f61e-5957-9829-fff5ffe1c9d2', '70556a9d-bf01-42eb-b882-b5938fff7023', '258072ab-c9ac-5e39-8b36-cc802df0a77e', null, 'Front Derailleur', false),
      ('d428c4f1-4e0b-5008-99fa-842e4b3125dd', '70556a9d-bf01-42eb-b882-b5938fff7023', '0c1d786b-ffe9-5ade-ac3b-2c75429c8555', null, 'Rear Derailleur', false),
      ('cec42683-e6c8-5ed0-a4a4-4ecb0d376681', '70556a9d-bf01-42eb-b882-b5938fff7023', 'fb462c82-904f-59d7-8e6c-7cd83e5b7e2b', '8da28309-88f7-51fd-ab48-c15475643d11', 'Front Rim Brake', false),
      ('bf85ad83-2b38-5a59-8608-2958fb5a556a', '70556a9d-bf01-42eb-b882-b5938fff7023', 'fb462c82-904f-59d7-8e6c-7cd83e5b7e2b', 'b8d992b9-d086-5a7d-a53c-a8541ce1bf90', 'Rear Rim Brake', false),
      ('8a546d13-b574-5b20-8134-8a71f983d6c9', '70556a9d-bf01-42eb-b882-b5938fff7023', 'b7ec943a-d299-569e-af27-6437e486a397', null, 'Handlebar', false),
      ('2389daaa-4519-54b8-a0d9-518f583941de', '70556a9d-bf01-42eb-b882-b5938fff7023', 'c783f442-7229-506c-941a-ef02dc53f767', null, 'Pedals', false),
      ('e5f1dad6-ee82-5347-96b5-2a4ee91048a0', '99a133db-4f9b-4a5b-b6f9-8a5ec96d9db7', 'ae232f6e-8439-542c-92d2-e320de2428b0', '8da28309-88f7-51fd-ab48-c15475643d11', 'Front Wheel', true),
      ('9a076457-cd3e-562e-af47-e4060a0d97e1', '99a133db-4f9b-4a5b-b6f9-8a5ec96d9db7', 'ae232f6e-8439-542c-92d2-e320de2428b0', 'b8d992b9-d086-5a7d-a53c-a8541ce1bf90', 'Rear Wheel', true),
      ('606cb78d-96b1-513e-b40d-5d125a05ad78', '99a133db-4f9b-4a5b-b6f9-8a5ec96d9db7', '9553f1c6-d008-5d05-bad6-c388a4657f69', '8da28309-88f7-51fd-ab48-c15475643d11', 'Front Tire', true),
      ('12f1c2bc-55d5-5fb2-b5bf-a9d19bd88fe6', '99a133db-4f9b-4a5b-b6f9-8a5ec96d9db7', '9553f1c6-d008-5d05-bad6-c388a4657f69', 'b8d992b9-d086-5a7d-a53c-a8541ce1bf90', 'Rear Tire', true),
      ('d59ff95f-8742-5590-aac6-2eecd97bd6d5', '99a133db-4f9b-4a5b-b6f9-8a5ec96d9db7', '02f75f27-6f68-5cf4-8a2a-80c2a952e683', 'b8d992b9-d086-5a7d-a53c-a8541ce1bf90', 'Cassette', true),
      ('51e47d3d-b18f-5706-8955-e37a41c141dc', '99a133db-4f9b-4a5b-b6f9-8a5ec96d9db7', '9c18ff4e-1db8-5feb-8211-60d3c4dd1ca6', null, 'Chain', true),
      ('53accd24-fffd-57f9-b0ab-a19a37ba52b7', '99a133db-4f9b-4a5b-b6f9-8a5ec96d9db7', 'eb7de70b-5dd3-5b63-8488-e0f24ff88679', null, 'Saddle', true),
      ('07f41121-9beb-5b1f-a992-0a4873eb3044', '99a133db-4f9b-4a5b-b6f9-8a5ec96d9db7', '258072ab-c9ac-5e39-8b36-cc802df0a77e', null, 'Front Derailleur', false),
      ('1c0bb1d8-ab3d-52fb-a000-848a2b8bc472', '99a133db-4f9b-4a5b-b6f9-8a5ec96d9db7', '0c1d786b-ffe9-5ade-ac3b-2c75429c8555', null, 'Rear Derailleur', false),
      ('2c8de802-d010-5411-a47f-799577f75432', '99a133db-4f9b-4a5b-b6f9-8a5ec96d9db7', 'fb462c82-904f-59d7-8e6c-7cd83e5b7e2b', '8da28309-88f7-51fd-ab48-c15475643d11', 'Front Rim Brake', false),
      ('a457cadc-d65d-5050-8cd6-00ec3443d0de', '99a133db-4f9b-4a5b-b6f9-8a5ec96d9db7', 'fb462c82-904f-59d7-8e6c-7cd83e5b7e2b', 'b8d992b9-d086-5a7d-a53c-a8541ce1bf90', 'Rear Rim Brake', false),
      ('01ac1e13-29ef-50b4-a352-d4d0c9161fb2', '99a133db-4f9b-4a5b-b6f9-8a5ec96d9db7', 'b7ec943a-d299-569e-af27-6437e486a397', null, 'Handlebar', false),
      ('e55567c4-0709-5887-9d04-c33f28c8133d', '99a133db-4f9b-4a5b-b6f9-8a5ec96d9db7', 'c783f442-7229-506c-941a-ef02dc53f767', null, 'Pedals', false),
      ('1f6447bd-8ff8-5c46-97ef-f40290c159e2', 'f36ec9a6-5bf8-5a30-b86d-81389f710db4', 'ae232f6e-8439-542c-92d2-e320de2428b0', '8da28309-88f7-51fd-ab48-c15475643d11', 'Front Wheel', true),
      ('604b02d8-2bc2-5489-afc2-ff2732a43d61', 'f36ec9a6-5bf8-5a30-b86d-81389f710db4', 'ae232f6e-8439-542c-92d2-e320de2428b0', 'b8d992b9-d086-5a7d-a53c-a8541ce1bf90', 'Rear Wheel', true),
      ('fc6e0c83-0064-5693-9362-a505a2df7b8e', 'f36ec9a6-5bf8-5a30-b86d-81389f710db4', '9553f1c6-d008-5d05-bad6-c388a4657f69', '8da28309-88f7-51fd-ab48-c15475643d11', 'Front Tire', true),
      ('11848af6-ef93-5420-8ddc-122c05027a18', 'f36ec9a6-5bf8-5a30-b86d-81389f710db4', '9553f1c6-d008-5d05-bad6-c388a4657f69', 'b8d992b9-d086-5a7d-a53c-a8541ce1bf90', 'Rear Tire', true),
      ('56c10127-e7fe-538e-8791-1d74ac51c7a0', 'f36ec9a6-5bf8-5a30-b86d-81389f710db4', 'dbe83a84-389d-5551-aeab-a9fc47b19f8b', '8da28309-88f7-51fd-ab48-c15475643d11', 'Front Brake Disc', true),
      ('1bfd4d1f-2791-53b8-a7e6-b99124da1d1b', 'f36ec9a6-5bf8-5a30-b86d-81389f710db4', 'dbe83a84-389d-5551-aeab-a9fc47b19f8b', 'b8d992b9-d086-5a7d-a53c-a8541ce1bf90', 'Rear Brake Disc', true),
      ('6b77a888-4564-5027-a16c-95ac538bb3d6', 'f36ec9a6-5bf8-5a30-b86d-81389f710db4', '02f75f27-6f68-5cf4-8a2a-80c2a952e683', 'b8d992b9-d086-5a7d-a53c-a8541ce1bf90', 'Cassette', true),
      ('b92f3bcb-646d-5904-871c-d2859b73ecc7', 'f36ec9a6-5bf8-5a30-b86d-81389f710db4', '9c18ff4e-1db8-5feb-8211-60d3c4dd1ca6', null, 'Chain', true),
      ('18fc1348-8c14-506d-bb0e-d9c43813d623', 'f36ec9a6-5bf8-5a30-b86d-81389f710db4', 'eb7de70b-5dd3-5b63-8488-e0f24ff88679', null, 'Saddle', true),
      ('666bf7fe-f131-5f74-9cf2-399b1a21d75e', 'f36ec9a6-5bf8-5a30-b86d-81389f710db4', '258072ab-c9ac-5e39-8b36-cc802df0a77e', null, 'Front Derailleur', false),
      ('e5dd4cc1-ef8f-58b6-9c74-ea0b49fe8f23', 'f36ec9a6-5bf8-5a30-b86d-81389f710db4', '0c1d786b-ffe9-5ade-ac3b-2c75429c8555', null, 'Rear Derailleur', false),
      ('ade1d0e0-c45b-566c-87b2-99cacf18fd33', 'f36ec9a6-5bf8-5a30-b86d-81389f710db4', '6214745f-d2e8-56d4-a9f5-e0b1489ecc37', '8da28309-88f7-51fd-ab48-c15475643d11', 'Front Disc Brake', false),
      ('167a172e-32ab-59f1-80ed-97989464173f', 'f36ec9a6-5bf8-5a30-b86d-81389f710db4', '6214745f-d2e8-56d4-a9f5-e0b1489ecc37', 'b8d992b9-d086-5a7d-a53c-a8541ce1bf90', 'Rear Disc Brake', false),
      ('419e86b4-19c1-5aa2-9cca-6aa1f57317e9', 'f36ec9a6-5bf8-5a30-b86d-81389f710db4', 'b7ec943a-d299-569e-af27-6437e486a397', null, 'Handlebar', false),
      ('2605fc4a-69a8-553d-b86d-1628e6c646c9', 'f36ec9a6-5bf8-5a30-b86d-81389f710db4', 'c783f442-7229-506c-941a-ef02dc53f767', null, 'Pedals', false);

INSERT INTO component (id, component_type_id, label, manufacturer, model, serial_number, vendor, purchase_date, price, price_currency, retired_at, retirement_kind) VALUES
      ('ca68d5a1-cb85-4e4a-a719-4aa380b76325', 'fb462c82-904f-59d7-8e6c-7cd83e5b7e2b', 'Veloce brake front', 'Campagnolo', 'Veloce Skeleton', null, 'Bike24', '2006-06-15', '39.90', 'EUR', null, null),
      ('f8d98a1d-ab33-4df1-b6c5-eefdf4aa3dca', 'fb462c82-904f-59d7-8e6c-7cd83e5b7e2b', 'Veloce brake rear', 'Campagnolo', 'Veloce Skeleton', null, 'Chain Reaction Cycles', '2006-06-15', '39.90', 'EUR', null, null),
      ('f351b44c-a49b-4871-bd0f-50f7af790b8c', '258072ab-c9ac-5e39-8b36-cc802df0a77e', 'Chorus front derailleur', 'Campagnolo', 'Chorus 10s', 'SN-6540AB89', 'Bike24', '2006-06-15', '79.00', 'EUR', null, null),
      ('d33a6e96-eb63-4279-8a0c-521b8a4f25d4', '0c1d786b-ffe9-5ade-ac3b-2c75429c8555', 'Veloce rear derailleur', 'Campagnolo', 'Veloce 10s', 'SN-7F213797', 'Rose Versand', '2006-06-15', '69.00', 'EUR', null, null),
      ('4bbf00a2-7539-4d5f-944f-aa524aa1323a', '02f75f27-6f68-5cf4-8a2a-80c2a952e683', 'Veloce cassette 12-25', 'Campagnolo', 'Veloce UD 10s 12-25', null, 'Chain Reaction Cycles', '2006-06-15', '54.90', 'EUR', '2016-06-01 12:00:00+00', 'scrapped'),
      ('75efe2d4-bc85-430b-af26-1deb58409b43', '9c18ff4e-1db8-5feb-8211-60d3c4dd1ca6', 'Veloce chain', 'Campagnolo', 'Veloce C10', null, 'bike-components.de', '2006-06-15', '24.90', 'EUR', '2010-06-01 12:00:00+00', 'scrapped'),
      ('9355e25b-78b4-44b3-9a13-7597657f988c', '9553f1c6-d008-5d05-bad6-c388a4657f69', 'Schwalbe Stelvio 23mm front', 'Schwalbe', 'Stelvio 23-622', null, 'bike-components.de', '2006-06-15', '29.90', 'EUR', '2013-04-01 12:00:00+00', 'scrapped'),
      ('e7781636-a761-40b4-b588-c26925a071ec', '9553f1c6-d008-5d05-bad6-c388a4657f69', 'Schwalbe Stelvio 23mm rear', 'Schwalbe', 'Stelvio 23-622', null, 'Chain Reaction Cycles', '2006-06-15', '29.90', 'EUR', '2013-04-01 12:00:00+00', 'scrapped'),
      ('d972d4e5-1c73-4c8e-be50-354c9742c22a', '9553f1c6-d008-5d05-bad6-c388a4657f69', 'Conti GP4000S 25mm front', 'Continental', 'Grand Prix 4000S 25-622', null, 'Local Bike Shop', '2010-08-06', '34.90', 'EUR', '2017-11-01 12:00:00+00', 'scrapped'),
      ('4a634d19-0c24-4f4e-a262-04b5e3251913', '9553f1c6-d008-5d05-bad6-c388a4657f69', 'Conti GP4000S 25mm rear', 'Continental', 'Grand Prix 4000S 25-622', null, 'Bike24', '2010-08-06', '34.90', 'EUR', '2017-11-01 12:00:00+00', 'scrapped'),
      ('8d8e2e59-645d-4228-a007-cd17e5d62149', 'ae232f6e-8439-542c-92d2-e320de2428b0', 'DT Swiss front wheel', 'DT Swiss', 'R 1.1', 'SN-4261145F', 'Chain Reaction Cycles', '2006-06-15', '179.00', 'EUR', null, null),
      ('5cb5afb9-3e1a-4f10-8082-6d72b7b27335', 'ae232f6e-8439-542c-92d2-e320de2428b0', 'DT Swiss rear wheel', 'DT Swiss', 'R 1.1', 'SN-9707B37D', 'Chain Reaction Cycles', '2006-06-15', '219.00', 'EUR', null, null),
      ('dcbdcfc6-8c0c-4677-a5e4-61b4dc01f526', 'ae232f6e-8439-542c-92d2-e320de2428b0', 'Campa Zonda front wheel', 'Campagnolo', 'Zonda', 'SN-A541E42E', 'Local Bike Shop', '2008-06-07', '199.00', 'EUR', null, null),
      ('80bbc300-5475-4932-8296-c00aaeaa9e5f', 'ae232f6e-8439-542c-92d2-e320de2428b0', 'Campa Zonda rear wheel', 'Campagnolo', 'Zonda', 'SN-C5447794', 'Chain Reaction Cycles', '2008-06-07', '259.00', 'EUR', null, null),
      ('5fce029f-1e0d-47d0-b220-e604cafc5451', 'eb7de70b-5dd3-5b63-8488-e0f24ff88679', 'Selle Italia SLR', 'Selle Italia', 'SLR', null, 'bike-components.de', '2006-06-15', '119.00', 'EUR', null, null),
      ('35300fd6-751c-42eb-8632-30ce2646958c', 'ae232f6e-8439-542c-92d2-e320de2428b0', 'TT front wheel', 'HED', 'H3 Tri-Spoke', 'SN-DBC59DF3', 'Local Bike Shop', '2010-08-15', '899.00', 'EUR', null, null),
      ('8a1578a7-42dd-5d75-ae54-6440059bd38d', 'ae232f6e-8439-542c-92d2-e320de2428b0', 'Mavic front wheel', 'Mavic', 'Open 4 CD', null, 'Rose Versand', '1995-04-12', '129.00', 'EUR', '2012-05-01 12:00:00+00', 'sold'),
      ('53f15cbb-f570-51eb-a210-b6b6663d0458', 'ae232f6e-8439-542c-92d2-e320de2428b0', 'Mavic rear wheel', 'Mavic', 'Open 4 CD', null, 'Chain Reaction Cycles', '1995-04-12', '149.00', 'EUR', '2012-05-01 12:00:00+00', 'sold'),
      ('19393bed-4b2e-51f7-817d-a70a432e3da2', '9553f1c6-d008-5d05-bad6-c388a4657f69', 'Conti Ultra 2000 front', 'Continental', 'Ultra 2000 23-622', null, 'Bike24', '1995-04-12', '19.90', 'EUR', '2001-05-01 12:00:00+00', 'scrapped'),
      ('10fbd11e-7377-57e1-a0cb-99fc1418d6e2', '9553f1c6-d008-5d05-bad6-c388a4657f69', 'Conti Ultra 2000 rear', 'Continental', 'Ultra 2000 23-622', null, 'Chain Reaction Cycles', '1995-04-12', '19.90', 'EUR', '2001-05-01 12:00:00+00', 'scrapped'),
      ('dba8aa6f-903c-5d06-89cc-684eb858a03b', '9553f1c6-d008-5d05-bad6-c388a4657f69', 'Conti GP 3000 front', 'Continental', 'Grand Prix 3000 23-622', null, 'Bike24', '2001-05-01', '27.90', 'EUR', null, null),
      ('ca6d230b-d362-5f5a-a97f-d7f104ccaccc', '9553f1c6-d008-5d05-bad6-c388a4657f69', 'Conti GP 3000 rear', 'Continental', 'Grand Prix 3000 23-622', null, 'Chain Reaction Cycles', '2001-05-01', '27.90', 'EUR', null, null),
      ('b1caac52-4486-5577-a542-77ffa89f6a78', '9c18ff4e-1db8-5feb-8211-60d3c4dd1ca6', 'Shimano HG-70 chain', 'Shimano', 'CN-HG70', null, 'Bike24', '1995-04-12', '14.90', 'EUR', '2005-06-01 12:00:00+00', 'scrapped'),
      ('c0aab30e-aabb-5cfc-8471-7d323f18f717', '9c18ff4e-1db8-5feb-8211-60d3c4dd1ca6', 'Shimano HG-53 chain', 'Shimano', 'CN-HG53', null, 'Chain Reaction Cycles', '2005-06-01', '12.90', 'EUR', null, null),
      ('64283dae-b33a-5678-97e1-b627ac8b3020', 'eb7de70b-5dd3-5b63-8488-e0f24ff88679', 'San Marco Rolls', 'Selle San Marco', 'Rolls', null, 'Bike24', '1995-04-12', '59.00', 'EUR', '2012-05-01 12:00:00+00', 'sold'),
      ('32179b9b-78d4-5fee-929d-59fdf6ee0c3d', '02f75f27-6f68-5cf4-8a2a-80c2a952e683', 'Shimano 600 cassette', 'Shimano', '600 7s 13-24', null, 'Chain Reaction Cycles', '1995-04-12', '29.00', 'EUR', null, null),
      ('5af4dad7-20bb-5fcf-805f-e72d3137efe6', '0c1d786b-ffe9-5ade-ac3b-2c75429c8555', 'Shimano 600 rear derailleur', 'Shimano', 'RD-6400', null, 'bike-components.de', '1995-04-12', '49.00', 'EUR', null, null),
      ('cbb3e144-27a5-533e-8817-e276bfdee673', '9553f1c6-d008-5d05-bad6-c388a4657f69', 'Vittoria Rubino Pro front', 'Vittoria', 'Rubino Pro 23-622', null, 'Rose Versand', '2008-06-07', '24.90', 'EUR', '2010-08-06 12:00:00+00', 'scrapped'),
      ('83dc564e-80b5-53a1-bee5-7f70967230ae', '9553f1c6-d008-5d05-bad6-c388a4657f69', 'Vittoria Rubino Pro rear', 'Vittoria', 'Rubino Pro 23-622', null, 'Chain Reaction Cycles', '2008-06-07', '24.90', 'EUR', '2010-08-06 12:00:00+00', 'scrapped'),
      ('00e0c623-ae6c-5206-aab1-6625d17130ca', '9553f1c6-d008-5d05-bad6-c388a4657f69', 'Conti GP4000S II front', 'Continental', 'Grand Prix 4000S II 25-622', null, 'bike-components.de', '2013-04-01', '36.90', 'EUR', '2019-03-01 12:00:00+00', 'scrapped'),
      ('24393d23-99a6-5196-afe2-798bd9b5c9fc', '9553f1c6-d008-5d05-bad6-c388a4657f69', 'Conti GP4000S II rear', 'Continental', 'Grand Prix 4000S II 25-622', null, 'Chain Reaction Cycles', '2013-04-01', '36.90', 'EUR', '2019-03-01 12:00:00+00', 'scrapped'),
      ('2b781c3d-c326-546a-994f-92922f46b854', '9553f1c6-d008-5d05-bad6-c388a4657f69', 'Conti GP 5000 front', 'Continental', 'Grand Prix 5000 25-622', null, 'Local Bike Shop', '2019-03-01', '44.90', 'EUR', null, null),
      ('ef0a93ca-3ed9-5c84-a914-5a19e6eb8a8e', '9553f1c6-d008-5d05-bad6-c388a4657f69', 'Conti GP 5000 rear', 'Continental', 'Grand Prix 5000 25-622', null, 'Chain Reaction Cycles', '2019-03-01', '44.90', 'EUR', null, null),
      ('719a8234-96de-515c-8ef4-895566cd1614', '9553f1c6-d008-5d05-bad6-c388a4657f69', 'Durano Plus winter front', 'Schwalbe', 'Durano Plus 25-622', null, 'Local Bike Shop', '2017-11-01', '31.90', 'EUR', null, null),
      ('b5b4a754-cb59-5d38-99fc-3b0f227646b1', '9553f1c6-d008-5d05-bad6-c388a4657f69', 'Durano Plus winter rear', 'Schwalbe', 'Durano Plus 25-622', null, 'Bike24', '2017-11-01', '31.90', 'EUR', null, null),
      ('2636ef7f-5138-5eab-ad66-a6fda70adc08', '9c18ff4e-1db8-5feb-8211-60d3c4dd1ca6', 'Record chain #2', 'Campagnolo', 'Record C10', null, 'Bike24', '2010-06-01', '32.90', 'EUR', '2014-05-01 12:00:00+00', 'scrapped'),
      ('44c34898-49b7-5747-8268-436c850aa8b0', '9c18ff4e-1db8-5feb-8211-60d3c4dd1ca6', 'Record chain #3', 'Campagnolo', 'Record C10', null, 'Local Bike Shop', '2014-05-01', '34.90', 'EUR', '2018-04-01 12:00:00+00', 'scrapped'),
      ('2a35e80e-1a16-55d9-a439-cca10783ee03', '9c18ff4e-1db8-5feb-8211-60d3c4dd1ca6', 'Record chain #4', 'Campagnolo', 'Record C10', null, 'Rose Versand', '2018-04-01', '36.90', 'EUR', null, null),
      ('776d7fd5-b477-5fcf-8bae-868aa60efb03', '02f75f27-6f68-5cf4-8a2a-80c2a952e683', 'Veloce cassette 13-26 (winter)', 'Campagnolo', 'Veloce UD 10s 13-26', null, 'Bike24', '2010-11-01', '49.90', 'EUR', null, null),
      ('8cdfe1ad-3beb-5078-8622-ac57f3c48473', '02f75f27-6f68-5cf4-8a2a-80c2a952e683', 'Chorus cassette 12-27', 'Campagnolo', 'Chorus 10s 12-27', null, 'Chain Reaction Cycles', '2016-06-01', '89.00', 'EUR', null, null),
      ('c78437fd-2683-53d1-8a67-898858a821a5', 'eb7de70b-5dd3-5b63-8488-e0f24ff88679', 'Fizik Arione', 'Fizik', 'Arione', null, 'Local Bike Shop', '2011-08-10', '99.00', 'EUR', null, null),
      ('7b043b67-ce72-5ed1-938c-c7e2154f4c3b', 'b7ec943a-d299-569e-af27-6437e486a397', 'Deda handlebar', 'Deda', 'Zero 100', null, 'Local Bike Shop', '2006-06-15', '69.00', 'EUR', null, null),
      ('9626da72-bbc7-5627-bd53-abbe203604b1', 'c783f442-7229-506c-941a-ef02dc53f767', 'Look Keo pedals', 'Look', 'Keo Classic', null, 'Local Bike Shop', '2006-06-15', '49.00', 'EUR', null, null),
      ('038a66d4-8cd0-55d1-b9d0-1c98877fcfb0', 'ae232f6e-8439-542c-92d2-e320de2428b0', 'Zipp disc rear wheel', 'Zipp', '900 Disc', 'SN-EBF8A490', 'bike-components.de', '2011-05-01', '1499.00', 'EUR', null, null),
      ('7ee9e12d-ed57-56c7-adf6-99c0c06f655d', '9553f1c6-d008-5d05-bad6-c388a4657f69', 'Conti Competition front', 'Continental', 'Competition 22-622', null, 'Local Bike Shop', '2010-08-15', '39.90', 'EUR', '2016-05-01 12:00:00+00', 'scrapped'),
      ('2652e51d-4175-5d00-a85f-121cb1451475', '9553f1c6-d008-5d05-bad6-c388a4657f69', 'Conti Competition rear', 'Continental', 'Competition 22-622', null, 'Chain Reaction Cycles', '2011-05-01', '39.90', 'EUR', '2016-05-01 12:00:00+00', 'scrapped'),
      ('c725a8d6-0375-5cbc-a85a-b0ed05942381', '9553f1c6-d008-5d05-bad6-c388a4657f69', 'Conti Podium TT front', 'Continental', 'Podium TT 22-622', null, 'Bike24', '2016-05-01', '49.90', 'EUR', null, null),
      ('4be685f6-18f3-5891-9f60-cd275529fe98', '9553f1c6-d008-5d05-bad6-c388a4657f69', 'Conti Podium TT rear', 'Continental', 'Podium TT 22-622', null, 'Chain Reaction Cycles', '2016-05-01', '49.90', 'EUR', null, null),
      ('fa32529f-0b23-5e6f-88ae-4a73c9b8c12d', '02f75f27-6f68-5cf4-8a2a-80c2a952e683', 'Ultegra cassette 11-25', 'Shimano', 'CS-6700 11-25', null, 'Rose Versand', '2011-05-01', '59.90', 'EUR', '2017-05-01 12:00:00+00', 'scrapped'),
      ('cbf7efce-f3f5-59dd-b62d-5c06a673b5b1', '02f75f27-6f68-5cf4-8a2a-80c2a952e683', 'Ultegra cassette 11-28', 'Shimano', 'CS-R8000 11-28', null, 'Chain Reaction Cycles', '2017-05-01', '64.90', 'EUR', null, null),
      ('5bd663ec-4678-531e-937e-b2c7e9e661dc', '9c18ff4e-1db8-5feb-8211-60d3c4dd1ca6', 'Ultegra chain', 'Shimano', 'CN-6701', null, 'Chain Reaction Cycles', '2010-08-15', '24.90', 'EUR', '2016-05-01 12:00:00+00', 'scrapped'),
      ('8856788a-2dbc-5c25-a307-37bba4da6c33', '9c18ff4e-1db8-5feb-8211-60d3c4dd1ca6', 'Ultegra chain #2', 'Shimano', 'CN-HG701', null, 'Chain Reaction Cycles', '2016-05-01', '27.90', 'EUR', null, null),
      ('7157a341-db4a-5e1a-985f-9ec4841c26e4', '0c1d786b-ffe9-5ade-ac3b-2c75429c8555', 'Ultegra rear derailleur', 'Shimano', 'RD-6700', 'SN-D5162218', 'Chain Reaction Cycles', '2010-08-15', '89.00', 'EUR', null, null),
      ('cf2c8024-b4e3-5c73-85ce-bc087a8ef94b', 'fb462c82-904f-59d7-8e6c-7cd83e5b7e2b', 'Ultegra brake front', 'Shimano', 'BR-6700', null, 'Rose Versand', '2010-08-15', '59.00', 'EUR', null, null),
      ('04df058c-6277-534a-9cba-ef2b09ac4998', 'fb462c82-904f-59d7-8e6c-7cd83e5b7e2b', 'Ultegra brake rear', 'Shimano', 'BR-6700', null, 'Local Bike Shop', '2010-08-15', '59.00', 'EUR', null, null),
      ('36f76373-7927-5e8b-8964-4770f6826746', 'b7ec943a-d299-569e-af27-6437e486a397', 'Profile Design aerobar', 'Profile Design', 'T2 Plus', null, 'Bike24', '2010-08-15', '159.00', 'EUR', null, null),
      ('9b071759-6961-530c-b86e-7149c792acda', 'eb7de70b-5dd3-5b63-8488-e0f24ff88679', 'Selle Royal stock saddle', 'Selle Royal', 'Seta', null, 'Local Bike Shop', '2010-08-15', '39.00', 'EUR', '2011-09-01 12:00:00+00', 'sold'),
      ('05eedb67-f5f0-549b-818f-dca036610f52', 'ae232f6e-8439-542c-92d2-e320de2428b0', 'DT Swiss db front wheel', 'DT Swiss', 'R 23 Spline db', 'SN-3ED5CFF4', 'bike-components.de', '2016-04-02', '249.00', 'EUR', null, null),
      ('1047cc34-b4b4-5ebd-9c43-8ee182bd04bc', 'ae232f6e-8439-542c-92d2-e320de2428b0', 'DT Swiss db rear wheel', 'DT Swiss', 'R 23 Spline db', 'SN-2702DB15', 'Rose Versand', '2016-04-02', '299.00', 'EUR', null, null),
      ('6752104d-fde0-5a7c-b903-d4b48e492af3', '9553f1c6-d008-5d05-bad6-c388a4657f69', 'G-One Allround front', 'Schwalbe', 'G-One Allround 38-622', null, 'Bike24', '2016-04-02', '39.90', 'EUR', '2019-06-01 12:00:00+00', 'scrapped'),
      ('3361b5f1-47bf-542b-b45b-fb9d06dc0664', '9553f1c6-d008-5d05-bad6-c388a4657f69', 'G-One Allround rear', 'Schwalbe', 'G-One Allround 38-622', null, 'bike-components.de', '2016-04-02', '39.90', 'EUR', '2019-06-01 12:00:00+00', 'scrapped'),
      ('357c3747-4a45-5583-822a-eebb90b044ae', '9553f1c6-d008-5d05-bad6-c388a4657f69', 'G-One Speed front', 'Schwalbe', 'G-One Speed 38-622', null, 'Bike24', '2019-06-01', '42.90', 'EUR', null, null),
      ('7fcd1027-865b-57c6-ba09-78f97bf8bf0c', '9553f1c6-d008-5d05-bad6-c388a4657f69', 'G-One Speed rear', 'Schwalbe', 'G-One Speed 38-622', null, 'Chain Reaction Cycles', '2019-06-01', '42.90', 'EUR', null, null),
      ('143218d8-6440-58f7-8321-b66caf8e6844', 'dbe83a84-389d-5551-aeab-a9fc47b19f8b', 'Front brake rotor 160mm', 'Shimano', 'SM-RT70 160', null, 'Chain Reaction Cycles', '2016-04-02', '19.90', 'EUR', null, null),
      ('2c891e51-407a-5713-bd94-ce49ab51f4bd', 'dbe83a84-389d-5551-aeab-a9fc47b19f8b', 'Rear brake rotor 160mm', 'Shimano', 'SM-RT70 160', null, 'Chain Reaction Cycles', '2016-04-02', '19.90', 'EUR', null, null),
      ('befc2132-659a-5f7c-afa1-4f448d9c4c1c', '02f75f27-6f68-5cf4-8a2a-80c2a952e683', '105 cassette 11-32', 'Shimano', 'CS-5800 11-32', null, 'bike-components.de', '2016-04-02', '39.90', 'EUR', null, null),
      ('8694c7c1-3dee-56cd-8be2-eb458abdcc06', '9c18ff4e-1db8-5feb-8211-60d3c4dd1ca6', '105 chain', 'Shimano', 'CN-HG601', null, 'bike-components.de', '2016-04-02', '22.90', 'EUR', '2018-09-01 12:00:00+00', 'scrapped'),
      ('cbc85cc8-016f-57da-8e0a-215e815b4465', '9c18ff4e-1db8-5feb-8211-60d3c4dd1ca6', '105 chain #2', 'Shimano', 'CN-HG601', null, 'Rose Versand', '2018-09-01', '22.90', 'EUR', null, null),
      ('550f4012-eff9-51fa-8488-bddfc27abc47', '258072ab-c9ac-5e39-8b36-cc802df0a77e', '105 front derailleur', 'Shimano', 'FD-5800', null, 'Rose Versand', '2016-04-02', '34.90', 'EUR', null, null),
      ('994fea37-7c32-5e89-a5c1-4e86faad9d45', '0c1d786b-ffe9-5ade-ac3b-2c75429c8555', '105 rear derailleur', 'Shimano', 'RD-5800 GS', 'SN-8C4078A5', 'Rose Versand', '2016-04-02', '49.90', 'EUR', null, null),
      ('0d8d32ba-c04a-529f-8fa7-ec9e804714be', '6214745f-d2e8-56d4-a9f5-e0b1489ecc37', 'Hydraulic caliper front', 'Shimano', 'BR-RS505', null, 'Chain Reaction Cycles', '2016-04-02', '89.00', 'EUR', null, null),
      ('2e15c109-bc09-5bf6-b42d-3fdc8c08b142', '6214745f-d2e8-56d4-a9f5-e0b1489ecc37', 'Hydraulic caliper rear', 'Shimano', 'BR-RS505', null, 'Local Bike Shop', '2016-04-02', '89.00', 'EUR', null, null),
      ('7e3d298d-0f15-56fd-9284-865a03337145', 'eb7de70b-5dd3-5b63-8488-e0f24ff88679', 'Specialized Phenom', 'Specialized', 'Phenom Comp', null, 'bike-components.de', '2016-04-02', '89.00', 'EUR', null, null),
      ('a1a8b25a-08fa-5168-b583-b4fb418f3f23', 'c783f442-7229-506c-941a-ef02dc53f767', 'XT pedals', 'Shimano', 'PD-M8000', null, 'Bike24', '2016-04-02', '79.00', 'EUR', null, null);

INSERT INTO component_assembly (id, position_id, name) VALUES
      ('94b1699f-bf3e-5bbc-bd4d-1fd2c8859dfa', '8da28309-88f7-51fd-ab48-c15475643d11', 'DT Swiss wheel front'),
      ('ea1df660-0651-5f74-9364-411ec6d91199', 'b8d992b9-d086-5a7d-a53c-a8541ce1bf90', 'DT Swiss wheel rear'),
      ('1d03be8b-2699-5022-9b4a-dc90e290d6d3', '8da28309-88f7-51fd-ab48-c15475643d11', 'Zonda wheel front'),
      ('66cc2f16-350c-5f47-bb71-75ae016a0d9b', 'b8d992b9-d086-5a7d-a53c-a8541ce1bf90', 'Zonda wheel rear'),
      ('cc69d617-7c02-5b04-bf74-6d41dd3a2aff', '8da28309-88f7-51fd-ab48-c15475643d11', 'TT wheel front'),
      ('4453275b-77f1-54aa-ba96-f2267b0da42d', 'b8d992b9-d086-5a7d-a53c-a8541ce1bf90', 'TT disc wheel rear'),
      ('f5ce742c-0322-57b0-9cf8-f1827ab3c4ca', '8da28309-88f7-51fd-ab48-c15475643d11', 'Gravel wheel front'),
      ('cfed4be7-03cf-5712-b82a-5fddeb094103', 'b8d992b9-d086-5a7d-a53c-a8541ce1bf90', 'Gravel wheel rear');

INSERT INTO assembly_slot (id, assembly_id, component_type_id, name, valid_from, valid_to) VALUES
      ('87604e22-914f-57c4-a2a5-9e4622f17589', '94b1699f-bf3e-5bbc-bd4d-1fd2c8859dfa', 'ae232f6e-8439-542c-92d2-e320de2428b0', 'Wheel', '2006-06-15 12:00:00+00', null),
      ('ffa3e4ae-0ec1-53f2-bdba-bdef10d1a3eb', '94b1699f-bf3e-5bbc-bd4d-1fd2c8859dfa', '9553f1c6-d008-5d05-bad6-c388a4657f69', 'Tire', '2006-06-15 12:00:00+00', null),
      ('9ecaa472-2d11-5fc9-9e36-ecdad639aa62', 'ea1df660-0651-5f74-9364-411ec6d91199', 'ae232f6e-8439-542c-92d2-e320de2428b0', 'Wheel', '2006-06-15 12:00:00+00', null),
      ('7e1ab974-9662-5e2b-a82b-246d5cfbbd10', 'ea1df660-0651-5f74-9364-411ec6d91199', '9553f1c6-d008-5d05-bad6-c388a4657f69', 'Tire', '2006-06-15 12:00:00+00', null),
      ('7c433ebe-fb50-585d-931d-7d4def9f3f5b', 'ea1df660-0651-5f74-9364-411ec6d91199', '02f75f27-6f68-5cf4-8a2a-80c2a952e683', 'Cassette', '2006-06-15 12:00:00+00', '2010-06-07 12:00:00+00'),
      ('e0d3e7fd-e78d-5358-a5fd-36eaa69d981d', 'ea1df660-0651-5f74-9364-411ec6d91199', '02f75f27-6f68-5cf4-8a2a-80c2a952e683', 'Cassette', '2010-11-01 12:00:00+00', null),
      ('2a4d2fc8-cbd0-529c-9e00-6f6a4f9459aa', '1d03be8b-2699-5022-9b4a-dc90e290d6d3', 'ae232f6e-8439-542c-92d2-e320de2428b0', 'Wheel', '2008-06-07 12:00:00+00', null),
      ('23b21118-6e54-5e7c-af88-8caea765bd6b', '1d03be8b-2699-5022-9b4a-dc90e290d6d3', '9553f1c6-d008-5d05-bad6-c388a4657f69', 'Tire', '2008-06-07 12:00:00+00', null),
      ('56ac3cc6-a4cf-57fe-9b24-23daa2c5087b', '66cc2f16-350c-5f47-bb71-75ae016a0d9b', 'ae232f6e-8439-542c-92d2-e320de2428b0', 'Wheel', '2008-06-07 12:00:00+00', null),
      ('fc645fac-4eef-528b-8a8d-7f56ab6166c8', '66cc2f16-350c-5f47-bb71-75ae016a0d9b', '9553f1c6-d008-5d05-bad6-c388a4657f69', 'Tire', '2008-06-07 12:00:00+00', null),
      ('8a3777f5-3cca-582e-833c-b2995821f3e3', '66cc2f16-350c-5f47-bb71-75ae016a0d9b', '02f75f27-6f68-5cf4-8a2a-80c2a952e683', 'Cassette', '2010-06-07 12:00:00+00', null),
      ('a187dad7-fa19-511b-9201-21e0ff39024e', 'cc69d617-7c02-5b04-bf74-6d41dd3a2aff', 'ae232f6e-8439-542c-92d2-e320de2428b0', 'Wheel', '2010-08-15 12:00:00+00', null),
      ('5f305608-d407-5601-b697-4b4b50ec9429', 'cc69d617-7c02-5b04-bf74-6d41dd3a2aff', '9553f1c6-d008-5d05-bad6-c388a4657f69', 'Tire', '2010-08-15 12:00:00+00', null),
      ('1dbe17aa-dc6c-5414-9232-6dab0e54636c', '4453275b-77f1-54aa-ba96-f2267b0da42d', 'ae232f6e-8439-542c-92d2-e320de2428b0', 'Wheel', '2011-05-01 12:00:00+00', null),
      ('381a1b59-4fb4-55cf-9f18-7cab5dddf5dd', '4453275b-77f1-54aa-ba96-f2267b0da42d', '9553f1c6-d008-5d05-bad6-c388a4657f69', 'Tire', '2011-05-01 12:00:00+00', null),
      ('7a687202-6c1d-55a2-a932-a84945634cb1', '4453275b-77f1-54aa-ba96-f2267b0da42d', '02f75f27-6f68-5cf4-8a2a-80c2a952e683', 'Cassette', '2011-05-01 12:00:00+00', null),
      ('9cc3f385-ee8d-5c38-b7eb-bed6a6058d7c', 'f5ce742c-0322-57b0-9cf8-f1827ab3c4ca', 'ae232f6e-8439-542c-92d2-e320de2428b0', 'Wheel', '2016-04-02 12:00:00+00', null),
      ('5a7eeb2d-b612-5e0b-b78a-72ac342f6415', 'f5ce742c-0322-57b0-9cf8-f1827ab3c4ca', '9553f1c6-d008-5d05-bad6-c388a4657f69', 'Tire', '2016-04-02 12:00:00+00', null),
      ('8c6d045f-e594-5dea-b43b-6510348e6c85', 'f5ce742c-0322-57b0-9cf8-f1827ab3c4ca', 'dbe83a84-389d-5551-aeab-a9fc47b19f8b', 'Brake Disc', '2016-04-02 12:00:00+00', null),
      ('8b36cb35-86e6-582c-8a5b-e2d7db418d8c', 'cfed4be7-03cf-5712-b82a-5fddeb094103', 'ae232f6e-8439-542c-92d2-e320de2428b0', 'Wheel', '2016-04-02 12:00:00+00', null),
      ('3625d75a-f8cb-5a3b-8a58-723314ea62e9', 'cfed4be7-03cf-5712-b82a-5fddeb094103', '9553f1c6-d008-5d05-bad6-c388a4657f69', 'Tire', '2016-04-02 12:00:00+00', null),
      ('827dda70-5ee3-5c98-9b41-923a3528a547', 'cfed4be7-03cf-5712-b82a-5fddeb094103', 'dbe83a84-389d-5551-aeab-a9fc47b19f8b', 'Brake Disc', '2016-04-02 12:00:00+00', null),
      ('26215cdd-2ab5-5518-80c8-0633d3a3322f', 'cfed4be7-03cf-5712-b82a-5fddeb094103', '02f75f27-6f68-5cf4-8a2a-80c2a952e683', 'Cassette', '2016-04-02 12:00:00+00', null);

INSERT INTO assembly_membership (id, component_id, assembly_slot_id, member_from, member_to) VALUES
      ('27237aaa-03e9-574f-8869-d81bb3b6f854', '8d8e2e59-645d-4228-a007-cd17e5d62149', '87604e22-914f-57c4-a2a5-9e4622f17589', '2006-06-15 12:00:00+00', null),
      ('00bc1056-221f-59f7-bfb4-b775573df169', '9355e25b-78b4-44b3-9a13-7597657f988c', 'ffa3e4ae-0ec1-53f2-bdba-bdef10d1a3eb', '2006-06-15 12:00:00+00', '2013-04-01 12:00:00+00'),
      ('53c35dea-52bd-5b4c-8cab-9273e3ed85d9', 'd972d4e5-1c73-4c8e-be50-354c9742c22a', 'ffa3e4ae-0ec1-53f2-bdba-bdef10d1a3eb', '2013-04-01 12:00:00+00', '2017-11-01 12:00:00+00'),
      ('872eb096-0bb9-5ab4-9fc3-e956b63b4a89', '719a8234-96de-515c-8ef4-895566cd1614', 'ffa3e4ae-0ec1-53f2-bdba-bdef10d1a3eb', '2017-11-01 12:00:00+00', null),
      ('96007df6-7d5b-5092-afef-e93e8d30c5d3', '5cb5afb9-3e1a-4f10-8082-6d72b7b27335', '9ecaa472-2d11-5fc9-9e36-ecdad639aa62', '2006-06-15 12:00:00+00', null),
      ('7881872c-4d61-5160-9555-1d27d03da659', 'e7781636-a761-40b4-b588-c26925a071ec', '7e1ab974-9662-5e2b-a82b-246d5cfbbd10', '2006-06-15 12:00:00+00', '2013-04-01 12:00:00+00'),
      ('c9da680a-aefd-5e42-ab22-f5d4c49c5529', '4a634d19-0c24-4f4e-a262-04b5e3251913', '7e1ab974-9662-5e2b-a82b-246d5cfbbd10', '2013-04-01 12:00:00+00', '2017-11-01 12:00:00+00'),
      ('fa418ef9-ea4a-5290-996a-66387ae6614a', 'b5b4a754-cb59-5d38-99fc-3b0f227646b1', '7e1ab974-9662-5e2b-a82b-246d5cfbbd10', '2017-11-01 12:00:00+00', null),
      ('95a9e63f-9d36-55a1-b5fb-244c2107c90b', '4bbf00a2-7539-4d5f-944f-aa524aa1323a', '7c433ebe-fb50-585d-931d-7d4def9f3f5b', '2006-06-15 12:00:00+00', '2010-06-07 12:00:00+00'),
      ('6c13787c-a1ae-5521-8752-5ee0e01aa02e', '776d7fd5-b477-5fcf-8bae-868aa60efb03', 'e0d3e7fd-e78d-5358-a5fd-36eaa69d981d', '2010-11-01 12:00:00+00', null),
      ('d63d90fd-3e2e-5964-a6f9-708d35f58e47', 'dcbdcfc6-8c0c-4677-a5e4-61b4dc01f526', '2a4d2fc8-cbd0-529c-9e00-6f6a4f9459aa', '2008-06-07 12:00:00+00', null),
      ('49ddb855-30c4-5358-8d48-c165a6ab8c86', 'cbb3e144-27a5-533e-8817-e276bfdee673', '23b21118-6e54-5e7c-af88-8caea765bd6b', '2008-06-07 12:00:00+00', '2010-08-06 12:00:00+00'),
      ('7096ff2f-eefd-5eaf-9597-c1832463fccb', 'd972d4e5-1c73-4c8e-be50-354c9742c22a', '23b21118-6e54-5e7c-af88-8caea765bd6b', '2010-08-06 12:00:00+00', '2013-04-01 12:00:00+00'),
      ('bdd80e0c-2678-546b-b04b-4c901d4c8a46', '00e0c623-ae6c-5206-aab1-6625d17130ca', '23b21118-6e54-5e7c-af88-8caea765bd6b', '2013-04-01 12:00:00+00', '2019-03-01 12:00:00+00'),
      ('b7824009-6ca0-5760-b2a9-93d42589c015', '2b781c3d-c326-546a-994f-92922f46b854', '23b21118-6e54-5e7c-af88-8caea765bd6b', '2019-03-01 12:00:00+00', null),
      ('1537c0c7-2226-5c65-9116-944019ff853c', '80bbc300-5475-4932-8296-c00aaeaa9e5f', '56ac3cc6-a4cf-57fe-9b24-23daa2c5087b', '2008-06-07 12:00:00+00', null),
      ('3d83d0f8-1dd3-5954-be0a-4fafbe101fed', '83dc564e-80b5-53a1-bee5-7f70967230ae', 'fc645fac-4eef-528b-8a8d-7f56ab6166c8', '2008-06-07 12:00:00+00', '2010-08-06 12:00:00+00'),
      ('c1b01a89-c64c-50a3-b669-8c1c55a849dc', '4a634d19-0c24-4f4e-a262-04b5e3251913', 'fc645fac-4eef-528b-8a8d-7f56ab6166c8', '2010-08-06 12:00:00+00', '2013-04-01 12:00:00+00'),
      ('1c051a58-0b65-5ef8-91d7-1552e6fa256d', '24393d23-99a6-5196-afe2-798bd9b5c9fc', 'fc645fac-4eef-528b-8a8d-7f56ab6166c8', '2013-04-01 12:00:00+00', '2019-03-01 12:00:00+00'),
      ('aaf82726-4706-5335-86bc-822c17dacf3c', 'ef0a93ca-3ed9-5c84-a914-5a19e6eb8a8e', 'fc645fac-4eef-528b-8a8d-7f56ab6166c8', '2019-03-01 12:00:00+00', null),
      ('f75f8e4c-3ea6-54c1-a82c-b37fcc277720', '4bbf00a2-7539-4d5f-944f-aa524aa1323a', '8a3777f5-3cca-582e-833c-b2995821f3e3', '2010-06-07 12:00:00+00', '2016-06-01 12:00:00+00'),
      ('022f0d7f-6db5-54d1-b3fa-12d691d66efc', '8cdfe1ad-3beb-5078-8622-ac57f3c48473', '8a3777f5-3cca-582e-833c-b2995821f3e3', '2016-06-01 12:00:00+00', null),
      ('3c3f04d7-cdc9-5e5d-abca-8531022dfacd', '35300fd6-751c-42eb-8632-30ce2646958c', 'a187dad7-fa19-511b-9201-21e0ff39024e', '2010-08-15 12:00:00+00', null),
      ('b467dd35-83b6-500b-bd1f-bfa741780658', '7ee9e12d-ed57-56c7-adf6-99c0c06f655d', '5f305608-d407-5601-b697-4b4b50ec9429', '2010-08-15 12:00:00+00', '2016-05-01 12:00:00+00'),
      ('94d66e7f-7ae7-5c2c-9e83-7b4bc50e28fd', 'c725a8d6-0375-5cbc-a85a-b0ed05942381', '5f305608-d407-5601-b697-4b4b50ec9429', '2016-05-01 12:00:00+00', null),
      ('c1354bda-c810-5f5c-a107-ef63a1999396', '038a66d4-8cd0-55d1-b9d0-1c98877fcfb0', '1dbe17aa-dc6c-5414-9232-6dab0e54636c', '2011-05-01 12:00:00+00', null),
      ('177710a6-a9b5-5a4f-ab95-b2510533dd92', '2652e51d-4175-5d00-a85f-121cb1451475', '381a1b59-4fb4-55cf-9f18-7cab5dddf5dd', '2011-05-01 12:00:00+00', '2016-05-01 12:00:00+00'),
      ('47b9f546-5c6b-5340-bcc7-3209b9b671c0', '4be685f6-18f3-5891-9f60-cd275529fe98', '381a1b59-4fb4-55cf-9f18-7cab5dddf5dd', '2016-05-01 12:00:00+00', null),
      ('e19156c9-e2cf-57f9-8e6b-40f11a977017', 'fa32529f-0b23-5e6f-88ae-4a73c9b8c12d', '7a687202-6c1d-55a2-a932-a84945634cb1', '2011-05-01 12:00:00+00', '2017-05-01 12:00:00+00'),
      ('e31928dc-caee-5642-8166-a93041d02545', 'cbf7efce-f3f5-59dd-b62d-5c06a673b5b1', '7a687202-6c1d-55a2-a932-a84945634cb1', '2017-05-01 12:00:00+00', null),
      ('e283f03b-3c7a-54b3-9b22-ba32822079e7', '05eedb67-f5f0-549b-818f-dca036610f52', '9cc3f385-ee8d-5c38-b7eb-bed6a6058d7c', '2016-04-02 12:00:00+00', null),
      ('473b1f43-77f9-503e-be1f-c05875fde4fc', '6752104d-fde0-5a7c-b903-d4b48e492af3', '5a7eeb2d-b612-5e0b-b78a-72ac342f6415', '2016-04-02 12:00:00+00', '2019-06-01 12:00:00+00'),
      ('870d568a-5844-5941-b4f7-886a7432d657', '357c3747-4a45-5583-822a-eebb90b044ae', '5a7eeb2d-b612-5e0b-b78a-72ac342f6415', '2019-06-01 12:00:00+00', null),
      ('e5cf4de0-3a33-518c-ab56-93aa2a4742e5', '143218d8-6440-58f7-8321-b66caf8e6844', '8c6d045f-e594-5dea-b43b-6510348e6c85', '2016-04-02 12:00:00+00', null),
      ('317ff5e0-f5be-5482-a116-dc816759e205', '1047cc34-b4b4-5ebd-9c43-8ee182bd04bc', '8b36cb35-86e6-582c-8a5b-e2d7db418d8c', '2016-04-02 12:00:00+00', null),
      ('a03beb40-ee15-5ec4-aaaa-c2868930d443', '3361b5f1-47bf-542b-b45b-fb9d06dc0664', '3625d75a-f8cb-5a3b-8a58-723314ea62e9', '2016-04-02 12:00:00+00', '2019-06-01 12:00:00+00'),
      ('5d45ff4e-c9a1-578e-905f-7308e39fbddf', '7fcd1027-865b-57c6-ba09-78f97bf8bf0c', '3625d75a-f8cb-5a3b-8a58-723314ea62e9', '2019-06-01 12:00:00+00', null),
      ('a13863a5-d0f2-5eae-b08a-b1e11d9ca307', '2c891e51-407a-5713-bd94-ce49ab51f4bd', '827dda70-5ee3-5c98-9b41-923a3528a547', '2016-04-02 12:00:00+00', null),
      ('e9f19270-9a16-59c9-ae62-a805b21ed3da', 'befc2132-659a-5f7c-afa1-4f448d9c4c1c', '26215cdd-2ab5-5518-80c8-0633d3a3322f', '2016-04-02 12:00:00+00', null);

INSERT INTO assembly_mounting (id, assembly_id, bike_id, mounted_at, dismounted_at) VALUES
      ('4d38ad1a-e3f3-53f7-8242-9febb233bf89', '94b1699f-bf3e-5bbc-bd4d-1fd2c8859dfa', '70556a9d-bf01-42eb-b882-b5938fff7023', '2006-06-15 12:00:00+00', '2008-06-07 12:00:00+00'),
      ('8b65575c-753e-5b5b-a139-a0faa2900a95', '94b1699f-bf3e-5bbc-bd4d-1fd2c8859dfa', '70556a9d-bf01-42eb-b882-b5938fff7023', '2008-10-11 12:00:00+00', '2009-06-01 12:00:00+00'),
      ('e26ba535-1375-58aa-acc5-c59ab9d4201d', '94b1699f-bf3e-5bbc-bd4d-1fd2c8859dfa', '70556a9d-bf01-42eb-b882-b5938fff7023', '2009-10-11 12:00:00+00', '2010-06-07 12:00:00+00'),
      ('c7c37674-ab99-58c1-b73e-697dc777586a', '94b1699f-bf3e-5bbc-bd4d-1fd2c8859dfa', 'd9052b49-6d61-59f1-a7ad-d8686105f0ea', '2010-07-01 12:00:00+00', '2010-09-01 12:00:00+00'),
      ('189b2d5c-1149-5395-bb8a-e894dac4d4a4', '94b1699f-bf3e-5bbc-bd4d-1fd2c8859dfa', '70556a9d-bf01-42eb-b882-b5938fff7023', '2012-11-01 12:00:00+00', '2013-04-01 12:00:00+00'),
      ('1500a851-aac1-57bb-a182-726581cc77eb', '94b1699f-bf3e-5bbc-bd4d-1fd2c8859dfa', '70556a9d-bf01-42eb-b882-b5938fff7023', '2013-11-01 12:00:00+00', '2014-04-01 12:00:00+00'),
      ('e2bad4ee-c0d0-5712-b733-3cb2376e3718', '94b1699f-bf3e-5bbc-bd4d-1fd2c8859dfa', '70556a9d-bf01-42eb-b882-b5938fff7023', '2014-11-01 12:00:00+00', '2015-04-01 12:00:00+00'),
      ('2105f50a-b221-5633-961f-f4a1f2af8a38', '94b1699f-bf3e-5bbc-bd4d-1fd2c8859dfa', '70556a9d-bf01-42eb-b882-b5938fff7023', '2015-11-01 12:00:00+00', '2016-04-01 12:00:00+00'),
      ('b515a283-ee4e-585b-98ce-c8c2225b23a4', '94b1699f-bf3e-5bbc-bd4d-1fd2c8859dfa', '70556a9d-bf01-42eb-b882-b5938fff7023', '2016-11-01 12:00:00+00', '2017-04-01 12:00:00+00'),
      ('754ed656-6374-550f-92e9-1b35286fa860', '94b1699f-bf3e-5bbc-bd4d-1fd2c8859dfa', '70556a9d-bf01-42eb-b882-b5938fff7023', '2017-11-01 12:00:00+00', '2018-04-01 12:00:00+00'),
      ('78467aa7-f28b-591d-87ba-eb6c0c40702e', '94b1699f-bf3e-5bbc-bd4d-1fd2c8859dfa', '70556a9d-bf01-42eb-b882-b5938fff7023', '2018-11-01 12:00:00+00', '2019-04-01 12:00:00+00'),
      ('1be7e5ed-0cba-5179-bbcc-0ac9cf65fcca', 'ea1df660-0651-5f74-9364-411ec6d91199', '70556a9d-bf01-42eb-b882-b5938fff7023', '2006-06-15 12:00:00+00', '2008-06-07 12:00:00+00'),
      ('59c84822-fad0-528c-88d9-3f31cd89d3a9', 'ea1df660-0651-5f74-9364-411ec6d91199', '70556a9d-bf01-42eb-b882-b5938fff7023', '2008-10-11 12:00:00+00', '2009-06-01 12:00:00+00'),
      ('9ce44f77-521e-5635-aa41-92b8deb4f427', 'ea1df660-0651-5f74-9364-411ec6d91199', '70556a9d-bf01-42eb-b882-b5938fff7023', '2009-10-11 12:00:00+00', '2010-06-07 12:00:00+00'),
      ('41ffb878-6d49-525c-b076-14b7d7adbcc8', 'ea1df660-0651-5f74-9364-411ec6d91199', 'd9052b49-6d61-59f1-a7ad-d8686105f0ea', '2010-07-01 12:00:00+00', '2010-09-01 12:00:00+00'),
      ('7cc3851c-6a2f-5cf3-ba3e-e0ac53a16578', 'ea1df660-0651-5f74-9364-411ec6d91199', '70556a9d-bf01-42eb-b882-b5938fff7023', '2012-11-01 12:00:00+00', '2013-04-01 12:00:00+00'),
      ('0f1cd9bb-0125-51ce-878e-57829354880b', 'ea1df660-0651-5f74-9364-411ec6d91199', '70556a9d-bf01-42eb-b882-b5938fff7023', '2013-11-01 12:00:00+00', '2014-04-01 12:00:00+00'),
      ('2096a12b-b795-5322-b2e5-52b3ed8ab0ef', 'ea1df660-0651-5f74-9364-411ec6d91199', '70556a9d-bf01-42eb-b882-b5938fff7023', '2014-11-01 12:00:00+00', '2015-04-01 12:00:00+00'),
      ('d276c30b-8ffd-5a39-bde4-05ef16a9dcca', 'ea1df660-0651-5f74-9364-411ec6d91199', '70556a9d-bf01-42eb-b882-b5938fff7023', '2015-11-01 12:00:00+00', '2016-04-01 12:00:00+00'),
      ('a79baf12-8706-5a2e-83f3-63ce0b288147', 'ea1df660-0651-5f74-9364-411ec6d91199', '70556a9d-bf01-42eb-b882-b5938fff7023', '2016-11-01 12:00:00+00', '2017-04-01 12:00:00+00'),
      ('62f7d765-da10-5bad-b4c2-c8e301c61c76', 'ea1df660-0651-5f74-9364-411ec6d91199', '70556a9d-bf01-42eb-b882-b5938fff7023', '2017-11-01 12:00:00+00', '2018-04-01 12:00:00+00'),
      ('8b7b7cdc-f5dc-5595-823c-0256686bc0b4', 'ea1df660-0651-5f74-9364-411ec6d91199', '70556a9d-bf01-42eb-b882-b5938fff7023', '2018-11-01 12:00:00+00', '2019-04-01 12:00:00+00'),
      ('fd29d8cd-43bc-5b18-9f22-7267f4ee82ec', '1d03be8b-2699-5022-9b4a-dc90e290d6d3', '70556a9d-bf01-42eb-b882-b5938fff7023', '2008-06-07 12:00:00+00', '2008-10-11 12:00:00+00'),
      ('77763f25-7f92-5643-adf2-aefcaf5bac34', '1d03be8b-2699-5022-9b4a-dc90e290d6d3', '70556a9d-bf01-42eb-b882-b5938fff7023', '2009-06-01 12:00:00+00', '2009-10-11 12:00:00+00'),
      ('b56e9ce1-964e-5e6d-8814-f7e0cdb2c724', '1d03be8b-2699-5022-9b4a-dc90e290d6d3', '70556a9d-bf01-42eb-b882-b5938fff7023', '2010-06-07 12:00:00+00', '2012-11-01 12:00:00+00'),
      ('f65173e6-90b2-5a72-934e-24c0291950c9', '1d03be8b-2699-5022-9b4a-dc90e290d6d3', '70556a9d-bf01-42eb-b882-b5938fff7023', '2013-04-01 12:00:00+00', '2013-11-01 12:00:00+00'),
      ('ce477f52-f24a-59ad-9a26-6c6aaeb2f734', '1d03be8b-2699-5022-9b4a-dc90e290d6d3', '70556a9d-bf01-42eb-b882-b5938fff7023', '2014-04-01 12:00:00+00', '2014-11-01 12:00:00+00'),
      ('14f74dd9-1763-52d6-9cc6-eaf1cd990bd9', '1d03be8b-2699-5022-9b4a-dc90e290d6d3', '70556a9d-bf01-42eb-b882-b5938fff7023', '2015-04-01 12:00:00+00', '2015-11-01 12:00:00+00'),
      ('cbaa6d57-bf9e-51fe-83da-86df1bf9d645', '1d03be8b-2699-5022-9b4a-dc90e290d6d3', '70556a9d-bf01-42eb-b882-b5938fff7023', '2016-04-01 12:00:00+00', '2016-11-01 12:00:00+00'),
      ('6b81d755-669a-508e-9e24-1ae7e4994385', '1d03be8b-2699-5022-9b4a-dc90e290d6d3', '70556a9d-bf01-42eb-b882-b5938fff7023', '2017-04-01 12:00:00+00', '2017-11-01 12:00:00+00'),
      ('3af2fdbb-4b52-5420-bab6-e287844d732b', '1d03be8b-2699-5022-9b4a-dc90e290d6d3', '70556a9d-bf01-42eb-b882-b5938fff7023', '2018-04-01 12:00:00+00', '2018-11-01 12:00:00+00'),
      ('4d82dbf9-55dd-5b7b-ab4b-d03106d2944e', '1d03be8b-2699-5022-9b4a-dc90e290d6d3', '70556a9d-bf01-42eb-b882-b5938fff7023', '2019-04-01 12:00:00+00', null),
      ('5af3086f-98a8-5f53-a6ba-1c7f6dad138d', '66cc2f16-350c-5f47-bb71-75ae016a0d9b', '70556a9d-bf01-42eb-b882-b5938fff7023', '2008-06-07 12:00:00+00', '2008-10-11 12:00:00+00'),
      ('2dc0d573-ef69-5b97-9425-63e64f2aeffa', '66cc2f16-350c-5f47-bb71-75ae016a0d9b', '70556a9d-bf01-42eb-b882-b5938fff7023', '2009-06-01 12:00:00+00', '2009-10-11 12:00:00+00'),
      ('2f4efdd9-112c-5b59-a6c5-7435bc943ef6', '66cc2f16-350c-5f47-bb71-75ae016a0d9b', '70556a9d-bf01-42eb-b882-b5938fff7023', '2010-06-07 12:00:00+00', '2012-11-01 12:00:00+00'),
      ('7b3f7253-11b6-5a85-97b1-939e811ed9e6', '66cc2f16-350c-5f47-bb71-75ae016a0d9b', '70556a9d-bf01-42eb-b882-b5938fff7023', '2013-04-01 12:00:00+00', '2013-11-01 12:00:00+00'),
      ('84a56d2c-0e66-5cc2-b44b-07455954c504', '66cc2f16-350c-5f47-bb71-75ae016a0d9b', '70556a9d-bf01-42eb-b882-b5938fff7023', '2014-04-01 12:00:00+00', '2014-11-01 12:00:00+00'),
      ('7616493d-286b-5b28-9e7a-af9bac199cc3', '66cc2f16-350c-5f47-bb71-75ae016a0d9b', '70556a9d-bf01-42eb-b882-b5938fff7023', '2015-04-01 12:00:00+00', '2015-11-01 12:00:00+00'),
      ('770a60f4-bad7-5a58-8633-8ac6fc28ccf3', '66cc2f16-350c-5f47-bb71-75ae016a0d9b', '70556a9d-bf01-42eb-b882-b5938fff7023', '2016-04-01 12:00:00+00', '2016-11-01 12:00:00+00'),
      ('0f67845c-8bc1-5a98-a84e-f5a0186eb583', '66cc2f16-350c-5f47-bb71-75ae016a0d9b', '70556a9d-bf01-42eb-b882-b5938fff7023', '2017-04-01 12:00:00+00', '2017-11-01 12:00:00+00'),
      ('81b3111b-0cd9-5dba-882b-7ee8b578faa5', '66cc2f16-350c-5f47-bb71-75ae016a0d9b', '70556a9d-bf01-42eb-b882-b5938fff7023', '2018-04-01 12:00:00+00', '2018-11-01 12:00:00+00'),
      ('f35d3f91-28c4-5948-a073-32ddf0b689a9', '66cc2f16-350c-5f47-bb71-75ae016a0d9b', '70556a9d-bf01-42eb-b882-b5938fff7023', '2019-04-01 12:00:00+00', null),
      ('74bfe099-7fc8-5cb4-ae9d-196c9de3381b', 'cc69d617-7c02-5b04-bf74-6d41dd3a2aff', '99a133db-4f9b-4a5b-b6f9-8a5ec96d9db7', '2010-08-15 12:00:00+00', '2010-10-15 12:00:00+00'),
      ('0929cf49-8b71-5a9a-a0ce-3fb299c6e146', 'cc69d617-7c02-5b04-bf74-6d41dd3a2aff', '99a133db-4f9b-4a5b-b6f9-8a5ec96d9db7', '2011-05-01 12:00:00+00', '2011-09-30 12:00:00+00'),
      ('471126af-9e67-5efb-ab2d-a3058050ec95', '4453275b-77f1-54aa-ba96-f2267b0da42d', '99a133db-4f9b-4a5b-b6f9-8a5ec96d9db7', '2011-05-01 12:00:00+00', '2011-09-30 12:00:00+00'),
      ('4146607d-cf04-5641-8212-c646bf569979', 'cc69d617-7c02-5b04-bf74-6d41dd3a2aff', '99a133db-4f9b-4a5b-b6f9-8a5ec96d9db7', '2012-05-01 12:00:00+00', '2012-09-30 12:00:00+00'),
      ('6be74060-371e-573a-b30a-542fb2ee6a7a', '4453275b-77f1-54aa-ba96-f2267b0da42d', '99a133db-4f9b-4a5b-b6f9-8a5ec96d9db7', '2012-05-01 12:00:00+00', '2012-09-30 12:00:00+00'),
      ('1c55518f-ab66-5f11-ad02-dfcad77b064c', 'cc69d617-7c02-5b04-bf74-6d41dd3a2aff', '99a133db-4f9b-4a5b-b6f9-8a5ec96d9db7', '2013-05-01 12:00:00+00', '2013-09-30 12:00:00+00'),
      ('401d2ee7-e73c-5430-8764-b3c987e75d3c', '4453275b-77f1-54aa-ba96-f2267b0da42d', '99a133db-4f9b-4a5b-b6f9-8a5ec96d9db7', '2013-05-01 12:00:00+00', '2013-09-30 12:00:00+00'),
      ('3b7f7e06-0068-530c-bbe8-50a49e210865', 'cc69d617-7c02-5b04-bf74-6d41dd3a2aff', '99a133db-4f9b-4a5b-b6f9-8a5ec96d9db7', '2014-05-01 12:00:00+00', '2014-09-30 12:00:00+00'),
      ('564430f9-2c06-5c33-8fba-c9d406879df3', '4453275b-77f1-54aa-ba96-f2267b0da42d', '99a133db-4f9b-4a5b-b6f9-8a5ec96d9db7', '2014-05-01 12:00:00+00', '2014-09-30 12:00:00+00'),
      ('eac1f3dd-0f75-5b28-8239-e2c40313d11b', 'cc69d617-7c02-5b04-bf74-6d41dd3a2aff', '99a133db-4f9b-4a5b-b6f9-8a5ec96d9db7', '2015-05-01 12:00:00+00', '2015-09-30 12:00:00+00'),
      ('686281d9-7e17-5c0b-9012-3db27db5c24c', '4453275b-77f1-54aa-ba96-f2267b0da42d', '99a133db-4f9b-4a5b-b6f9-8a5ec96d9db7', '2015-05-01 12:00:00+00', '2015-09-30 12:00:00+00'),
      ('aa335d61-282c-520f-b5d2-3b8622e6a39c', 'cc69d617-7c02-5b04-bf74-6d41dd3a2aff', '99a133db-4f9b-4a5b-b6f9-8a5ec96d9db7', '2016-05-01 12:00:00+00', '2016-09-30 12:00:00+00'),
      ('c17b6c9e-c4cd-55eb-9890-3234fc51d6fb', '4453275b-77f1-54aa-ba96-f2267b0da42d', '99a133db-4f9b-4a5b-b6f9-8a5ec96d9db7', '2016-05-01 12:00:00+00', '2016-09-30 12:00:00+00'),
      ('d3aa8967-fa6e-5677-bd15-93e722ccea33', 'cc69d617-7c02-5b04-bf74-6d41dd3a2aff', '99a133db-4f9b-4a5b-b6f9-8a5ec96d9db7', '2017-05-01 12:00:00+00', '2017-09-30 12:00:00+00'),
      ('17606475-9337-5d6b-87c0-8d72c429f2df', '4453275b-77f1-54aa-ba96-f2267b0da42d', '99a133db-4f9b-4a5b-b6f9-8a5ec96d9db7', '2017-05-01 12:00:00+00', '2017-09-30 12:00:00+00'),
      ('77daf30e-faad-5a0e-be2a-9ee018b95407', 'cc69d617-7c02-5b04-bf74-6d41dd3a2aff', '99a133db-4f9b-4a5b-b6f9-8a5ec96d9db7', '2018-05-01 12:00:00+00', '2018-09-30 12:00:00+00'),
      ('4f9cf99d-7465-50db-8e7d-4bcdff58cf2b', '4453275b-77f1-54aa-ba96-f2267b0da42d', '99a133db-4f9b-4a5b-b6f9-8a5ec96d9db7', '2018-05-01 12:00:00+00', '2018-09-30 12:00:00+00'),
      ('50dc14fd-0c8a-523a-94a9-cf887aef929a', 'cc69d617-7c02-5b04-bf74-6d41dd3a2aff', '99a133db-4f9b-4a5b-b6f9-8a5ec96d9db7', '2019-05-01 12:00:00+00', '2019-09-30 12:00:00+00'),
      ('84a2cdfb-4b5b-5d0f-90a3-4d0895a8a915', '4453275b-77f1-54aa-ba96-f2267b0da42d', '99a133db-4f9b-4a5b-b6f9-8a5ec96d9db7', '2019-05-01 12:00:00+00', '2019-09-30 12:00:00+00'),
      ('71ea4580-4b6d-5afa-bbde-1deb9f906fe8', 'f5ce742c-0322-57b0-9cf8-f1827ab3c4ca', 'f36ec9a6-5bf8-5a30-b86d-81389f710db4', '2016-04-02 12:00:00+00', null),
      ('003a3e96-02aa-55f2-9af8-221a3aae645a', 'cfed4be7-03cf-5712-b82a-5fddeb094103', 'f36ec9a6-5bf8-5a30-b86d-81389f710db4', '2016-04-02 12:00:00+00', null);

INSERT INTO mounting (id, component_id, mount_point_id, assembly_mounting_id, mounted_at, dismounted_at) VALUES
      ('165d56e0-64ca-58ad-bcbe-e68dfe834ac4', '8a1578a7-42dd-5d75-ae54-6440059bd38d', '67a558e6-1a39-51c1-aa6a-e88a6ddde61a', null, '1995-04-12 12:00:00+00', '2010-07-01 12:00:00+00'),
      ('303d444a-e3bf-5d27-a39c-94765407a2c5', '8a1578a7-42dd-5d75-ae54-6440059bd38d', '67a558e6-1a39-51c1-aa6a-e88a6ddde61a', null, '2010-09-01 12:00:00+00', '2011-09-30 12:00:00+00'),
      ('7c92c592-98b9-5e0d-aa7b-7c3acf5407b0', '53f15cbb-f570-51eb-a210-b6b6663d0458', '3c47cf41-7f31-5824-979f-ca4f14c3c339', null, '1995-04-12 12:00:00+00', '2010-07-01 12:00:00+00'),
      ('cec6a6eb-5b0a-5a7e-ae56-fb1d533fffb4', '53f15cbb-f570-51eb-a210-b6b6663d0458', '3c47cf41-7f31-5824-979f-ca4f14c3c339', null, '2010-09-01 12:00:00+00', '2011-09-30 12:00:00+00'),
      ('ac3bbba0-5b8f-513a-a9fc-6ba51d18de24', '19393bed-4b2e-51f7-817d-a70a432e3da2', '22cb1dd7-bf6a-551e-b48b-03f187840999', null, '1995-04-12 12:00:00+00', '2001-05-01 12:00:00+00'),
      ('8bdb9442-d5e5-53e0-aa7b-2a5597f1879d', '10fbd11e-7377-57e1-a0cb-99fc1418d6e2', '06238994-14f3-56d5-b877-4e549f148283', null, '1995-04-12 12:00:00+00', '2001-05-01 12:00:00+00'),
      ('f96882e8-1a22-51b5-94f7-f3c2c2b15286', 'dba8aa6f-903c-5d06-89cc-684eb858a03b', '22cb1dd7-bf6a-551e-b48b-03f187840999', null, '2001-05-01 12:00:00+00', '2010-07-01 12:00:00+00'),
      ('52c3e23d-0134-58be-be12-3b38928b9b6d', 'dba8aa6f-903c-5d06-89cc-684eb858a03b', '22cb1dd7-bf6a-551e-b48b-03f187840999', null, '2010-09-01 12:00:00+00', '2011-09-30 12:00:00+00'),
      ('4e43d9e4-0bf5-5bdd-b2d8-06f0d1086fde', 'ca6d230b-d362-5f5a-a97f-d7f104ccaccc', '06238994-14f3-56d5-b877-4e549f148283', null, '2001-05-01 12:00:00+00', '2010-07-01 12:00:00+00'),
      ('8008ba9b-4512-586e-8b46-0a274880c367', 'ca6d230b-d362-5f5a-a97f-d7f104ccaccc', '06238994-14f3-56d5-b877-4e549f148283', null, '2010-09-01 12:00:00+00', '2011-09-30 12:00:00+00'),
      ('e87654ec-ddf2-5ae5-828f-0584632c547c', 'b1caac52-4486-5577-a542-77ffa89f6a78', '4643af18-96be-543e-9492-725b9ccd584b', null, '1995-04-12 12:00:00+00', '2005-06-01 12:00:00+00'),
      ('7c1cc0ad-7371-5e47-8718-209fb873f7a8', 'c0aab30e-aabb-5cfc-8471-7d323f18f717', '4643af18-96be-543e-9492-725b9ccd584b', null, '2005-06-01 12:00:00+00', '2011-09-30 12:00:00+00'),
      ('0e89233e-52a5-5cd3-aa66-bcc21a546461', '64283dae-b33a-5678-97e1-b627ac8b3020', 'dc38e851-abfc-5ab8-a939-1a5d12cb174c', null, '1995-04-12 12:00:00+00', '2011-09-30 12:00:00+00'),
      ('c4c5ecdd-3c94-598d-a504-01847de17343', '32179b9b-78d4-5fee-929d-59fdf6ee0c3d', '3adb9d61-4f53-56a7-8d7e-c6506ba29dd2', null, '1995-04-12 12:00:00+00', '2011-09-30 12:00:00+00'),
      ('1ad8885d-1faf-52d2-b191-e7ad2fd97136', '5af4dad7-20bb-5fcf-805f-e72d3137efe6', 'c423c241-835c-57a3-b2c0-6b477e841215', null, '1995-04-12 12:00:00+00', '2011-09-30 12:00:00+00'),
      ('4f876068-bc36-5eba-8228-96ebd7f2fdca', 'ca68d5a1-cb85-4e4a-a719-4aa380b76325', 'cec42683-e6c8-5ed0-a4a4-4ecb0d376681', null, '2006-06-15 12:00:00+00', null),
      ('34d24274-3493-546a-8725-6aa447a0b57e', 'f8d98a1d-ab33-4df1-b6c5-eefdf4aa3dca', 'bf85ad83-2b38-5a59-8608-2958fb5a556a', null, '2006-06-15 12:00:00+00', null),
      ('b1b2ebc7-b3eb-5304-a825-75ad4305fad2', 'f351b44c-a49b-4871-bd0f-50f7af790b8c', 'fdc1c653-f61e-5957-9829-fff5ffe1c9d2', null, '2006-06-15 12:00:00+00', null),
      ('1928fccc-9424-5b20-b095-f2135f445cce', 'd33a6e96-eb63-4279-8a0c-521b8a4f25d4', 'd428c4f1-4e0b-5008-99fa-842e4b3125dd', null, '2006-06-15 12:00:00+00', null),
      ('82bf5f1c-e5d9-5ed6-a37d-7b4a30ae0ffe', '75efe2d4-bc85-430b-af26-1deb58409b43', 'ec876225-7f91-5835-aac7-0934f68bb1b2', null, '2006-06-15 12:00:00+00', '2010-06-01 12:00:00+00'),
      ('92bcb861-49dc-517f-9168-c1314501e5bd', '2636ef7f-5138-5eab-ad66-a6fda70adc08', 'ec876225-7f91-5835-aac7-0934f68bb1b2', null, '2010-06-01 12:00:00+00', '2014-05-01 12:00:00+00'),
      ('45122f40-8744-5e64-94b2-1a26083739ee', '44c34898-49b7-5747-8268-436c850aa8b0', 'ec876225-7f91-5835-aac7-0934f68bb1b2', null, '2014-05-01 12:00:00+00', '2018-04-01 12:00:00+00'),
      ('c803928c-a62c-5ccf-bc55-05b0b56eb462', '2a35e80e-1a16-55d9-a439-cca10783ee03', 'ec876225-7f91-5835-aac7-0934f68bb1b2', null, '2018-04-01 12:00:00+00', null),
      ('438434ac-546a-5a30-8fed-37655406e487', '5fce029f-1e0d-47d0-b220-e604cafc5451', 'aed2527c-c0f6-502d-b154-b82df08f89fc', null, '2006-06-15 12:00:00+00', '2011-08-10 12:00:00+00'),
      ('da3118dc-f18d-5bc9-8bb1-63a614a227fc', 'c78437fd-2683-53d1-8a67-898858a821a5', 'aed2527c-c0f6-502d-b154-b82df08f89fc', null, '2011-08-10 12:00:00+00', null),
      ('73df0601-208b-5b87-a3c3-f03c5ee2f49b', '7b043b67-ce72-5ed1-938c-c7e2154f4c3b', '8a546d13-b574-5b20-8134-8a71f983d6c9', null, '2006-06-15 12:00:00+00', null),
      ('a1e5b503-5440-5875-8391-5707d16974ac', '9626da72-bbc7-5627-bd53-abbe203604b1', '2389daaa-4519-54b8-a0d9-518f583941de', null, '2006-06-15 12:00:00+00', null),
      ('f54871ec-eee9-5522-81d1-b6cd1f235abc', '5bd663ec-4678-531e-937e-b2c7e9e661dc', '51e47d3d-b18f-5706-8955-e37a41c141dc', null, '2010-08-15 12:00:00+00', '2016-05-01 12:00:00+00'),
      ('42d23a1d-629f-54cf-9e31-1d2c9e8df5ef', '8856788a-2dbc-5c25-a307-37bba4da6c33', '51e47d3d-b18f-5706-8955-e37a41c141dc', null, '2016-05-01 12:00:00+00', null),
      ('e980ff08-a952-53b1-801e-5d61823fb9e4', '7157a341-db4a-5e1a-985f-9ec4841c26e4', '1c0bb1d8-ab3d-52fb-a000-848a2b8bc472', null, '2010-08-15 12:00:00+00', null),
      ('dda3ba86-235b-5a37-8da7-486b1c2c972b', 'cf2c8024-b4e3-5c73-85ce-bc087a8ef94b', '2c8de802-d010-5411-a47f-799577f75432', null, '2010-08-15 12:00:00+00', null),
      ('b2720347-d82e-55c9-993b-4b074e52091f', '04df058c-6277-534a-9cba-ef2b09ac4998', 'a457cadc-d65d-5050-8cd6-00ec3443d0de', null, '2010-08-15 12:00:00+00', null),
      ('edc571ff-3e16-58de-a26a-938d1b4ba593', '9b071759-6961-530c-b86e-7149c792acda', '53accd24-fffd-57f9-b0ab-a19a37ba52b7', null, '2010-08-15 12:00:00+00', '2011-08-10 12:00:00+00'),
      ('17174a41-21b9-5af1-b31e-9b2d9fd530b1', '5fce029f-1e0d-47d0-b220-e604cafc5451', '53accd24-fffd-57f9-b0ab-a19a37ba52b7', null, '2011-08-10 12:00:00+00', null),
      ('cc9cd0b1-bebe-5521-9379-22018cc443b1', '36f76373-7927-5e8b-8964-4770f6826746', '01ac1e13-29ef-50b4-a352-d4d0c9161fb2', null, '2010-08-15 12:00:00+00', null),
      ('746dc89a-b16a-5a7b-9c33-fcd692c706e1', '8694c7c1-3dee-56cd-8be2-eb458abdcc06', 'b92f3bcb-646d-5904-871c-d2859b73ecc7', null, '2016-04-02 12:00:00+00', '2018-09-01 12:00:00+00'),
      ('3ba3a83b-05a5-504b-b4b5-baae0edd8e8b', 'cbc85cc8-016f-57da-8e0a-215e815b4465', 'b92f3bcb-646d-5904-871c-d2859b73ecc7', null, '2018-09-01 12:00:00+00', null),
      ('c31dc5b2-45bf-5c9c-b250-eada7255a430', '550f4012-eff9-51fa-8488-bddfc27abc47', '666bf7fe-f131-5f74-9cf2-399b1a21d75e', null, '2016-04-02 12:00:00+00', null),
      ('211a71fd-0d1a-55b8-90ee-63b013e79c31', '994fea37-7c32-5e89-a5c1-4e86faad9d45', 'e5dd4cc1-ef8f-58b6-9c74-ea0b49fe8f23', null, '2016-04-02 12:00:00+00', null),
      ('eee6f8be-a410-5ac0-8ea4-2746d1723361', '0d8d32ba-c04a-529f-8fa7-ec9e804714be', 'ade1d0e0-c45b-566c-87b2-99cacf18fd33', null, '2016-04-02 12:00:00+00', null),
      ('00e1f110-071b-5c2f-a8ea-06a5d68d1453', '2e15c109-bc09-5bf6-b42d-3fdc8c08b142', '167a172e-32ab-59f1-80ed-97989464173f', null, '2016-04-02 12:00:00+00', null),
      ('7bf2e585-1415-5130-bd33-3239c7f6e368', '7e3d298d-0f15-56fd-9284-865a03337145', '18fc1348-8c14-506d-bb0e-d9c43813d623', null, '2016-04-02 12:00:00+00', null),
      ('7e1e4e3b-bd16-5639-85ed-d7d7768be308', 'a1a8b25a-08fa-5168-b583-b4fb418f3f23', '2605fc4a-69a8-553d-b86d-1628e6c646c9', null, '2016-04-02 12:00:00+00', null),
      ('555249c2-7032-54ba-a826-022ec38b48a0', '8d8e2e59-645d-4228-a007-cd17e5d62149', '6564a03b-9402-5968-90ca-f4f6eb96c9a6', '4d38ad1a-e3f3-53f7-8242-9febb233bf89', '2006-06-15 12:00:00+00', '2008-06-07 12:00:00+00'),
      ('dcc7812c-03fe-5d0c-aee6-9238acddd723', '9355e25b-78b4-44b3-9a13-7597657f988c', '2ba079f8-4725-537a-8230-94e2dffc3246', '4d38ad1a-e3f3-53f7-8242-9febb233bf89', '2006-06-15 12:00:00+00', '2008-06-07 12:00:00+00'),
      ('09a65ff4-c3e7-5aab-88b9-115f2e0c5323', '8d8e2e59-645d-4228-a007-cd17e5d62149', '6564a03b-9402-5968-90ca-f4f6eb96c9a6', '8b65575c-753e-5b5b-a139-a0faa2900a95', '2008-10-11 12:00:00+00', '2009-06-01 12:00:00+00'),
      ('3b5ba9da-c10d-59b8-97ff-4728a08b61ab', '9355e25b-78b4-44b3-9a13-7597657f988c', '2ba079f8-4725-537a-8230-94e2dffc3246', '8b65575c-753e-5b5b-a139-a0faa2900a95', '2008-10-11 12:00:00+00', '2009-06-01 12:00:00+00'),
      ('22eee8a6-e88e-5184-95f0-ce0e693b295f', '8d8e2e59-645d-4228-a007-cd17e5d62149', '6564a03b-9402-5968-90ca-f4f6eb96c9a6', 'e26ba535-1375-58aa-acc5-c59ab9d4201d', '2009-10-11 12:00:00+00', '2010-06-07 12:00:00+00'),
      ('1ed2e972-9313-5023-89c0-901d264019b6', '9355e25b-78b4-44b3-9a13-7597657f988c', '2ba079f8-4725-537a-8230-94e2dffc3246', 'e26ba535-1375-58aa-acc5-c59ab9d4201d', '2009-10-11 12:00:00+00', '2010-06-07 12:00:00+00'),
      ('f1afdf8a-cfc2-5e63-93d1-fd56ce2aab30', '8d8e2e59-645d-4228-a007-cd17e5d62149', '67a558e6-1a39-51c1-aa6a-e88a6ddde61a', 'c7c37674-ab99-58c1-b73e-697dc777586a', '2010-07-01 12:00:00+00', '2010-09-01 12:00:00+00'),
      ('5593b6d9-f7e8-523b-92f8-fa3f007bc1a5', '9355e25b-78b4-44b3-9a13-7597657f988c', '22cb1dd7-bf6a-551e-b48b-03f187840999', 'c7c37674-ab99-58c1-b73e-697dc777586a', '2010-07-01 12:00:00+00', '2010-09-01 12:00:00+00'),
      ('a54c06b1-7530-52d6-b732-37357e201212', '8d8e2e59-645d-4228-a007-cd17e5d62149', '6564a03b-9402-5968-90ca-f4f6eb96c9a6', '189b2d5c-1149-5395-bb8a-e894dac4d4a4', '2012-11-01 12:00:00+00', '2013-04-01 12:00:00+00'),
      ('d52c17b6-5597-5cbe-96e6-baf538e41a45', '9355e25b-78b4-44b3-9a13-7597657f988c', '2ba079f8-4725-537a-8230-94e2dffc3246', '189b2d5c-1149-5395-bb8a-e894dac4d4a4', '2012-11-01 12:00:00+00', '2013-04-01 12:00:00+00'),
      ('8304654f-7789-5f60-9580-f3be5c5b0a0c', '8d8e2e59-645d-4228-a007-cd17e5d62149', '6564a03b-9402-5968-90ca-f4f6eb96c9a6', '1500a851-aac1-57bb-a182-726581cc77eb', '2013-11-01 12:00:00+00', '2014-04-01 12:00:00+00'),
      ('e5c9f43b-f6b9-5984-b44e-80e0a17cca04', 'd972d4e5-1c73-4c8e-be50-354c9742c22a', '2ba079f8-4725-537a-8230-94e2dffc3246', '1500a851-aac1-57bb-a182-726581cc77eb', '2013-11-01 12:00:00+00', '2014-04-01 12:00:00+00'),
      ('1255d420-ee9c-5266-9b58-ad57601c3338', '8d8e2e59-645d-4228-a007-cd17e5d62149', '6564a03b-9402-5968-90ca-f4f6eb96c9a6', 'e2bad4ee-c0d0-5712-b733-3cb2376e3718', '2014-11-01 12:00:00+00', '2015-04-01 12:00:00+00'),
      ('1d4a6cad-a1ee-5b3e-bff3-85ea1ca481dd', 'd972d4e5-1c73-4c8e-be50-354c9742c22a', '2ba079f8-4725-537a-8230-94e2dffc3246', 'e2bad4ee-c0d0-5712-b733-3cb2376e3718', '2014-11-01 12:00:00+00', '2015-04-01 12:00:00+00'),
      ('7d72b031-8f97-56b5-8f2f-e5442dd5fc44', '8d8e2e59-645d-4228-a007-cd17e5d62149', '6564a03b-9402-5968-90ca-f4f6eb96c9a6', '2105f50a-b221-5633-961f-f4a1f2af8a38', '2015-11-01 12:00:00+00', '2016-04-01 12:00:00+00'),
      ('1a27afd2-2d84-50d1-a241-1ff7c7f7150d', 'd972d4e5-1c73-4c8e-be50-354c9742c22a', '2ba079f8-4725-537a-8230-94e2dffc3246', '2105f50a-b221-5633-961f-f4a1f2af8a38', '2015-11-01 12:00:00+00', '2016-04-01 12:00:00+00'),
      ('1816e916-6d1d-592b-b10d-64d89b0f462f', '8d8e2e59-645d-4228-a007-cd17e5d62149', '6564a03b-9402-5968-90ca-f4f6eb96c9a6', 'b515a283-ee4e-585b-98ce-c8c2225b23a4', '2016-11-01 12:00:00+00', '2017-04-01 12:00:00+00'),
      ('a650cf24-0f3a-575d-ae74-2c83e93b2505', 'd972d4e5-1c73-4c8e-be50-354c9742c22a', '2ba079f8-4725-537a-8230-94e2dffc3246', 'b515a283-ee4e-585b-98ce-c8c2225b23a4', '2016-11-01 12:00:00+00', '2017-04-01 12:00:00+00'),
      ('2bebd51d-d389-57e5-a14d-d6c68b5a67e7', '8d8e2e59-645d-4228-a007-cd17e5d62149', '6564a03b-9402-5968-90ca-f4f6eb96c9a6', '754ed656-6374-550f-92e9-1b35286fa860', '2017-11-01 12:00:00+00', '2018-04-01 12:00:00+00'),
      ('04a11227-a0fa-5feb-a643-c6cff0767b84', '719a8234-96de-515c-8ef4-895566cd1614', '2ba079f8-4725-537a-8230-94e2dffc3246', '754ed656-6374-550f-92e9-1b35286fa860', '2017-11-01 12:00:00+00', '2018-04-01 12:00:00+00'),
      ('b4d4deec-767f-5da8-87df-cd9dc54ff1b7', '8d8e2e59-645d-4228-a007-cd17e5d62149', '6564a03b-9402-5968-90ca-f4f6eb96c9a6', '78467aa7-f28b-591d-87ba-eb6c0c40702e', '2018-11-01 12:00:00+00', '2019-04-01 12:00:00+00'),
      ('a125bfa7-a718-58fe-81a4-c4f15779b907', '719a8234-96de-515c-8ef4-895566cd1614', '2ba079f8-4725-537a-8230-94e2dffc3246', '78467aa7-f28b-591d-87ba-eb6c0c40702e', '2018-11-01 12:00:00+00', '2019-04-01 12:00:00+00'),
      ('88d0dc51-1a76-577b-8931-e2cf8d14f661', '5cb5afb9-3e1a-4f10-8082-6d72b7b27335', '80f54e7a-92de-5d24-b3a6-119221443acb', '1be7e5ed-0cba-5179-bbcc-0ac9cf65fcca', '2006-06-15 12:00:00+00', '2008-06-07 12:00:00+00'),
      ('383341e8-b754-54b3-bf30-d54208d38e43', 'e7781636-a761-40b4-b588-c26925a071ec', '82a01537-41df-5bff-93b5-8cf5548031cf', '1be7e5ed-0cba-5179-bbcc-0ac9cf65fcca', '2006-06-15 12:00:00+00', '2008-06-07 12:00:00+00'),
      ('997d35e5-6c79-5e2d-a00d-974e6a7d7540', '4bbf00a2-7539-4d5f-944f-aa524aa1323a', '9e7e3a3e-0366-5a94-a6af-d25b291c5e9d', '1be7e5ed-0cba-5179-bbcc-0ac9cf65fcca', '2006-06-15 12:00:00+00', '2008-06-07 12:00:00+00'),
      ('abfefb68-d97c-5158-acb8-3dccad90a5b9', '5cb5afb9-3e1a-4f10-8082-6d72b7b27335', '80f54e7a-92de-5d24-b3a6-119221443acb', '59c84822-fad0-528c-88d9-3f31cd89d3a9', '2008-10-11 12:00:00+00', '2009-06-01 12:00:00+00'),
      ('4c2fe4b9-cffe-56b8-a2be-0fe364e98424', 'e7781636-a761-40b4-b588-c26925a071ec', '82a01537-41df-5bff-93b5-8cf5548031cf', '59c84822-fad0-528c-88d9-3f31cd89d3a9', '2008-10-11 12:00:00+00', '2009-06-01 12:00:00+00'),
      ('bde6dc01-6742-51a7-8c56-73eff4edbc73', '4bbf00a2-7539-4d5f-944f-aa524aa1323a', '9e7e3a3e-0366-5a94-a6af-d25b291c5e9d', '59c84822-fad0-528c-88d9-3f31cd89d3a9', '2008-10-11 12:00:00+00', '2009-06-01 12:00:00+00'),
      ('6c29536d-1db1-5573-b097-3c0227243ab1', '5cb5afb9-3e1a-4f10-8082-6d72b7b27335', '80f54e7a-92de-5d24-b3a6-119221443acb', '9ce44f77-521e-5635-aa41-92b8deb4f427', '2009-10-11 12:00:00+00', '2010-06-07 12:00:00+00'),
      ('c348a734-1937-5575-a3e3-28dc3fa65f31', 'e7781636-a761-40b4-b588-c26925a071ec', '82a01537-41df-5bff-93b5-8cf5548031cf', '9ce44f77-521e-5635-aa41-92b8deb4f427', '2009-10-11 12:00:00+00', '2010-06-07 12:00:00+00'),
      ('2e327afd-126f-5fac-9d2e-cc84104c598c', '4bbf00a2-7539-4d5f-944f-aa524aa1323a', '9e7e3a3e-0366-5a94-a6af-d25b291c5e9d', '9ce44f77-521e-5635-aa41-92b8deb4f427', '2009-10-11 12:00:00+00', '2010-06-07 12:00:00+00'),
      ('8a82f0ed-8de9-53f1-9f8f-5a4f0a67e28e', '5cb5afb9-3e1a-4f10-8082-6d72b7b27335', '3c47cf41-7f31-5824-979f-ca4f14c3c339', '41ffb878-6d49-525c-b076-14b7d7adbcc8', '2010-07-01 12:00:00+00', '2010-09-01 12:00:00+00'),
      ('f6a865f1-1842-5bbf-963e-7b897eba097d', 'e7781636-a761-40b4-b588-c26925a071ec', '06238994-14f3-56d5-b877-4e549f148283', '41ffb878-6d49-525c-b076-14b7d7adbcc8', '2010-07-01 12:00:00+00', '2010-09-01 12:00:00+00'),
      ('e8d4aa48-28e1-59fd-bb83-afa834004f09', '5cb5afb9-3e1a-4f10-8082-6d72b7b27335', '80f54e7a-92de-5d24-b3a6-119221443acb', '7cc3851c-6a2f-5cf3-ba3e-e0ac53a16578', '2012-11-01 12:00:00+00', '2013-04-01 12:00:00+00'),
      ('2e25641d-e0ac-5f77-94f6-e0c9ce57b080', 'e7781636-a761-40b4-b588-c26925a071ec', '82a01537-41df-5bff-93b5-8cf5548031cf', '7cc3851c-6a2f-5cf3-ba3e-e0ac53a16578', '2012-11-01 12:00:00+00', '2013-04-01 12:00:00+00'),
      ('71e3b80d-4b1e-5485-9058-1f0c7c039239', '776d7fd5-b477-5fcf-8bae-868aa60efb03', '9e7e3a3e-0366-5a94-a6af-d25b291c5e9d', '7cc3851c-6a2f-5cf3-ba3e-e0ac53a16578', '2012-11-01 12:00:00+00', '2013-04-01 12:00:00+00'),
      ('5da459cc-3892-5675-b9a8-637167cd3aed', '5cb5afb9-3e1a-4f10-8082-6d72b7b27335', '80f54e7a-92de-5d24-b3a6-119221443acb', '0f1cd9bb-0125-51ce-878e-57829354880b', '2013-11-01 12:00:00+00', '2014-04-01 12:00:00+00'),
      ('68207d7a-636e-5dce-a048-718d9b9cef0c', '4a634d19-0c24-4f4e-a262-04b5e3251913', '82a01537-41df-5bff-93b5-8cf5548031cf', '0f1cd9bb-0125-51ce-878e-57829354880b', '2013-11-01 12:00:00+00', '2014-04-01 12:00:00+00'),
      ('2b51b99c-a3bd-5dad-b1fc-6e3d0e2feff1', '776d7fd5-b477-5fcf-8bae-868aa60efb03', '9e7e3a3e-0366-5a94-a6af-d25b291c5e9d', '0f1cd9bb-0125-51ce-878e-57829354880b', '2013-11-01 12:00:00+00', '2014-04-01 12:00:00+00'),
      ('85c9c93d-155c-50c1-acd3-e7400166cf7d', '5cb5afb9-3e1a-4f10-8082-6d72b7b27335', '80f54e7a-92de-5d24-b3a6-119221443acb', '2096a12b-b795-5322-b2e5-52b3ed8ab0ef', '2014-11-01 12:00:00+00', '2015-04-01 12:00:00+00'),
      ('703bfb11-2eca-5543-8297-87e35e6957e0', '4a634d19-0c24-4f4e-a262-04b5e3251913', '82a01537-41df-5bff-93b5-8cf5548031cf', '2096a12b-b795-5322-b2e5-52b3ed8ab0ef', '2014-11-01 12:00:00+00', '2015-04-01 12:00:00+00'),
      ('e393b5fc-8c17-5cd0-af49-add8844aa2d8', '776d7fd5-b477-5fcf-8bae-868aa60efb03', '9e7e3a3e-0366-5a94-a6af-d25b291c5e9d', '2096a12b-b795-5322-b2e5-52b3ed8ab0ef', '2014-11-01 12:00:00+00', '2015-04-01 12:00:00+00'),
      ('41c1f5a7-f162-5def-954f-028ab5674151', '5cb5afb9-3e1a-4f10-8082-6d72b7b27335', '80f54e7a-92de-5d24-b3a6-119221443acb', 'd276c30b-8ffd-5a39-bde4-05ef16a9dcca', '2015-11-01 12:00:00+00', '2016-04-01 12:00:00+00'),
      ('882e7c1b-dd6f-5010-ae9e-ffaa72a7f354', '4a634d19-0c24-4f4e-a262-04b5e3251913', '82a01537-41df-5bff-93b5-8cf5548031cf', 'd276c30b-8ffd-5a39-bde4-05ef16a9dcca', '2015-11-01 12:00:00+00', '2016-04-01 12:00:00+00'),
      ('d44baca0-d66a-51fa-b54e-ca166c5c4443', '776d7fd5-b477-5fcf-8bae-868aa60efb03', '9e7e3a3e-0366-5a94-a6af-d25b291c5e9d', 'd276c30b-8ffd-5a39-bde4-05ef16a9dcca', '2015-11-01 12:00:00+00', '2016-04-01 12:00:00+00'),
      ('1470e7cb-0f7c-5ce7-9e48-cdfc832fb03d', '5cb5afb9-3e1a-4f10-8082-6d72b7b27335', '80f54e7a-92de-5d24-b3a6-119221443acb', 'a79baf12-8706-5a2e-83f3-63ce0b288147', '2016-11-01 12:00:00+00', '2017-04-01 12:00:00+00'),
      ('118cd3ca-ab4f-5bc9-8ebf-661b11482d0c', '4a634d19-0c24-4f4e-a262-04b5e3251913', '82a01537-41df-5bff-93b5-8cf5548031cf', 'a79baf12-8706-5a2e-83f3-63ce0b288147', '2016-11-01 12:00:00+00', '2017-04-01 12:00:00+00'),
      ('b603bf0d-b399-5faa-8ecf-b1af705ee09a', '776d7fd5-b477-5fcf-8bae-868aa60efb03', '9e7e3a3e-0366-5a94-a6af-d25b291c5e9d', 'a79baf12-8706-5a2e-83f3-63ce0b288147', '2016-11-01 12:00:00+00', '2017-04-01 12:00:00+00'),
      ('ac461390-1d0f-5ad9-8590-0d3d31a122cc', '5cb5afb9-3e1a-4f10-8082-6d72b7b27335', '80f54e7a-92de-5d24-b3a6-119221443acb', '62f7d765-da10-5bad-b4c2-c8e301c61c76', '2017-11-01 12:00:00+00', '2018-04-01 12:00:00+00'),
      ('c739e356-2e21-50b7-84e4-aa55088b69e0', 'b5b4a754-cb59-5d38-99fc-3b0f227646b1', '82a01537-41df-5bff-93b5-8cf5548031cf', '62f7d765-da10-5bad-b4c2-c8e301c61c76', '2017-11-01 12:00:00+00', '2018-04-01 12:00:00+00'),
      ('9a8a3003-e0d8-57fe-8b08-f9096efc6c4e', '776d7fd5-b477-5fcf-8bae-868aa60efb03', '9e7e3a3e-0366-5a94-a6af-d25b291c5e9d', '62f7d765-da10-5bad-b4c2-c8e301c61c76', '2017-11-01 12:00:00+00', '2018-04-01 12:00:00+00'),
      ('e71f5e13-b984-5ad1-8265-3b4d1b71fda2', '5cb5afb9-3e1a-4f10-8082-6d72b7b27335', '80f54e7a-92de-5d24-b3a6-119221443acb', '8b7b7cdc-f5dc-5595-823c-0256686bc0b4', '2018-11-01 12:00:00+00', '2019-04-01 12:00:00+00'),
      ('665ed25a-df77-5520-8de0-8335fa960335', 'b5b4a754-cb59-5d38-99fc-3b0f227646b1', '82a01537-41df-5bff-93b5-8cf5548031cf', '8b7b7cdc-f5dc-5595-823c-0256686bc0b4', '2018-11-01 12:00:00+00', '2019-04-01 12:00:00+00'),
      ('bcacca46-1c01-5eb8-92b7-171979a97eef', '776d7fd5-b477-5fcf-8bae-868aa60efb03', '9e7e3a3e-0366-5a94-a6af-d25b291c5e9d', '8b7b7cdc-f5dc-5595-823c-0256686bc0b4', '2018-11-01 12:00:00+00', '2019-04-01 12:00:00+00'),
      ('b57adf9b-e072-53a4-9a57-bda1571c55c4', 'dcbdcfc6-8c0c-4677-a5e4-61b4dc01f526', '6564a03b-9402-5968-90ca-f4f6eb96c9a6', 'fd29d8cd-43bc-5b18-9f22-7267f4ee82ec', '2008-06-07 12:00:00+00', '2008-10-11 12:00:00+00'),
      ('40867184-a309-5fa7-9222-af797155fbd2', 'cbb3e144-27a5-533e-8817-e276bfdee673', '2ba079f8-4725-537a-8230-94e2dffc3246', 'fd29d8cd-43bc-5b18-9f22-7267f4ee82ec', '2008-06-07 12:00:00+00', '2008-10-11 12:00:00+00'),
      ('37d58052-ae2d-5c40-9ef2-0b0e42ebea83', 'dcbdcfc6-8c0c-4677-a5e4-61b4dc01f526', '6564a03b-9402-5968-90ca-f4f6eb96c9a6', '77763f25-7f92-5643-adf2-aefcaf5bac34', '2009-06-01 12:00:00+00', '2009-10-11 12:00:00+00'),
      ('27b95bf5-5b58-5064-bc32-28bf7881a68e', 'cbb3e144-27a5-533e-8817-e276bfdee673', '2ba079f8-4725-537a-8230-94e2dffc3246', '77763f25-7f92-5643-adf2-aefcaf5bac34', '2009-06-01 12:00:00+00', '2009-10-11 12:00:00+00'),
      ('915fc4c7-1071-5822-bb2b-ea579b9f1072', 'dcbdcfc6-8c0c-4677-a5e4-61b4dc01f526', '6564a03b-9402-5968-90ca-f4f6eb96c9a6', 'b56e9ce1-964e-5e6d-8814-f7e0cdb2c724', '2010-06-07 12:00:00+00', '2012-11-01 12:00:00+00'),
      ('1381b3e4-b89d-5bac-80a5-cfe288405ac0', 'cbb3e144-27a5-533e-8817-e276bfdee673', '2ba079f8-4725-537a-8230-94e2dffc3246', 'b56e9ce1-964e-5e6d-8814-f7e0cdb2c724', '2010-06-07 12:00:00+00', '2010-08-06 12:00:00+00'),
      ('b17b8bec-77c3-59fe-b292-b48bdbda7912', 'd972d4e5-1c73-4c8e-be50-354c9742c22a', '2ba079f8-4725-537a-8230-94e2dffc3246', 'b56e9ce1-964e-5e6d-8814-f7e0cdb2c724', '2010-08-06 12:00:00+00', '2012-11-01 12:00:00+00'),
      ('e61ab7c0-38e8-59ff-abb2-37af2e65b919', 'dcbdcfc6-8c0c-4677-a5e4-61b4dc01f526', '6564a03b-9402-5968-90ca-f4f6eb96c9a6', 'f65173e6-90b2-5a72-934e-24c0291950c9', '2013-04-01 12:00:00+00', '2013-11-01 12:00:00+00'),
      ('20369b90-c84f-5b25-83fd-c49f3179403b', '00e0c623-ae6c-5206-aab1-6625d17130ca', '2ba079f8-4725-537a-8230-94e2dffc3246', 'f65173e6-90b2-5a72-934e-24c0291950c9', '2013-04-01 12:00:00+00', '2013-11-01 12:00:00+00'),
      ('a0c668df-e842-5b3f-8ada-21c01102bd74', 'dcbdcfc6-8c0c-4677-a5e4-61b4dc01f526', '6564a03b-9402-5968-90ca-f4f6eb96c9a6', 'ce477f52-f24a-59ad-9a26-6c6aaeb2f734', '2014-04-01 12:00:00+00', '2014-11-01 12:00:00+00'),
      ('d48ea880-ef78-5423-9529-c8d99b41f1e4', '00e0c623-ae6c-5206-aab1-6625d17130ca', '2ba079f8-4725-537a-8230-94e2dffc3246', 'ce477f52-f24a-59ad-9a26-6c6aaeb2f734', '2014-04-01 12:00:00+00', '2014-11-01 12:00:00+00'),
      ('ec802de6-6ae6-5704-8012-8b8fc1416ff9', 'dcbdcfc6-8c0c-4677-a5e4-61b4dc01f526', '6564a03b-9402-5968-90ca-f4f6eb96c9a6', '14f74dd9-1763-52d6-9cc6-eaf1cd990bd9', '2015-04-01 12:00:00+00', '2015-11-01 12:00:00+00'),
      ('4db8873f-c427-5307-88e0-1b121e0d1213', '00e0c623-ae6c-5206-aab1-6625d17130ca', '2ba079f8-4725-537a-8230-94e2dffc3246', '14f74dd9-1763-52d6-9cc6-eaf1cd990bd9', '2015-04-01 12:00:00+00', '2015-11-01 12:00:00+00'),
      ('4f7c5d31-d737-5811-9ee4-eae55aa261c2', 'dcbdcfc6-8c0c-4677-a5e4-61b4dc01f526', '6564a03b-9402-5968-90ca-f4f6eb96c9a6', 'cbaa6d57-bf9e-51fe-83da-86df1bf9d645', '2016-04-01 12:00:00+00', '2016-11-01 12:00:00+00'),
      ('acad7961-6bb7-5e87-80dc-7d33987943b3', '00e0c623-ae6c-5206-aab1-6625d17130ca', '2ba079f8-4725-537a-8230-94e2dffc3246', 'cbaa6d57-bf9e-51fe-83da-86df1bf9d645', '2016-04-01 12:00:00+00', '2016-11-01 12:00:00+00'),
      ('1883766b-528a-55b2-be7a-d161c1569d10', 'dcbdcfc6-8c0c-4677-a5e4-61b4dc01f526', '6564a03b-9402-5968-90ca-f4f6eb96c9a6', '6b81d755-669a-508e-9e24-1ae7e4994385', '2017-04-01 12:00:00+00', '2017-11-01 12:00:00+00'),
      ('4d221a4b-322c-59c9-ab8c-39873c404a6f', '00e0c623-ae6c-5206-aab1-6625d17130ca', '2ba079f8-4725-537a-8230-94e2dffc3246', '6b81d755-669a-508e-9e24-1ae7e4994385', '2017-04-01 12:00:00+00', '2017-11-01 12:00:00+00'),
      ('f780faa8-9c43-5992-93f1-ba678f5518c5', 'dcbdcfc6-8c0c-4677-a5e4-61b4dc01f526', '6564a03b-9402-5968-90ca-f4f6eb96c9a6', '3af2fdbb-4b52-5420-bab6-e287844d732b', '2018-04-01 12:00:00+00', '2018-11-01 12:00:00+00'),
      ('af467991-f59f-526f-8e64-635d6dd5c539', '00e0c623-ae6c-5206-aab1-6625d17130ca', '2ba079f8-4725-537a-8230-94e2dffc3246', '3af2fdbb-4b52-5420-bab6-e287844d732b', '2018-04-01 12:00:00+00', '2018-11-01 12:00:00+00'),
      ('57c7a933-5516-5148-86b1-dc87aac17304', 'dcbdcfc6-8c0c-4677-a5e4-61b4dc01f526', '6564a03b-9402-5968-90ca-f4f6eb96c9a6', '4d82dbf9-55dd-5b7b-ab4b-d03106d2944e', '2019-04-01 12:00:00+00', null),
      ('19d18bf5-dfbb-5696-8f4d-08b2b5a54f7b', '2b781c3d-c326-546a-994f-92922f46b854', '2ba079f8-4725-537a-8230-94e2dffc3246', '4d82dbf9-55dd-5b7b-ab4b-d03106d2944e', '2019-04-01 12:00:00+00', null),
      ('429ed515-fb46-51a3-b998-9a40a1f59289', '80bbc300-5475-4932-8296-c00aaeaa9e5f', '80f54e7a-92de-5d24-b3a6-119221443acb', '5af3086f-98a8-5f53-a6ba-1c7f6dad138d', '2008-06-07 12:00:00+00', '2008-10-11 12:00:00+00'),
      ('b593758b-df01-5816-bf2b-5ec887ef5b24', '83dc564e-80b5-53a1-bee5-7f70967230ae', '82a01537-41df-5bff-93b5-8cf5548031cf', '5af3086f-98a8-5f53-a6ba-1c7f6dad138d', '2008-06-07 12:00:00+00', '2008-10-11 12:00:00+00'),
      ('9d2dd3af-3022-51ed-9c29-fec34d270e3f', '80bbc300-5475-4932-8296-c00aaeaa9e5f', '80f54e7a-92de-5d24-b3a6-119221443acb', '2dc0d573-ef69-5b97-9425-63e64f2aeffa', '2009-06-01 12:00:00+00', '2009-10-11 12:00:00+00'),
      ('c43e458d-7bf9-5596-9ce6-b993a2bc9298', '83dc564e-80b5-53a1-bee5-7f70967230ae', '82a01537-41df-5bff-93b5-8cf5548031cf', '2dc0d573-ef69-5b97-9425-63e64f2aeffa', '2009-06-01 12:00:00+00', '2009-10-11 12:00:00+00'),
      ('601e573c-9941-5412-97bd-d071f9479aa2', '80bbc300-5475-4932-8296-c00aaeaa9e5f', '80f54e7a-92de-5d24-b3a6-119221443acb', '2f4efdd9-112c-5b59-a6c5-7435bc943ef6', '2010-06-07 12:00:00+00', '2012-11-01 12:00:00+00'),
      ('b7b2bbc2-d26b-5601-abb7-f8819429b402', '83dc564e-80b5-53a1-bee5-7f70967230ae', '82a01537-41df-5bff-93b5-8cf5548031cf', '2f4efdd9-112c-5b59-a6c5-7435bc943ef6', '2010-06-07 12:00:00+00', '2010-08-06 12:00:00+00'),
      ('bc745473-c4ec-55e5-ac0c-915ab9c55967', '4a634d19-0c24-4f4e-a262-04b5e3251913', '82a01537-41df-5bff-93b5-8cf5548031cf', '2f4efdd9-112c-5b59-a6c5-7435bc943ef6', '2010-08-06 12:00:00+00', '2012-11-01 12:00:00+00'),
      ('8c952da2-b564-5811-8973-9025f9b28fe2', '4bbf00a2-7539-4d5f-944f-aa524aa1323a', '9e7e3a3e-0366-5a94-a6af-d25b291c5e9d', '2f4efdd9-112c-5b59-a6c5-7435bc943ef6', '2010-06-07 12:00:00+00', '2012-11-01 12:00:00+00'),
      ('79db1bba-720e-5604-bd56-87845e7939fb', '80bbc300-5475-4932-8296-c00aaeaa9e5f', '80f54e7a-92de-5d24-b3a6-119221443acb', '7b3f7253-11b6-5a85-97b1-939e811ed9e6', '2013-04-01 12:00:00+00', '2013-11-01 12:00:00+00'),
      ('252afeb2-f8f4-5934-b658-34a57ab7ce2b', '24393d23-99a6-5196-afe2-798bd9b5c9fc', '82a01537-41df-5bff-93b5-8cf5548031cf', '7b3f7253-11b6-5a85-97b1-939e811ed9e6', '2013-04-01 12:00:00+00', '2013-11-01 12:00:00+00'),
      ('4440d285-6d24-5703-ad93-ea5d50463df0', '4bbf00a2-7539-4d5f-944f-aa524aa1323a', '9e7e3a3e-0366-5a94-a6af-d25b291c5e9d', '7b3f7253-11b6-5a85-97b1-939e811ed9e6', '2013-04-01 12:00:00+00', '2013-11-01 12:00:00+00'),
      ('9cffff0d-d4f9-57bb-b5d6-aa10f36fb0f1', '80bbc300-5475-4932-8296-c00aaeaa9e5f', '80f54e7a-92de-5d24-b3a6-119221443acb', '84a56d2c-0e66-5cc2-b44b-07455954c504', '2014-04-01 12:00:00+00', '2014-11-01 12:00:00+00'),
      ('dd646107-69a4-5263-9415-ba4650cc115a', '24393d23-99a6-5196-afe2-798bd9b5c9fc', '82a01537-41df-5bff-93b5-8cf5548031cf', '84a56d2c-0e66-5cc2-b44b-07455954c504', '2014-04-01 12:00:00+00', '2014-11-01 12:00:00+00'),
      ('87e7c2dc-0316-520f-9880-41cab5513528', '4bbf00a2-7539-4d5f-944f-aa524aa1323a', '9e7e3a3e-0366-5a94-a6af-d25b291c5e9d', '84a56d2c-0e66-5cc2-b44b-07455954c504', '2014-04-01 12:00:00+00', '2014-11-01 12:00:00+00'),
      ('a2aab0af-56c9-5879-9b96-83cff3010ec4', '80bbc300-5475-4932-8296-c00aaeaa9e5f', '80f54e7a-92de-5d24-b3a6-119221443acb', '7616493d-286b-5b28-9e7a-af9bac199cc3', '2015-04-01 12:00:00+00', '2015-11-01 12:00:00+00'),
      ('7d6ee045-f0bd-51dc-9b0d-1d865179bf47', '24393d23-99a6-5196-afe2-798bd9b5c9fc', '82a01537-41df-5bff-93b5-8cf5548031cf', '7616493d-286b-5b28-9e7a-af9bac199cc3', '2015-04-01 12:00:00+00', '2015-11-01 12:00:00+00'),
      ('16e13caf-f321-52ba-8b25-b2ebe2ac0a53', '4bbf00a2-7539-4d5f-944f-aa524aa1323a', '9e7e3a3e-0366-5a94-a6af-d25b291c5e9d', '7616493d-286b-5b28-9e7a-af9bac199cc3', '2015-04-01 12:00:00+00', '2015-11-01 12:00:00+00'),
      ('7d0d948a-8d6c-5d57-a3ca-314a30ccccd3', '80bbc300-5475-4932-8296-c00aaeaa9e5f', '80f54e7a-92de-5d24-b3a6-119221443acb', '770a60f4-bad7-5a58-8633-8ac6fc28ccf3', '2016-04-01 12:00:00+00', '2016-11-01 12:00:00+00'),
      ('7f47817c-0642-525d-a049-784e87d91dcd', '24393d23-99a6-5196-afe2-798bd9b5c9fc', '82a01537-41df-5bff-93b5-8cf5548031cf', '770a60f4-bad7-5a58-8633-8ac6fc28ccf3', '2016-04-01 12:00:00+00', '2016-11-01 12:00:00+00'),
      ('0741f544-4336-5380-ba4f-1dc525773cc9', '4bbf00a2-7539-4d5f-944f-aa524aa1323a', '9e7e3a3e-0366-5a94-a6af-d25b291c5e9d', '770a60f4-bad7-5a58-8633-8ac6fc28ccf3', '2016-04-01 12:00:00+00', '2016-06-01 12:00:00+00'),
      ('ad87f948-474d-51b8-8de7-00f1161c71de', '8cdfe1ad-3beb-5078-8622-ac57f3c48473', '9e7e3a3e-0366-5a94-a6af-d25b291c5e9d', '770a60f4-bad7-5a58-8633-8ac6fc28ccf3', '2016-06-01 12:00:00+00', '2016-11-01 12:00:00+00'),
      ('7f73408a-8349-5cfc-a5d7-5f95bc7095e6', '80bbc300-5475-4932-8296-c00aaeaa9e5f', '80f54e7a-92de-5d24-b3a6-119221443acb', '0f67845c-8bc1-5a98-a84e-f5a0186eb583', '2017-04-01 12:00:00+00', '2017-11-01 12:00:00+00'),
      ('dc332ebc-c9c4-54b4-a191-830bd7af512d', '24393d23-99a6-5196-afe2-798bd9b5c9fc', '82a01537-41df-5bff-93b5-8cf5548031cf', '0f67845c-8bc1-5a98-a84e-f5a0186eb583', '2017-04-01 12:00:00+00', '2017-11-01 12:00:00+00'),
      ('5c390583-564c-5db2-b26f-3018068e8f3d', '8cdfe1ad-3beb-5078-8622-ac57f3c48473', '9e7e3a3e-0366-5a94-a6af-d25b291c5e9d', '0f67845c-8bc1-5a98-a84e-f5a0186eb583', '2017-04-01 12:00:00+00', '2017-11-01 12:00:00+00'),
      ('0e091dc7-8bf4-51b4-9945-4eb06b29a5cb', '80bbc300-5475-4932-8296-c00aaeaa9e5f', '80f54e7a-92de-5d24-b3a6-119221443acb', '81b3111b-0cd9-5dba-882b-7ee8b578faa5', '2018-04-01 12:00:00+00', '2018-11-01 12:00:00+00'),
      ('1a3305e3-baef-51cc-8071-a562621bc79a', '24393d23-99a6-5196-afe2-798bd9b5c9fc', '82a01537-41df-5bff-93b5-8cf5548031cf', '81b3111b-0cd9-5dba-882b-7ee8b578faa5', '2018-04-01 12:00:00+00', '2018-11-01 12:00:00+00'),
      ('c71c1a40-5273-521d-ad69-ecc89b1ee94a', '8cdfe1ad-3beb-5078-8622-ac57f3c48473', '9e7e3a3e-0366-5a94-a6af-d25b291c5e9d', '81b3111b-0cd9-5dba-882b-7ee8b578faa5', '2018-04-01 12:00:00+00', '2018-11-01 12:00:00+00'),
      ('448db9b4-0ae4-52cd-84d2-f3c5dbf9d591', '80bbc300-5475-4932-8296-c00aaeaa9e5f', '80f54e7a-92de-5d24-b3a6-119221443acb', 'f35d3f91-28c4-5948-a073-32ddf0b689a9', '2019-04-01 12:00:00+00', null),
      ('be2cad6f-ea2d-5457-ab43-8e3d6fb22008', 'ef0a93ca-3ed9-5c84-a914-5a19e6eb8a8e', '82a01537-41df-5bff-93b5-8cf5548031cf', 'f35d3f91-28c4-5948-a073-32ddf0b689a9', '2019-04-01 12:00:00+00', null),
      ('999c2b53-9afd-5a06-b4c7-6282bfffa92e', '8cdfe1ad-3beb-5078-8622-ac57f3c48473', '9e7e3a3e-0366-5a94-a6af-d25b291c5e9d', 'f35d3f91-28c4-5948-a073-32ddf0b689a9', '2019-04-01 12:00:00+00', null),
      ('0d6a5496-97ae-5fd0-8a86-38d832d895f6', '35300fd6-751c-42eb-8632-30ce2646958c', 'e5f1dad6-ee82-5347-96b5-2a4ee91048a0', '74bfe099-7fc8-5cb4-ae9d-196c9de3381b', '2010-08-15 12:00:00+00', '2010-10-15 12:00:00+00'),
      ('02365f9f-7860-514a-9b66-024cf2ba36a7', '7ee9e12d-ed57-56c7-adf6-99c0c06f655d', '606cb78d-96b1-513e-b40d-5d125a05ad78', '74bfe099-7fc8-5cb4-ae9d-196c9de3381b', '2010-08-15 12:00:00+00', '2010-10-15 12:00:00+00'),
      ('727f1df2-6d83-54e9-80a6-f9229967a083', '35300fd6-751c-42eb-8632-30ce2646958c', 'e5f1dad6-ee82-5347-96b5-2a4ee91048a0', '0929cf49-8b71-5a9a-a0ce-3fb299c6e146', '2011-05-01 12:00:00+00', '2011-09-30 12:00:00+00'),
      ('342c3985-4b6b-584c-9e9d-b4d813b7558b', '7ee9e12d-ed57-56c7-adf6-99c0c06f655d', '606cb78d-96b1-513e-b40d-5d125a05ad78', '0929cf49-8b71-5a9a-a0ce-3fb299c6e146', '2011-05-01 12:00:00+00', '2011-09-30 12:00:00+00'),
      ('bbec5e4d-e9ff-587c-ad8c-191e18aa84f3', '038a66d4-8cd0-55d1-b9d0-1c98877fcfb0', '9a076457-cd3e-562e-af47-e4060a0d97e1', '471126af-9e67-5efb-ab2d-a3058050ec95', '2011-05-01 12:00:00+00', '2011-09-30 12:00:00+00'),
      ('6d639e5b-772e-5bad-9a3e-b8a5e1e8c5ab', '2652e51d-4175-5d00-a85f-121cb1451475', '12f1c2bc-55d5-5fb2-b5bf-a9d19bd88fe6', '471126af-9e67-5efb-ab2d-a3058050ec95', '2011-05-01 12:00:00+00', '2011-09-30 12:00:00+00'),
      ('6996d7c5-21df-5e43-885f-b9d4e94a35f1', 'fa32529f-0b23-5e6f-88ae-4a73c9b8c12d', 'd59ff95f-8742-5590-aac6-2eecd97bd6d5', '471126af-9e67-5efb-ab2d-a3058050ec95', '2011-05-01 12:00:00+00', '2011-09-30 12:00:00+00'),
      ('f7654db9-cd7e-5d9f-a5ef-075bb999736e', '35300fd6-751c-42eb-8632-30ce2646958c', 'e5f1dad6-ee82-5347-96b5-2a4ee91048a0', '4146607d-cf04-5641-8212-c646bf569979', '2012-05-01 12:00:00+00', '2012-09-30 12:00:00+00'),
      ('99db3e08-fa5f-5a07-921f-2eff899ea132', '7ee9e12d-ed57-56c7-adf6-99c0c06f655d', '606cb78d-96b1-513e-b40d-5d125a05ad78', '4146607d-cf04-5641-8212-c646bf569979', '2012-05-01 12:00:00+00', '2012-09-30 12:00:00+00'),
      ('d5903502-3799-552b-9809-1b9a0141d80e', '038a66d4-8cd0-55d1-b9d0-1c98877fcfb0', '9a076457-cd3e-562e-af47-e4060a0d97e1', '6be74060-371e-573a-b30a-542fb2ee6a7a', '2012-05-01 12:00:00+00', '2012-09-30 12:00:00+00'),
      ('8addb20e-12df-5c5c-ad32-d62aaeceface', '2652e51d-4175-5d00-a85f-121cb1451475', '12f1c2bc-55d5-5fb2-b5bf-a9d19bd88fe6', '6be74060-371e-573a-b30a-542fb2ee6a7a', '2012-05-01 12:00:00+00', '2012-09-30 12:00:00+00'),
      ('681487fd-c036-5771-ab68-3da556d28751', 'fa32529f-0b23-5e6f-88ae-4a73c9b8c12d', 'd59ff95f-8742-5590-aac6-2eecd97bd6d5', '6be74060-371e-573a-b30a-542fb2ee6a7a', '2012-05-01 12:00:00+00', '2012-09-30 12:00:00+00'),
      ('c13daed9-bd94-581f-85d3-072f6dd030af', '35300fd6-751c-42eb-8632-30ce2646958c', 'e5f1dad6-ee82-5347-96b5-2a4ee91048a0', '1c55518f-ab66-5f11-ad02-dfcad77b064c', '2013-05-01 12:00:00+00', '2013-09-30 12:00:00+00'),
      ('4dd81c76-f80f-5840-8c76-074cf5acdc4c', '7ee9e12d-ed57-56c7-adf6-99c0c06f655d', '606cb78d-96b1-513e-b40d-5d125a05ad78', '1c55518f-ab66-5f11-ad02-dfcad77b064c', '2013-05-01 12:00:00+00', '2013-09-30 12:00:00+00'),
      ('10fd6582-31c7-5e26-b13d-5cfc5352aeaf', '038a66d4-8cd0-55d1-b9d0-1c98877fcfb0', '9a076457-cd3e-562e-af47-e4060a0d97e1', '401d2ee7-e73c-5430-8764-b3c987e75d3c', '2013-05-01 12:00:00+00', '2013-09-30 12:00:00+00'),
      ('88a5c373-e608-5526-baa3-32104ffebf87', '2652e51d-4175-5d00-a85f-121cb1451475', '12f1c2bc-55d5-5fb2-b5bf-a9d19bd88fe6', '401d2ee7-e73c-5430-8764-b3c987e75d3c', '2013-05-01 12:00:00+00', '2013-09-30 12:00:00+00'),
      ('8c7d361d-7116-5ab4-b98a-dde163ca9817', 'fa32529f-0b23-5e6f-88ae-4a73c9b8c12d', 'd59ff95f-8742-5590-aac6-2eecd97bd6d5', '401d2ee7-e73c-5430-8764-b3c987e75d3c', '2013-05-01 12:00:00+00', '2013-09-30 12:00:00+00'),
      ('064b8004-9ae6-569c-8fca-eed2c1d8a2d0', '35300fd6-751c-42eb-8632-30ce2646958c', 'e5f1dad6-ee82-5347-96b5-2a4ee91048a0', '3b7f7e06-0068-530c-bbe8-50a49e210865', '2014-05-01 12:00:00+00', '2014-09-30 12:00:00+00'),
      ('9ca2c7bd-9569-569b-ac78-9b7459a2b119', '7ee9e12d-ed57-56c7-adf6-99c0c06f655d', '606cb78d-96b1-513e-b40d-5d125a05ad78', '3b7f7e06-0068-530c-bbe8-50a49e210865', '2014-05-01 12:00:00+00', '2014-09-30 12:00:00+00'),
      ('5b9ae0c9-d369-5eea-b6c0-be911ad2f830', '038a66d4-8cd0-55d1-b9d0-1c98877fcfb0', '9a076457-cd3e-562e-af47-e4060a0d97e1', '564430f9-2c06-5c33-8fba-c9d406879df3', '2014-05-01 12:00:00+00', '2014-09-30 12:00:00+00'),
      ('0d50592f-7ed2-5103-b761-d00edd8bffdd', '2652e51d-4175-5d00-a85f-121cb1451475', '12f1c2bc-55d5-5fb2-b5bf-a9d19bd88fe6', '564430f9-2c06-5c33-8fba-c9d406879df3', '2014-05-01 12:00:00+00', '2014-09-30 12:00:00+00'),
      ('20335832-2402-58a7-be0d-3753612f1ac5', 'fa32529f-0b23-5e6f-88ae-4a73c9b8c12d', 'd59ff95f-8742-5590-aac6-2eecd97bd6d5', '564430f9-2c06-5c33-8fba-c9d406879df3', '2014-05-01 12:00:00+00', '2014-09-30 12:00:00+00'),
      ('e2a16ea7-c944-5705-91e4-756037499bd8', '35300fd6-751c-42eb-8632-30ce2646958c', 'e5f1dad6-ee82-5347-96b5-2a4ee91048a0', 'eac1f3dd-0f75-5b28-8239-e2c40313d11b', '2015-05-01 12:00:00+00', '2015-09-30 12:00:00+00'),
      ('d58543ac-1b84-52df-94c9-a6b5d7d252ed', '7ee9e12d-ed57-56c7-adf6-99c0c06f655d', '606cb78d-96b1-513e-b40d-5d125a05ad78', 'eac1f3dd-0f75-5b28-8239-e2c40313d11b', '2015-05-01 12:00:00+00', '2015-09-30 12:00:00+00'),
      ('c950727d-3967-5138-8aee-5a525a2917e6', '038a66d4-8cd0-55d1-b9d0-1c98877fcfb0', '9a076457-cd3e-562e-af47-e4060a0d97e1', '686281d9-7e17-5c0b-9012-3db27db5c24c', '2015-05-01 12:00:00+00', '2015-09-30 12:00:00+00'),
      ('252f4413-e374-5f45-8555-cde639569d5f', '2652e51d-4175-5d00-a85f-121cb1451475', '12f1c2bc-55d5-5fb2-b5bf-a9d19bd88fe6', '686281d9-7e17-5c0b-9012-3db27db5c24c', '2015-05-01 12:00:00+00', '2015-09-30 12:00:00+00'),
      ('3ab8dc35-18b8-5de8-bfa3-badedcfa4490', 'fa32529f-0b23-5e6f-88ae-4a73c9b8c12d', 'd59ff95f-8742-5590-aac6-2eecd97bd6d5', '686281d9-7e17-5c0b-9012-3db27db5c24c', '2015-05-01 12:00:00+00', '2015-09-30 12:00:00+00'),
      ('934d4cd4-ea7b-56e7-8c1e-acbc21ddc8cd', '35300fd6-751c-42eb-8632-30ce2646958c', 'e5f1dad6-ee82-5347-96b5-2a4ee91048a0', 'aa335d61-282c-520f-b5d2-3b8622e6a39c', '2016-05-01 12:00:00+00', '2016-09-30 12:00:00+00'),
      ('239e0c6e-7160-5312-9d81-d238056c6b0a', 'c725a8d6-0375-5cbc-a85a-b0ed05942381', '606cb78d-96b1-513e-b40d-5d125a05ad78', 'aa335d61-282c-520f-b5d2-3b8622e6a39c', '2016-05-01 12:00:00+00', '2016-09-30 12:00:00+00'),
      ('908b434a-ffb2-533d-86c8-83539209d35d', '038a66d4-8cd0-55d1-b9d0-1c98877fcfb0', '9a076457-cd3e-562e-af47-e4060a0d97e1', 'c17b6c9e-c4cd-55eb-9890-3234fc51d6fb', '2016-05-01 12:00:00+00', '2016-09-30 12:00:00+00'),
      ('fee70fe0-7be1-54a9-bece-fd10e4a75f45', '4be685f6-18f3-5891-9f60-cd275529fe98', '12f1c2bc-55d5-5fb2-b5bf-a9d19bd88fe6', 'c17b6c9e-c4cd-55eb-9890-3234fc51d6fb', '2016-05-01 12:00:00+00', '2016-09-30 12:00:00+00'),
      ('7bb61e6b-f513-5d37-90ca-d6d0f4dacac4', 'fa32529f-0b23-5e6f-88ae-4a73c9b8c12d', 'd59ff95f-8742-5590-aac6-2eecd97bd6d5', 'c17b6c9e-c4cd-55eb-9890-3234fc51d6fb', '2016-05-01 12:00:00+00', '2016-09-30 12:00:00+00'),
      ('75418631-0889-5302-ad39-bdd0efbaec71', '35300fd6-751c-42eb-8632-30ce2646958c', 'e5f1dad6-ee82-5347-96b5-2a4ee91048a0', 'd3aa8967-fa6e-5677-bd15-93e722ccea33', '2017-05-01 12:00:00+00', '2017-09-30 12:00:00+00'),
      ('56ca109e-f035-5136-8fa5-f98cb384b320', 'c725a8d6-0375-5cbc-a85a-b0ed05942381', '606cb78d-96b1-513e-b40d-5d125a05ad78', 'd3aa8967-fa6e-5677-bd15-93e722ccea33', '2017-05-01 12:00:00+00', '2017-09-30 12:00:00+00'),
      ('3e724b1a-3c5e-5f78-8780-50723350beb9', '038a66d4-8cd0-55d1-b9d0-1c98877fcfb0', '9a076457-cd3e-562e-af47-e4060a0d97e1', '17606475-9337-5d6b-87c0-8d72c429f2df', '2017-05-01 12:00:00+00', '2017-09-30 12:00:00+00'),
      ('45a0be22-4c7a-5fb5-b28f-68114687c18b', '4be685f6-18f3-5891-9f60-cd275529fe98', '12f1c2bc-55d5-5fb2-b5bf-a9d19bd88fe6', '17606475-9337-5d6b-87c0-8d72c429f2df', '2017-05-01 12:00:00+00', '2017-09-30 12:00:00+00'),
      ('174875a2-23b9-5878-8af0-c528ff8cd284', 'cbf7efce-f3f5-59dd-b62d-5c06a673b5b1', 'd59ff95f-8742-5590-aac6-2eecd97bd6d5', '17606475-9337-5d6b-87c0-8d72c429f2df', '2017-05-01 12:00:00+00', '2017-09-30 12:00:00+00'),
      ('f96c9ebe-b3ae-5ca8-8a3a-e98799f0c789', '35300fd6-751c-42eb-8632-30ce2646958c', 'e5f1dad6-ee82-5347-96b5-2a4ee91048a0', '77daf30e-faad-5a0e-be2a-9ee018b95407', '2018-05-01 12:00:00+00', '2018-09-30 12:00:00+00'),
      ('fde9450b-774a-5769-9c62-80de6c7c0d69', 'c725a8d6-0375-5cbc-a85a-b0ed05942381', '606cb78d-96b1-513e-b40d-5d125a05ad78', '77daf30e-faad-5a0e-be2a-9ee018b95407', '2018-05-01 12:00:00+00', '2018-09-30 12:00:00+00'),
      ('6b9dc9cc-22f2-5766-a03c-daee1afdfec4', '038a66d4-8cd0-55d1-b9d0-1c98877fcfb0', '9a076457-cd3e-562e-af47-e4060a0d97e1', '4f9cf99d-7465-50db-8e7d-4bcdff58cf2b', '2018-05-01 12:00:00+00', '2018-09-30 12:00:00+00'),
      ('a3d8f177-22f3-5fe1-91dd-58b5d007fcb4', '4be685f6-18f3-5891-9f60-cd275529fe98', '12f1c2bc-55d5-5fb2-b5bf-a9d19bd88fe6', '4f9cf99d-7465-50db-8e7d-4bcdff58cf2b', '2018-05-01 12:00:00+00', '2018-09-30 12:00:00+00'),
      ('02339c42-58e2-5f03-8737-2114c35ab9bd', 'cbf7efce-f3f5-59dd-b62d-5c06a673b5b1', 'd59ff95f-8742-5590-aac6-2eecd97bd6d5', '4f9cf99d-7465-50db-8e7d-4bcdff58cf2b', '2018-05-01 12:00:00+00', '2018-09-30 12:00:00+00'),
      ('799530b3-0c44-51bf-9a28-241c20aecc9e', '35300fd6-751c-42eb-8632-30ce2646958c', 'e5f1dad6-ee82-5347-96b5-2a4ee91048a0', '50dc14fd-0c8a-523a-94a9-cf887aef929a', '2019-05-01 12:00:00+00', '2019-09-30 12:00:00+00'),
      ('7e9d0c08-92d0-57ca-932b-cbac0169cdb1', 'c725a8d6-0375-5cbc-a85a-b0ed05942381', '606cb78d-96b1-513e-b40d-5d125a05ad78', '50dc14fd-0c8a-523a-94a9-cf887aef929a', '2019-05-01 12:00:00+00', '2019-09-30 12:00:00+00'),
      ('ede31123-9f5a-52c3-9765-31f10be07302', '038a66d4-8cd0-55d1-b9d0-1c98877fcfb0', '9a076457-cd3e-562e-af47-e4060a0d97e1', '84a2cdfb-4b5b-5d0f-90a3-4d0895a8a915', '2019-05-01 12:00:00+00', '2019-09-30 12:00:00+00'),
      ('d154339f-1f21-51a9-b9fd-8949054d34c1', '4be685f6-18f3-5891-9f60-cd275529fe98', '12f1c2bc-55d5-5fb2-b5bf-a9d19bd88fe6', '84a2cdfb-4b5b-5d0f-90a3-4d0895a8a915', '2019-05-01 12:00:00+00', '2019-09-30 12:00:00+00'),
      ('de906e26-2eae-5f0a-8a2d-827f80521ea2', 'cbf7efce-f3f5-59dd-b62d-5c06a673b5b1', 'd59ff95f-8742-5590-aac6-2eecd97bd6d5', '84a2cdfb-4b5b-5d0f-90a3-4d0895a8a915', '2019-05-01 12:00:00+00', '2019-09-30 12:00:00+00'),
      ('01f97351-1340-5a8c-817d-539e2ada2d32', '05eedb67-f5f0-549b-818f-dca036610f52', '1f6447bd-8ff8-5c46-97ef-f40290c159e2', '71ea4580-4b6d-5afa-bbde-1deb9f906fe8', '2016-04-02 12:00:00+00', null),
      ('31b93c0c-44a2-5190-9ba6-8ead01ee5d9c', '6752104d-fde0-5a7c-b903-d4b48e492af3', 'fc6e0c83-0064-5693-9362-a505a2df7b8e', '71ea4580-4b6d-5afa-bbde-1deb9f906fe8', '2016-04-02 12:00:00+00', '2019-06-01 12:00:00+00'),
      ('eb4e6607-851b-5a52-b940-b045485f8a69', '357c3747-4a45-5583-822a-eebb90b044ae', 'fc6e0c83-0064-5693-9362-a505a2df7b8e', '71ea4580-4b6d-5afa-bbde-1deb9f906fe8', '2019-06-01 12:00:00+00', null),
      ('f1ea7916-2fbb-5bfe-a65d-8ae649e5563f', '143218d8-6440-58f7-8321-b66caf8e6844', '56c10127-e7fe-538e-8791-1d74ac51c7a0', '71ea4580-4b6d-5afa-bbde-1deb9f906fe8', '2016-04-02 12:00:00+00', null),
      ('e413b9bd-a99f-5a2b-bd80-c16361769887', '1047cc34-b4b4-5ebd-9c43-8ee182bd04bc', '604b02d8-2bc2-5489-afc2-ff2732a43d61', '003a3e96-02aa-55f2-9af8-221a3aae645a', '2016-04-02 12:00:00+00', null),
      ('f71734d7-3aa3-57be-bfa6-f06b1862a829', '3361b5f1-47bf-542b-b45b-fb9d06dc0664', '11848af6-ef93-5420-8ddc-122c05027a18', '003a3e96-02aa-55f2-9af8-221a3aae645a', '2016-04-02 12:00:00+00', '2019-06-01 12:00:00+00'),
      ('9064157a-1186-5801-b911-7a6e26d60b0f', '7fcd1027-865b-57c6-ba09-78f97bf8bf0c', '11848af6-ef93-5420-8ddc-122c05027a18', '003a3e96-02aa-55f2-9af8-221a3aae645a', '2019-06-01 12:00:00+00', null),
      ('168bacbd-b893-5818-83cd-995d781fde71', '2c891e51-407a-5713-bd94-ce49ab51f4bd', '1bfd4d1f-2791-53b8-a7e6-b99124da1d1b', '003a3e96-02aa-55f2-9af8-221a3aae645a', '2016-04-02 12:00:00+00', null),
      ('496c02db-0cf7-5cd6-bb37-fd74dec95287', 'befc2132-659a-5f7c-afa1-4f448d9c4c1c', '6b77a888-4564-5027-a16c-95ac538bb3d6', '003a3e96-02aa-55f2-9af8-221a3aae645a', '2016-04-02 12:00:00+00', null);

INSERT INTO slot_mapping (id, assembly_slot_id, bike_id, mount_point_id) VALUES
      ('7a2a3628-43d7-556e-a36a-ed0e571f04e6', 'ffa3e4ae-0ec1-53f2-bdba-bdef10d1a3eb', 'd9052b49-6d61-59f1-a7ad-d8686105f0ea', '22cb1dd7-bf6a-551e-b48b-03f187840999'),
      ('2da6b005-b2f8-52b7-9906-99bfb14728e8', 'ffa3e4ae-0ec1-53f2-bdba-bdef10d1a3eb', '70556a9d-bf01-42eb-b882-b5938fff7023', '2ba079f8-4725-537a-8230-94e2dffc3246'),
      ('3e7c5459-c2e2-5770-a68a-70f83501c07e', '87604e22-914f-57c4-a2a5-9e4622f17589', 'd9052b49-6d61-59f1-a7ad-d8686105f0ea', '67a558e6-1a39-51c1-aa6a-e88a6ddde61a'),
      ('deaa7c69-cd46-5c34-ab75-ae57cdbf49f1', '87604e22-914f-57c4-a2a5-9e4622f17589', '70556a9d-bf01-42eb-b882-b5938fff7023', '6564a03b-9402-5968-90ca-f4f6eb96c9a6'),
      ('c64f99fb-9a8d-5cbc-a144-5bf339b887f6', '7c433ebe-fb50-585d-931d-7d4def9f3f5b', '70556a9d-bf01-42eb-b882-b5938fff7023', '9e7e3a3e-0366-5a94-a6af-d25b291c5e9d'),
      ('6d133721-96bb-5465-960d-f21ba11c9de6', 'e0d3e7fd-e78d-5358-a5fd-36eaa69d981d', '70556a9d-bf01-42eb-b882-b5938fff7023', '9e7e3a3e-0366-5a94-a6af-d25b291c5e9d'),
      ('c847f478-fb6b-5116-aab5-3065393093f2', '7e1ab974-9662-5e2b-a82b-246d5cfbbd10', 'd9052b49-6d61-59f1-a7ad-d8686105f0ea', '06238994-14f3-56d5-b877-4e549f148283'),
      ('0742fefb-ab58-5f05-94b3-77f027b3b049', '7e1ab974-9662-5e2b-a82b-246d5cfbbd10', '70556a9d-bf01-42eb-b882-b5938fff7023', '82a01537-41df-5bff-93b5-8cf5548031cf'),
      ('230d5dfb-8325-5d37-8031-0b7d347a21fd', '9ecaa472-2d11-5fc9-9e36-ecdad639aa62', 'd9052b49-6d61-59f1-a7ad-d8686105f0ea', '3c47cf41-7f31-5824-979f-ca4f14c3c339'),
      ('6f5d0e7a-f1a5-5200-806e-bc43e0b1ff7e', '9ecaa472-2d11-5fc9-9e36-ecdad639aa62', '70556a9d-bf01-42eb-b882-b5938fff7023', '80f54e7a-92de-5d24-b3a6-119221443acb'),
      ('7fb96d16-b945-58db-9594-888a49b53542', '23b21118-6e54-5e7c-af88-8caea765bd6b', '70556a9d-bf01-42eb-b882-b5938fff7023', '2ba079f8-4725-537a-8230-94e2dffc3246'),
      ('46c5f40b-4b9e-5584-9b2b-3d55061ef46c', '2a4d2fc8-cbd0-529c-9e00-6f6a4f9459aa', '70556a9d-bf01-42eb-b882-b5938fff7023', '6564a03b-9402-5968-90ca-f4f6eb96c9a6'),
      ('e1a6a4e7-93f9-55b9-9249-08a8feb4cbbe', '8a3777f5-3cca-582e-833c-b2995821f3e3', '70556a9d-bf01-42eb-b882-b5938fff7023', '9e7e3a3e-0366-5a94-a6af-d25b291c5e9d'),
      ('3c1cd6b3-4d97-5e36-a2fa-3f2f74a74473', 'fc645fac-4eef-528b-8a8d-7f56ab6166c8', '70556a9d-bf01-42eb-b882-b5938fff7023', '82a01537-41df-5bff-93b5-8cf5548031cf'),
      ('27192232-1311-5235-aa0c-36e8f17b751e', '56ac3cc6-a4cf-57fe-9b24-23daa2c5087b', '70556a9d-bf01-42eb-b882-b5938fff7023', '80f54e7a-92de-5d24-b3a6-119221443acb'),
      ('d67d761b-41bc-5a99-8a5d-ebf210711419', '5f305608-d407-5601-b697-4b4b50ec9429', '99a133db-4f9b-4a5b-b6f9-8a5ec96d9db7', '606cb78d-96b1-513e-b40d-5d125a05ad78'),
      ('d24574cb-64f5-5840-b44f-60e96cbd32c7', 'a187dad7-fa19-511b-9201-21e0ff39024e', '99a133db-4f9b-4a5b-b6f9-8a5ec96d9db7', 'e5f1dad6-ee82-5347-96b5-2a4ee91048a0'),
      ('fe3f84c6-5bbf-54cf-aa99-87e75f8209e4', '7a687202-6c1d-55a2-a932-a84945634cb1', '99a133db-4f9b-4a5b-b6f9-8a5ec96d9db7', 'd59ff95f-8742-5590-aac6-2eecd97bd6d5'),
      ('53e372a6-9d1e-5566-9ccf-30b3ae0671b9', '381a1b59-4fb4-55cf-9f18-7cab5dddf5dd', '99a133db-4f9b-4a5b-b6f9-8a5ec96d9db7', '12f1c2bc-55d5-5fb2-b5bf-a9d19bd88fe6'),
      ('72b2abe5-bcdd-59c9-9317-81d803e7a1a1', '1dbe17aa-dc6c-5414-9232-6dab0e54636c', '99a133db-4f9b-4a5b-b6f9-8a5ec96d9db7', '9a076457-cd3e-562e-af47-e4060a0d97e1'),
      ('2cd2d3de-f996-517c-86ee-a1931f9ce725', '8c6d045f-e594-5dea-b43b-6510348e6c85', 'f36ec9a6-5bf8-5a30-b86d-81389f710db4', '56c10127-e7fe-538e-8791-1d74ac51c7a0'),
      ('00daa696-f487-5a65-8949-2fb672ba0cd0', '5a7eeb2d-b612-5e0b-b78a-72ac342f6415', 'f36ec9a6-5bf8-5a30-b86d-81389f710db4', 'fc6e0c83-0064-5693-9362-a505a2df7b8e'),
      ('944f6f9b-d5e4-5e71-87ce-26fcec3d45cb', '9cc3f385-ee8d-5c38-b7eb-bed6a6058d7c', 'f36ec9a6-5bf8-5a30-b86d-81389f710db4', '1f6447bd-8ff8-5c46-97ef-f40290c159e2'),
      ('9bf389ca-29cc-516d-a2b8-8a1ba50eed56', '26215cdd-2ab5-5518-80c8-0633d3a3322f', 'f36ec9a6-5bf8-5a30-b86d-81389f710db4', '6b77a888-4564-5027-a16c-95ac538bb3d6'),
      ('54520fe4-0b73-51b1-935e-8457b09050cc', '827dda70-5ee3-5c98-9b41-923a3528a547', 'f36ec9a6-5bf8-5a30-b86d-81389f710db4', '1bfd4d1f-2791-53b8-a7e6-b99124da1d1b'),
      ('4429f7f2-0afc-57e7-bca2-7104cbf6c181', '3625d75a-f8cb-5a3b-8a58-723314ea62e9', 'f36ec9a6-5bf8-5a30-b86d-81389f710db4', '11848af6-ef93-5420-8ddc-122c05027a18'),
      ('a598040b-e9fd-54a6-bd60-633f041a449a', '8b36cb35-86e6-582c-8a5b-e2d7db418d8c', 'f36ec9a6-5bf8-5a30-b86d-81389f710db4', '604b02d8-2bc2-5489-afc2-ff2732a43d61');

INSERT INTO tour (id, bike_id, title, source, started_at, start_year, start_month, start_day, duration_moving, duration_recorded, duration_elapsed, distance, ascent, descent, power_total) VALUES
      ('8e449d84-5373-4285-9f65-bcd49f86c67e', '70556a9d-bf01-42eb-b882-b5938fff7023', 'Passo Giau', 'MANUAL', '2010-06-07 10:22:46+00', 2010, 6, 7, 7614, 7842, 8756, 53120, 1520, 1520, 5043),
      ('2bc77a21-e0b7-4600-a5fa-385b0a5c5e21', '70556a9d-bf01-42eb-b882-b5938fff7023', 'Col du Tourmalet', 'MANUAL', '2010-06-11 09:50:08+00', 2010, 6, 11, 5534, 5700, 6364, 43160, 1268, 1268, 4310),
      ('9d6b68d2-7fb3-5155-b72c-dafbce049f1a', 'd9052b49-6d61-59f1-a7ad-d8686105f0ea', 'Danube Valley Stage', 'MANUAL', '2010-01-01 11:47:03+00', 2010, 1, 1, 6124, 6307, 7042, 48307, 205, 205, 1022),
      ('9fc875b1-b215-5288-a1f7-d49f997e92cf', 'd9052b49-6d61-59f1-a7ad-d8686105f0ea', 'Lago di Garda Loop', 'MANUAL', '2010-01-05 11:12:13+00', 2010, 1, 5, 10877, 11203, 12508, 68374, 883, 883, 1816),
      ('4f101503-7720-5530-930f-6c382148cd82', 'd9052b49-6d61-59f1-a7ad-d8686105f0ea', 'Alpe d''Huez', 'MANUAL', '2010-01-18 14:36:34+00', 2010, 1, 18, 12245, 12612, 14081, 81381, 424, 424, 2110),
      ('435fd52a-d97d-505c-ad47-fb3729a8d717', 'd9052b49-6d61-59f1-a7ad-d8686105f0ea', 'Chiemgau Rounds', 'MANUAL', '2010-02-04 13:40:48+00', 2010, 2, 4, 8919, 9186, 10256, 58447, 746, 746, 1739),
      ('27d78e94-d54c-57bb-ad71-d1b46c15a7d0', 'd9052b49-6d61-59f1-a7ad-d8686105f0ea', 'Col du Tourmalet', 'MANUAL', '2010-02-08 07:54:05+00', 2010, 2, 8, 8310, 8559, 9556, 59496, 899, 899, 1448),
      ('c517eaf9-d5bf-5c55-87a7-d83ba1f2f03f', 'd9052b49-6d61-59f1-a7ad-d8686105f0ea', 'Alpe d''Huez', 'MANUAL', '2010-02-14 14:13:03+00', 2010, 2, 14, 4670, 4810, 5370, 33193, 387, 387, 758),
      ('0800d4f8-a532-5428-b4ad-80d4b7060e29', 'd9052b49-6d61-59f1-a7ad-d8686105f0ea', 'Bodensee Circuit', 'MANUAL', '2010-03-11 16:36:50+00', 2010, 3, 11, 9899, 10195, 11383, 61172, 794, 794, 2020),
      ('1d18c10d-830d-54db-b617-0e3f4d0ffd51', 'd9052b49-6d61-59f1-a7ad-d8686105f0ea', 'Mont Ventoux', 'MANUAL', '2010-04-13 11:33:26+00', 2010, 4, 13, 7486, 7710, 8608, 57515, 578, 578, 1352),
      ('1f9314ab-318e-546a-bee7-29a33484dff1', 'd9052b49-6d61-59f1-a7ad-d8686105f0ea', 'Mont Ventoux', 'MANUAL', '2010-04-24 08:52:02+00', 2010, 4, 24, 6999, 7208, 8048, 52733, 745, 745, 1251),
      ('5628f7bb-5d00-5acb-838e-9290995cd274', 'd9052b49-6d61-59f1-a7ad-d8686105f0ea', 'Harz Brocken Round', 'MANUAL', '2010-05-19 11:57:30+00', 2010, 5, 19, 11574, 11921, 13310, 84925, 961, 961, 2080),
      ('296144a2-3f02-5beb-aeef-d983b288adea', 'd9052b49-6d61-59f1-a7ad-d8686105f0ea', 'Mallorca Orient Valley', 'MANUAL', '2010-08-02 12:38:21+00', 2010, 8, 2, 16495, 16989, 18969, 98363, 485, 485, 3139),
      ('d5cd538b-e030-5d68-a95a-bfb4fbe677a3', 'd9052b49-6d61-59f1-a7ad-d8686105f0ea', 'Kaiserstuhl Loop', 'MANUAL', '2010-08-19 16:32:45+00', 2010, 8, 19, 7385, 7606, 8492, 50867, 727, 727, 1404),
      ('c462fbb9-2db7-52b6-855b-6b82fa9a5184', 'd9052b49-6d61-59f1-a7ad-d8686105f0ea', 'Mallorca Orient Valley', 'MANUAL', '2010-10-18 11:10:39+00', 2010, 10, 18, 8150, 8394, 9372, 54688, 784, 784, 1629),
      ('e29c74f9-b001-54a9-b50c-5ed3e7e38d70', 'd9052b49-6d61-59f1-a7ad-d8686105f0ea', 'Mallorca Orient Valley', 'MANUAL', '2010-11-02 12:43:39+00', 2010, 11, 2, 9790, 10083, 11258, 67080, 759, 759, 1514),
      ('66e6d39b-c0a5-5859-b125-155f5f04989d', 'd9052b49-6d61-59f1-a7ad-d8686105f0ea', 'Harz Brocken Round', 'MANUAL', '2010-11-08 14:32:13+00', 2010, 11, 8, 10457, 10770, 12025, 63318, 573, 573, 1841),
      ('5e159fc4-5e30-5745-9d09-92d4c8e1b6d5', 'd9052b49-6d61-59f1-a7ad-d8686105f0ea', 'Kaiserstuhl Loop', 'MANUAL', '2010-11-25 16:56:30+00', 2010, 11, 25, 11649, 11998, 13396, 88112, 1378, 1378, 2178),
      ('84377246-9faf-5703-b300-55be84062701', 'd9052b49-6d61-59f1-a7ad-d8686105f0ea', 'Harz Brocken Round', 'MANUAL', '2010-12-07 13:16:30+00', 2010, 12, 7, 5201, 5357, 5981, 40165, 213, 213, 1049),
      ('883e4f52-d258-5103-af6a-c1eece79473a', 'd9052b49-6d61-59f1-a7ad-d8686105f0ea', 'Lago di Garda Loop', 'MANUAL', '2010-12-08 09:39:40+00', 2010, 12, 8, 5994, 6173, 6893, 36679, 381, 381, 1006),
      ('8cdb5ba3-6deb-58a9-bafe-496ea9706347', 'd9052b49-6d61-59f1-a7ad-d8686105f0ea', 'Col du Galibier', 'MANUAL', '2010-12-09 15:42:48+00', 2010, 12, 9, 10654, 10973, 12252, 83518, 411, 411, 1646),
      ('e8a9bed0-70c5-5f3c-aa4e-363fa6c3c0b0', 'd9052b49-6d61-59f1-a7ad-d8686105f0ea', 'Taunus Classic', 'MANUAL', '2010-12-13 08:45:44+00', 2010, 12, 13, 13271, 13669, 15261, 89851, 823, 823, 2528),
      ('12ff1e8b-4d27-5bf0-96fe-a1b051edd344', 'd9052b49-6d61-59f1-a7ad-d8686105f0ea', 'Passo Giau', 'MANUAL', '2011-01-16 11:15:20+00', 2011, 1, 16, 8707, 8968, 10013, 66744, 811, 811, 1336),
      ('9845a91b-4d61-513a-871f-99c6f4644b89', 'd9052b49-6d61-59f1-a7ad-d8686105f0ea', 'Mont Ventoux', 'MANUAL', '2011-02-11 16:56:48+00', 2011, 2, 11, 8626, 8884, 9919, 52708, 684, 684, 1489),
      ('fc6aea02-1b26-54d2-870b-a7c58ef0551d', 'd9052b49-6d61-59f1-a7ad-d8686105f0ea', 'Chiemgau Rounds', 'MANUAL', '2011-02-21 16:45:34+00', 2011, 2, 21, 8983, 9252, 10330, 53743, 620, 620, 1844),
      ('abb9f57a-6dee-5dd2-9086-b1e1f5e86906', 'd9052b49-6d61-59f1-a7ad-d8686105f0ea', 'Danube Valley Stage', 'MANUAL', '2011-02-23 15:36:36+00', 2011, 2, 23, 9730, 10021, 11189, 58160, 587, 587, 1784),
      ('5e164c3f-0301-590d-b325-675cdacfaf84', 'd9052b49-6d61-59f1-a7ad-d8686105f0ea', 'Harz Brocken Round', 'MANUAL', '2011-03-21 15:19:54+00', 2011, 3, 21, 9490, 9774, 10913, 66014, 383, 383, 1645),
      ('c744d7db-f586-537c-8c8c-c93e8fbd9063', 'd9052b49-6d61-59f1-a7ad-d8686105f0ea', 'Passo Giau', 'MANUAL', '2011-03-25 15:27:20+00', 2011, 3, 25, 14235, 14662, 16370, 97444, 566, 566, 2359),
      ('14225fce-bcff-520c-8b51-c06a19d5110a', 'd9052b49-6d61-59f1-a7ad-d8686105f0ea', 'Kaiserstuhl Loop', 'MANUAL', '2011-04-26 09:39:13+00', 2011, 4, 26, 6186, 6371, 7113, 44270, 654, 654, 1026),
      ('ae95a717-e518-52c6-8a57-901211f78f7f', 'd9052b49-6d61-59f1-a7ad-d8686105f0ea', 'Passo Giau', 'MANUAL', '2011-05-04 10:56:08+00', 2011, 5, 4, 12518, 12893, 14395, 86412, 1161, 1161, 2384),
      ('ca6d9c42-3cc0-51de-83d0-4e0490681ac9', 'd9052b49-6d61-59f1-a7ad-d8686105f0ea', 'Col du Tourmalet', 'MANUAL', '2011-05-10 07:38:16+00', 2011, 5, 10, 13483, 13887, 15505, 95909, 432, 432, 2471),
      ('9ad43f59-85fd-5329-8c17-35ca29d7b16c', 'd9052b49-6d61-59f1-a7ad-d8686105f0ea', 'Danube Valley Stage', 'MANUAL', '2011-05-19 15:33:17+00', 2011, 5, 19, 7771, 8004, 8936, 56765, 853, 853, 1613),
      ('a13c187d-e8f3-55fb-a2c3-1296c70a2de6', 'd9052b49-6d61-59f1-a7ad-d8686105f0ea', 'Taunus Classic', 'MANUAL', '2011-06-16 16:52:28+00', 2011, 6, 16, 14646, 15085, 16842, 89213, 912, 912, 2233),
      ('b7b6b348-a28e-5352-8056-565176352743', 'd9052b49-6d61-59f1-a7ad-d8686105f0ea', 'Lago di Garda Loop', 'MANUAL', '2011-06-18 11:36:42+00', 2011, 6, 18, 12684, 13064, 14586, 87665, 990, 990, 2248),
      ('bcd05814-9408-5ddb-b330-127266949167', 'd9052b49-6d61-59f1-a7ad-d8686105f0ea', 'Tegernsee Loop', 'MANUAL', '2011-06-19 07:07:47+00', 2011, 6, 19, 11074, 11406, 12735, 72683, 1145, 1145, 2005),
      ('2a6a6e22-382f-5c17-9f9b-8ecac45d3ac4', 'd9052b49-6d61-59f1-a7ad-d8686105f0ea', 'Taunus Classic', 'MANUAL', '2011-06-23 13:09:57+00', 2011, 6, 23, 7082, 7294, 8144, 43647, 322, 322, 1150),
      ('b7c74d78-369e-5825-9a45-2b6f6c81c171', 'd9052b49-6d61-59f1-a7ad-d8686105f0ea', 'Kaiserstuhl Loop', 'MANUAL', '2011-06-24 09:38:28+00', 2011, 6, 24, 10513, 10828, 12089, 78585, 791, 791, 1826),
      ('db7d8c16-7aac-5f8a-9f3c-c8e649f56c73', 'd9052b49-6d61-59f1-a7ad-d8686105f0ea', 'Col du Tourmalet', 'MANUAL', '2011-07-07 11:06:32+00', 2011, 7, 7, 6989, 7198, 8037, 41296, 588, 588, 1056),
      ('01018359-5094-5678-9695-bde675032e11', 'd9052b49-6d61-59f1-a7ad-d8686105f0ea', 'Taunus Classic', 'MANUAL', '2011-07-08 12:18:58+00', 2011, 7, 8, 5639, 5808, 6484, 43387, 305, 305, 879),
      ('2bf87eaf-07ed-501a-b4a3-10cf98a85761', 'd9052b49-6d61-59f1-a7ad-d8686105f0ea', 'Danube Valley Stage', 'MANUAL', '2011-08-08 07:58:54+00', 2011, 8, 8, 11978, 12337, 13774, 90762, 661, 661, 2075),
      ('302d62cc-0577-5777-af28-9f44240028a3', 'd9052b49-6d61-59f1-a7ad-d8686105f0ea', 'Chiemgau Rounds', 'MANUAL', '2011-08-16 07:10:26+00', 2011, 8, 16, 8900, 9167, 10235, 69830, 795, 795, 1394),
      ('fb543328-c755-5cc6-ad65-d5c8ed53904f', 'd9052b49-6d61-59f1-a7ad-d8686105f0ea', 'Elbe Valley Spin', 'MANUAL', '2011-09-18 11:09:28+00', 2011, 9, 18, 9673, 9963, 11123, 70473, 810, 810, 1643),
      ('41cac756-eee3-5024-860e-c5dbd5038c0d', '70556a9d-bf01-42eb-b882-b5938fff7023', 'Sa Calobra', 'MANUAL', '2010-01-13 16:04:21+00', 2010, 1, 13, 8293, 8541, 9536, 60294, 360, 360, 1543),
      ('2d9a021e-aa22-5055-bac9-2d274ac4bb8f', '70556a9d-bf01-42eb-b882-b5938fff7023', 'Chiemgau Rounds', 'MANUAL', '2010-02-28 11:56:27+00', 2010, 2, 28, 15433, 15895, 17747, 118346, 1216, 1216, 2674),
      ('1ccd9114-7e52-539f-b9ba-7908830c941a', '70556a9d-bf01-42eb-b882-b5938fff7023', 'Kitzbuheler Horn', 'MANUAL', '2010-03-28 10:07:20+00', 2010, 3, 28, 13984, 14403, 16081, 109069, 1633, 1633, 2616),
      ('bd5be195-91b9-5c2a-974b-dd97cf6e83d7', '70556a9d-bf01-42eb-b882-b5938fff7023', 'Ballon d''Alsace', 'MANUAL', '2010-05-05 15:21:33+00', 2010, 5, 5, 7277, 7495, 8368, 49931, 1240, 1240, 1565),
      ('79a80edb-632e-5caf-a32a-08179eb44673', '70556a9d-bf01-42eb-b882-b5938fff7023', 'Kaiserstuhl Loop', 'MANUAL', '2010-05-07 08:49:05+00', 2010, 5, 7, 10582, 10899, 12169, 91249, 2090, 2090, 2034),
      ('d17e3940-7fa7-5558-b893-304ea90a492a', '70556a9d-bf01-42eb-b882-b5938fff7023', 'Ballon d''Alsace', 'MANUAL', '2010-05-16 10:41:34+00', 2010, 5, 16, 9764, 10056, 11228, 68474, 1417, 1417, 2223),
      ('6490eb30-910b-5eb3-ad59-1fee9b01bacb', '70556a9d-bf01-42eb-b882-b5938fff7023', 'Schwarzwald Feldberg', 'MANUAL', '2010-05-22 13:05:56+00', 2010, 5, 22, 14403, 14835, 16563, 110622, 2308, 2308, 2560),
      ('c60e4bc4-24f1-5e7e-967a-69dad6c8667a', '70556a9d-bf01-42eb-b882-b5938fff7023', 'Kitzbuheler Horn', 'MANUAL', '2010-06-17 07:14:47+00', 2010, 6, 17, 9148, 9422, 10520, 77387, 1027, 1027, 1593),
      ('f7a9523a-84b1-57e1-8abc-a652909c7a05', '70556a9d-bf01-42eb-b882-b5938fff7023', 'Monte Zoncolan', 'MANUAL', '2010-07-15 07:20:47+00', 2010, 7, 15, 5264, 5421, 6053, 39114, 517, 517, 1054),
      ('26aa8c21-023f-5eca-b1e7-47205ccfbaeb', '70556a9d-bf01-42eb-b882-b5938fff7023', 'Alpe d''Huez', 'MANUAL', '2010-07-18 15:25:04+00', 2010, 7, 18, 14479, 14913, 16650, 124412, 1739, 1739, 2987),
      ('219c7f39-27c7-5de3-b5ea-8a85c9cf77b6', '70556a9d-bf01-42eb-b882-b5938fff7023', 'Chiemgau Rounds', 'MANUAL', '2010-07-23 08:16:44+00', 2010, 7, 23, 14208, 14634, 16339, 109891, 2194, 2194, 3262),
      ('e3fa06db-144f-59fc-9039-67f427463179', '70556a9d-bf01-42eb-b882-b5938fff7023', 'Mallorca Orient Valley', 'MANUAL', '2010-07-25 13:37:21+00', 2010, 7, 25, 13254, 13651, 15242, 85659, 1433, 1433, 3277),
      ('1b8b2b69-3a04-599b-bc7f-95e172f4ca84', '70556a9d-bf01-42eb-b882-b5938fff7023', 'Passo dello Stelvio', 'MANUAL', '2010-08-09 16:57:24+00', 2010, 8, 9, 8783, 9046, 10100, 71405, 1537, 1537, 2161),
      ('0b5227a8-1c96-55b7-a4d7-f761fbdd8b26', '70556a9d-bf01-42eb-b882-b5938fff7023', 'Kitzbuheler Horn', 'MANUAL', '2010-08-15 09:12:06+00', 2010, 8, 15, 14326, 14755, 16474, 101386, 578, 578, 3092),
      ('c6477779-b91f-5a8a-8c02-1968a77aa58e', '70556a9d-bf01-42eb-b882-b5938fff7023', 'Col d''Izoard', 'MANUAL', '2010-08-21 16:31:11+00', 2010, 8, 21, 16604, 17102, 19094, 121002, 1595, 1595, 2894),
      ('b3f10be1-7d86-52ac-986f-18c1e8d1ec3d', '70556a9d-bf01-42eb-b882-b5938fff7023', 'Elbe Valley Spin', 'MANUAL', '2010-10-27 15:49:38+00', 2010, 10, 27, 16424, 16916, 18887, 104850, 2212, 2212, 3873),
      ('7e15b27c-62ba-5667-9937-e6e93302d7d3', '70556a9d-bf01-42eb-b882-b5938fff7023', 'Grossglockner Hochalpenstrasse', 'MANUAL', '2010-10-28 12:43:31+00', 2010, 10, 28, 4633, 4771, 5327, 39821, 912, 912, 922),
      ('ba59b0a7-3244-502d-bfcb-9098eb44ba36', '70556a9d-bf01-42eb-b882-b5938fff7023', 'Monte Zoncolan', 'MANUAL', '2010-12-05 09:06:33+00', 2010, 12, 5, 8247, 8494, 9484, 57534, 1315, 1315, 1783),
      ('d760ee4f-7a2b-5845-8be9-a20709632c84', '70556a9d-bf01-42eb-b882-b5938fff7023', 'Elbe Valley Spin', 'MANUAL', '2011-01-01 11:39:28+00', 2011, 1, 1, 9252, 9529, 10639, 61343, 308, 308, 1728),
      ('aa3d20a9-3bf9-5194-b143-90d1bb573eec', '70556a9d-bf01-42eb-b882-b5938fff7023', 'Passo dello Stelvio', 'MANUAL', '2011-02-09 15:59:25+00', 2011, 2, 9, 5924, 6101, 6812, 42165, 398, 398, 1183),
      ('f2a652d0-e098-5a4b-a7df-184576e404fc', '70556a9d-bf01-42eb-b882-b5938fff7023', 'Ballon d''Alsace', 'MANUAL', '2011-02-16 09:57:14+00', 2011, 2, 16, 5649, 5818, 6496, 43779, 310, 310, 1129),
      ('916a0cca-2622-5928-96ea-7f5120e2f71b', '70556a9d-bf01-42eb-b882-b5938fff7023', 'Bodensee Circuit', 'MANUAL', '2011-04-21 16:23:45+00', 2011, 4, 21, 4750, 4892, 5462, 40016, 583, 583, 959),
      ('c0e877e6-1dfb-526c-93ce-b0fb4e50b866', '70556a9d-bf01-42eb-b882-b5938fff7023', 'Passo del Mortirolo', 'MANUAL', '2011-04-22 11:33:05+00', 2011, 4, 22, 5481, 5645, 6303, 42160, 358, 358, 1119),
      ('e46e8256-fc82-574a-b2e6-e90c7bf8dd68', '70556a9d-bf01-42eb-b882-b5938fff7023', 'Mont Ventoux', 'MANUAL', '2011-04-27 10:36:09+00', 2011, 4, 27, 13015, 13405, 14967, 107572, 1199, 1199, 2441),
      ('64553674-80df-5df7-b1dd-3546cbe093bc', '70556a9d-bf01-42eb-b882-b5938fff7023', 'Taunus Classic', 'MANUAL', '2011-06-03 13:14:40+00', 2011, 6, 3, 14526, 14961, 16704, 121533, 2572, 2572, 3462),
      ('53219552-960a-53a6-9dc7-01610785086d', '70556a9d-bf01-42eb-b882-b5938fff7023', 'Taunus Classic', 'MANUAL', '2011-06-12 09:06:27+00', 2011, 6, 12, 17025, 17535, 19578, 115094, 1495, 1495, 3912),
      ('ece11524-b83e-5c3d-bde8-f22f4a55abe4', '70556a9d-bf01-42eb-b882-b5938fff7023', 'Harz Brocken Round', 'MANUAL', '2011-07-02 12:15:55+00', 2011, 7, 2, 5523, 5688, 6351, 36019, 307, 307, 1209),
      ('7bdcc2fd-4cf2-56f5-bfa9-fd81fea55745', '70556a9d-bf01-42eb-b882-b5938fff7023', 'Transfagarasan', 'MANUAL', '2011-08-18 14:16:54+00', 2011, 8, 18, 12443, 12816, 14309, 81098, 978, 978, 2627),
      ('31b5df3b-a85e-5c7d-aa7a-9c2f0f137aa8', '70556a9d-bf01-42eb-b882-b5938fff7023', 'Tegernsee Loop', 'MANUAL', '2011-09-03 14:29:25+00', 2011, 9, 3, 4957, 5105, 5700, 33409, 717, 717, 941),
      ('a5a7152c-5113-593d-a254-1cc6a89a9c73', '70556a9d-bf01-42eb-b882-b5938fff7023', 'Alpe d''Huez', 'MANUAL', '2011-09-12 10:49:53+00', 2011, 9, 12, 15078, 15530, 17339, 116975, 921, 921, 3168),
      ('e70eac9d-54d3-5c21-a479-3891f3374636', '70556a9d-bf01-42eb-b882-b5938fff7023', 'Passo dello Stelvio', 'MANUAL', '2011-09-22 12:41:04+00', 2011, 9, 22, 8410, 8662, 9671, 71449, 492, 492, 1645),
      ('a130b262-a034-5b7a-bef1-f0976c5ff390', '70556a9d-bf01-42eb-b882-b5938fff7023', 'Col d''Izoard', 'MANUAL', '2011-10-01 08:55:54+00', 2011, 10, 1, 18999, 19568, 21848, 154406, 1724, 1724, 4160),
      ('8538dc81-0214-5b89-88a3-7a9f7636b6ff', '70556a9d-bf01-42eb-b882-b5938fff7023', 'Ballon d''Alsace', 'MANUAL', '2011-10-14 08:17:04+00', 2011, 10, 14, 20809, 21433, 23930, 145005, 2351, 2351, 3825),
      ('57db326a-1819-56ef-a249-e7964df28486', '70556a9d-bf01-42eb-b882-b5938fff7023', 'Passo dello Stelvio', 'MANUAL', '2011-11-18 10:25:24+00', 2011, 11, 18, 21859, 22514, 25137, 147716, 1905, 1905, 4510),
      ('39b67c18-6cf2-5f63-a488-212719c29532', '70556a9d-bf01-42eb-b882-b5938fff7023', 'Tegernsee Loop', 'MANUAL', '2011-11-28 16:34:03+00', 2011, 11, 28, 7839, 8074, 9014, 57900, 866, 866, 1503),
      ('7370557c-8c8a-5015-a07d-ae51666e17cd', '70556a9d-bf01-42eb-b882-b5938fff7023', 'Kaiserstuhl Loop', 'MANUAL', '2011-12-01 07:38:00+00', 2011, 12, 1, 15553, 16019, 17885, 108204, 2216, 2216, 3103),
      ('402d6dad-962a-5bd5-9775-c74f692168b7', '70556a9d-bf01-42eb-b882-b5938fff7023', 'Passo del Mortirolo', 'MANUAL', '2011-12-11 11:20:44+00', 2011, 12, 11, 5240, 5397, 6025, 35622, 663, 663, 1085),
      ('d6855019-3e49-5bfe-bfd5-9616263da3da', '70556a9d-bf01-42eb-b882-b5938fff7023', 'Monte Zoncolan', 'MANUAL', '2011-12-24 13:23:21+00', 2011, 12, 24, 11392, 11733, 13100, 73298, 730, 730, 2798),
      ('3a56f3c7-40c1-5087-982f-026799750a84', '70556a9d-bf01-42eb-b882-b5938fff7023', 'Elbe Valley Spin', 'MANUAL', '2012-02-24 12:52:32+00', 2012, 2, 24, 12656, 13035, 14554, 84183, 590, 590, 2233),
      ('d9e9e09a-2244-5fd3-bf42-7c7323d1e0c5', '70556a9d-bf01-42eb-b882-b5938fff7023', 'Elbe Valley Spin', 'MANUAL', '2012-03-11 14:09:33+00', 2012, 3, 11, 13106, 13499, 15071, 86291, 482, 482, 2614),
      ('8c7a22f2-e21f-5877-805d-18807ff93c4a', '70556a9d-bf01-42eb-b882-b5938fff7023', 'Col du Galibier', 'MANUAL', '2012-03-20 07:11:10+00', 2012, 3, 20, 11248, 11585, 12935, 72217, 669, 669, 2447),
      ('5d2d3718-00be-55fb-9b7a-45b6bc5cd171', '70556a9d-bf01-42eb-b882-b5938fff7023', 'Col du Galibier', 'MANUAL', '2012-04-09 12:39:52+00', 2012, 4, 9, 17719, 18250, 20376, 141435, 725, 725, 3194),
      ('ffbccf18-ecd9-5106-ae2e-186f66adec79', '70556a9d-bf01-42eb-b882-b5938fff7023', 'Schwarzwald Feldberg', 'MANUAL', '2012-04-13 16:50:40+00', 2012, 4, 13, 20768, 21391, 23883, 140594, 853, 853, 5040),
      ('311f660e-f8cd-5f09-ba7d-3ea57d91b7b8', '70556a9d-bf01-42eb-b882-b5938fff7023', 'Sella Ronda', 'MANUAL', '2012-04-14 12:11:44+00', 2012, 4, 14, 13687, 14097, 15740, 116335, 1687, 1687, 2740),
      ('f9728369-a83a-577b-b3d7-0680357eb756', '70556a9d-bf01-42eb-b882-b5938fff7023', 'Sa Calobra', 'MANUAL', '2012-05-07 16:42:30+00', 2012, 5, 7, 4371, 4502, 5026, 33533, 643, 643, 878),
      ('ea228d91-0e39-5cc5-8360-0b17890e4d92', '70556a9d-bf01-42eb-b882-b5938fff7023', 'Lago di Garda Loop', 'MANUAL', '2012-05-22 16:36:26+00', 2012, 5, 22, 23939, 24657, 27529, 158519, 1991, 1991, 5274),
      ('4a5d7965-2f1c-5657-be7d-305a4dfcea2a', '70556a9d-bf01-42eb-b882-b5938fff7023', 'Tegernsee Loop', 'MANUAL', '2012-06-13 14:35:58+00', 2012, 6, 13, 22549, 23225, 25931, 145311, 1964, 1964, 4830),
      ('879ab20a-bfb2-5a98-9ffe-8f0ec331428b', '70556a9d-bf01-42eb-b882-b5938fff7023', 'Danube Valley Stage', 'MANUAL', '2012-06-19 12:30:37+00', 2012, 6, 19, 20753, 21375, 23865, 153384, 1329, 1329, 4905),
      ('1482d7bc-5cfb-52ca-84ce-8adbd30e7218', '70556a9d-bf01-42eb-b882-b5938fff7023', 'Col du Galibier', 'MANUAL', '2012-06-24 15:33:01+00', 2012, 6, 24, 13434, 13837, 15449, 102404, 2236, 2236, 2407),
      ('db13e2a6-9f96-5040-94d3-23fe37057a28', '70556a9d-bf01-42eb-b882-b5938fff7023', 'Monte Zoncolan', 'MANUAL', '2012-07-17 07:15:25+00', 2012, 7, 17, 6178, 6363, 7104, 45402, 707, 707, 1347),
      ('ec58662d-dd73-5b7a-bbcf-702c48f5d5ad', '70556a9d-bf01-42eb-b882-b5938fff7023', 'Grossglockner Hochalpenstrasse', 'MANUAL', '2012-08-04 09:48:53+00', 2012, 8, 4, 15179, 15634, 17455, 122598, 1976, 1976, 2697),
      ('461ab519-6293-512f-a80a-ea8d816383e1', '70556a9d-bf01-42eb-b882-b5938fff7023', 'Sa Calobra', 'MANUAL', '2012-08-07 11:50:42+00', 2012, 8, 7, 15535, 16001, 17865, 112141, 650, 650, 3788),
      ('ba222bea-8fdb-5ca4-882a-b8c766efb8bd', '70556a9d-bf01-42eb-b882-b5938fff7023', 'Col du Tourmalet', 'MANUAL', '2012-08-12 13:09:00+00', 2012, 8, 12, 5851, 6026, 6728, 40796, 414, 414, 1245),
      ('7d402687-2dc0-5e31-a6d8-2f1cbc4ec423', '70556a9d-bf01-42eb-b882-b5938fff7023', 'Taunus Classic', 'MANUAL', '2012-10-19 15:25:22+00', 2012, 10, 19, 23776, 24489, 27342, 153003, 1733, 1733, 4233),
      ('feda1186-5b5d-5483-9451-f4acee9d0053', '70556a9d-bf01-42eb-b882-b5938fff7023', 'Kaiserstuhl Loop', 'MANUAL', '2012-11-02 08:28:00+00', 2012, 11, 2, 16369, 16860, 18824, 114084, 2334, 2334, 3592),
      ('10808d78-9093-571e-835b-4753bfdb8fd3', '70556a9d-bf01-42eb-b882-b5938fff7023', 'Taunus Classic', 'MANUAL', '2012-11-08 09:48:55+00', 2012, 11, 8, 5120, 5273, 5888, 40998, 719, 719, 1132),
      ('af213da2-962d-5554-847d-66a16928fe42', '70556a9d-bf01-42eb-b882-b5938fff7023', 'Elbe Valley Spin', 'MANUAL', '2012-11-22 12:25:02+00', 2012, 11, 22, 5407, 5569, 6218, 41429, 622, 622, 1341),
      ('f291bf6e-92ca-550f-a138-7981a997bea8', '70556a9d-bf01-42eb-b882-b5938fff7023', 'Lago di Garda Loop', 'MANUAL', '2012-12-21 11:29:56+00', 2012, 12, 21, 11217, 11553, 12899, 75646, 703, 703, 2684),
      ('461b54c5-ccd2-5b96-8f58-54fe66d617a3', '70556a9d-bf01-42eb-b882-b5938fff7023', 'Monte Zoncolan', 'MANUAL', '2013-01-02 13:57:13+00', 2013, 1, 2, 8933, 9200, 10272, 71126, 906, 906, 1683),
      ('0f45b998-c817-5696-a95b-254e94a0ccb1', '70556a9d-bf01-42eb-b882-b5938fff7023', 'Kaiserstuhl Loop', 'MANUAL', '2013-01-10 11:42:30+00', 2013, 1, 10, 13872, 14288, 15952, 116017, 2497, 2497, 3048),
      ('3ff61029-988c-5d6f-9394-4ac21253a20e', '70556a9d-bf01-42eb-b882-b5938fff7023', 'Sa Calobra', 'MANUAL', '2013-01-13 15:30:13+00', 2013, 1, 13, 19155, 19729, 22028, 157490, 1311, 1311, 4178),
      ('9ffea493-8f13-5312-88a8-ebcebf138100', '70556a9d-bf01-42eb-b882-b5938fff7023', 'Lago di Garda Loop', 'MANUAL', '2013-01-14 12:09:40+00', 2013, 1, 14, 4416, 4548, 5078, 32858, 584, 584, 928),
      ('897682cf-f893-5470-aa64-da156ba3c42c', '70556a9d-bf01-42eb-b882-b5938fff7023', 'Sella Ronda', 'MANUAL', '2013-01-27 14:45:48+00', 2013, 1, 27, 4494, 4628, 5168, 38575, 549, 549, 821),
      ('d22f123b-e88b-5bf8-a361-6276675a7d94', '70556a9d-bf01-42eb-b882-b5938fff7023', 'Timmelsjoch', 'MANUAL', '2013-02-13 11:28:02+00', 2013, 2, 13, 11025, 11355, 12678, 86959, 1300, 1300, 2489),
      ('4f6bd818-51c5-5394-b7ce-41169111d0ec', '70556a9d-bf01-42eb-b882-b5938fff7023', 'Elbe Valley Spin', 'MANUAL', '2013-03-08 10:12:40+00', 2013, 3, 8, 12965, 13353, 14909, 111484, 652, 652, 3176),
      ('c529dc42-2c02-5eb9-8535-85d9d8960610', '70556a9d-bf01-42eb-b882-b5938fff7023', 'Taunus Classic', 'MANUAL', '2013-05-07 09:06:45+00', 2013, 5, 7, 12256, 12623, 14094, 92654, 835, 835, 2863),
      ('69a24a69-d036-5fd2-8afd-e00b4ee361f3', '70556a9d-bf01-42eb-b882-b5938fff7023', 'Alpe d''Huez', 'MANUAL', '2013-05-25 13:47:24+00', 2013, 5, 25, 19911, 20508, 22897, 137938, 2928, 2928, 4735),
      ('07bb547b-4751-5709-a3d5-a9a6fd4f1a4b', '70556a9d-bf01-42eb-b882-b5938fff7023', 'Schwarzwald Feldberg', 'MANUAL', '2013-06-02 15:37:50+00', 2013, 6, 2, 6017, 6197, 6919, 46921, 1162, 1162, 1053),
      ('fbc51a24-645b-54e1-9e0f-badb344a019b', '70556a9d-bf01-42eb-b882-b5938fff7023', 'Tegernsee Loop', 'MANUAL', '2013-06-20 13:12:21+00', 2013, 6, 20, 16156, 16640, 18579, 119148, 2960, 2960, 3886),
      ('59c25830-3ff8-51b5-aa3c-34ce9ddc59e7', '70556a9d-bf01-42eb-b882-b5938fff7023', 'Bodensee Circuit', 'MANUAL', '2013-08-19 07:35:12+00', 2013, 8, 19, 18842, 19407, 21668, 146979, 2350, 2350, 3366),
      ('355555ee-6aba-5aac-8f2f-dc017c576005', '70556a9d-bf01-42eb-b882-b5938fff7023', 'Transfagarasan', 'MANUAL', '2013-09-20 11:21:31+00', 2013, 9, 20, 23116, 23809, 26583, 153170, 2799, 2799, 5163),
      ('e1980010-3662-5a94-b8e9-d68dc8e15d1e', '70556a9d-bf01-42eb-b882-b5938fff7023', 'Sella Ronda', 'MANUAL', '2013-09-27 12:44:44+00', 2013, 9, 27, 14181, 14606, 16308, 117875, 830, 830, 2435),
      ('573c454e-839d-55fd-981d-4887fe16954d', '70556a9d-bf01-42eb-b882-b5938fff7023', 'Grossglockner Hochalpenstrasse', 'MANUAL', '2013-10-06 14:16:59+00', 2013, 10, 6, 20051, 20652, 23058, 138443, 1852, 1852, 3450),
      ('dab6612f-327e-5911-b94a-023ff60fbdbf', '70556a9d-bf01-42eb-b882-b5938fff7023', 'Bodensee Circuit', 'MANUAL', '2013-10-11 12:56:02+00', 2013, 10, 11, 6959, 7167, 8002, 55931, 449, 449, 1199),
      ('8b1231be-6e73-5908-9154-bce684dfa23f', '70556a9d-bf01-42eb-b882-b5938fff7023', 'Kaiserstuhl Loop', 'MANUAL', '2013-11-21 14:15:07+00', 2013, 11, 21, 9481, 9765, 10903, 73838, 541, 541, 2209),
      ('f90969df-66bf-5cbf-8869-9edf70ca5a36', '70556a9d-bf01-42eb-b882-b5938fff7023', 'Sella Ronda', 'MANUAL', '2013-12-04 16:14:03+00', 2013, 12, 4, 20582, 21199, 23669, 133871, 1905, 1905, 4137),
      ('23a7abbc-5660-527e-83a4-cf445f430c0a', '70556a9d-bf01-42eb-b882-b5938fff7023', 'Kaiserstuhl Loop', 'MANUAL', '2013-12-14 12:28:41+00', 2013, 12, 14, 6686, 6886, 7688, 43643, 579, 579, 1521),
      ('bfa5e424-b911-57d2-b43b-af25f1c49a22', '70556a9d-bf01-42eb-b882-b5938fff7023', 'Ballon d''Alsace', 'MANUAL', '2013-12-17 09:45:36+00', 2013, 12, 17, 14075, 14497, 16186, 110553, 1653, 1653, 3335),
      ('042c50db-cbd8-5623-abf3-ebe314a707c8', '70556a9d-bf01-42eb-b882-b5938fff7023', 'Sella Ronda', 'MANUAL', '2014-03-05 09:04:12+00', 2014, 3, 5, 3939, 4057, 4529, 31346, 597, 597, 760),
      ('5893c511-a7e8-5c1a-909f-96b6699fbae7', '70556a9d-bf01-42eb-b882-b5938fff7023', 'Mont Ventoux', 'MANUAL', '2014-03-08 08:01:27+00', 2014, 3, 8, 15978, 16457, 18374, 104715, 1459, 1459, 3577),
      ('22f69212-eec2-583e-bb5d-f7ced59a3f56', '70556a9d-bf01-42eb-b882-b5938fff7023', 'Passo del Mortirolo', 'MANUAL', '2014-03-10 16:28:13+00', 2014, 3, 10, 16106, 16589, 18521, 123520, 1616, 1616, 3329),
      ('80bfc4bd-6c05-5ff9-a503-a512e7ac6ca6', '70556a9d-bf01-42eb-b882-b5938fff7023', 'Monte Zoncolan', 'MANUAL', '2014-04-23 07:25:02+00', 2014, 4, 23, 9524, 9809, 10952, 65134, 456, 456, 1628),
      ('25ab562d-3982-5327-99cb-7e2d8550df04', '70556a9d-bf01-42eb-b882-b5938fff7023', 'Mallorca Orient Valley', 'MANUAL', '2014-05-02 09:10:15+00', 2014, 5, 2, 4853, 4998, 5580, 38605, 750, 750, 883),
      ('ce4e3e4b-5b68-519d-8dc1-8392d8d83049', '70556a9d-bf01-42eb-b882-b5938fff7023', 'Kitzbuheler Horn', 'MANUAL', '2014-05-08 07:32:50+00', 2014, 5, 8, 13886, 14302, 15968, 97680, 1257, 1257, 2877),
      ('6c45a5aa-1def-53ea-a6ff-fecf3dd5701f', '70556a9d-bf01-42eb-b882-b5938fff7023', 'Tegernsee Loop', 'MANUAL', '2014-05-22 09:42:36+00', 2014, 5, 22, 10299, 10607, 11843, 69309, 351, 351, 2136),
      ('5186f310-f707-57ee-9c8e-e1a391544049', '70556a9d-bf01-42eb-b882-b5938fff7023', 'Ballon d''Alsace', 'MANUAL', '2014-05-28 08:48:01+00', 2014, 5, 28, 15731, 16202, 18090, 132155, 1711, 1711, 3145),
      ('23c1782c-0ec1-5f3a-83de-b5635ea942b3', '70556a9d-bf01-42eb-b882-b5938fff7023', 'Col d''Izoard', 'MANUAL', '2014-06-08 14:32:28+00', 2014, 6, 8, 14287, 14715, 16430, 122843, 1458, 1458, 2566),
      ('4c879889-1d7b-50cf-bcc6-b4960b9daf6d', '70556a9d-bf01-42eb-b882-b5938fff7023', 'Chiemgau Rounds', 'MANUAL', '2014-06-16 09:54:09+00', 2014, 6, 16, 11497, 11841, 13221, 77059, 1581, 1581, 2827),
      ('c83c9d37-afba-5f33-b679-f1906c6b8494', '70556a9d-bf01-42eb-b882-b5938fff7023', 'Sella Ronda', 'MANUAL', '2014-07-15 08:05:22+00', 2014, 7, 15, 7126, 7339, 8194, 56298, 1041, 1041, 1589),
      ('79428b3d-4189-5fc9-8cfd-ec9757ffb145', '70556a9d-bf01-42eb-b882-b5938fff7023', 'Ballon d''Alsace', 'MANUAL', '2014-07-24 12:39:33+00', 2014, 7, 24, 7001, 7211, 8051, 54100, 927, 927, 1467),
      ('e8a5d0e4-04e9-59e9-bbda-5e3cefdfb103', '70556a9d-bf01-42eb-b882-b5938fff7023', 'Col du Galibier', 'MANUAL', '2014-10-19 13:40:55+00', 2014, 10, 19, 8572, 8829, 9857, 73099, 1192, 1192, 1964),
      ('410e7f6f-5c70-5b99-b710-e2746a7887e2', '70556a9d-bf01-42eb-b882-b5938fff7023', 'Passo Giau', 'MANUAL', '2014-11-18 11:53:04+00', 2014, 11, 18, 9508, 9793, 10934, 67025, 359, 359, 2374),
      ('b0b795f3-e36f-5439-8446-bed293e19e50', '70556a9d-bf01-42eb-b882-b5938fff7023', 'Passo Giau', 'MANUAL', '2014-11-21 08:53:11+00', 2014, 11, 21, 17909, 18446, 20595, 152761, 3090, 3090, 3773),
      ('7d8f5bd1-a3da-50da-8dfd-35aa69800304', '70556a9d-bf01-42eb-b882-b5938fff7023', 'Monte Zoncolan', 'MANUAL', '2014-11-27 11:56:46+00', 2014, 11, 27, 17347, 17867, 19949, 148304, 2782, 2782, 3497),
      ('b445aee1-ba1d-504c-9ab1-c30092b57641', '70556a9d-bf01-42eb-b882-b5938fff7023', 'Passo Giau', 'MANUAL', '2014-12-02 16:20:32+00', 2014, 12, 2, 5209, 5365, 5990, 38062, 695, 695, 1150),
      ('a7b67185-adb0-5635-b937-4c89b93a5d49', '70556a9d-bf01-42eb-b882-b5938fff7023', 'Mont Ventoux', 'MANUAL', '2014-12-10 14:58:31+00', 2014, 12, 10, 17222, 17738, 19805, 139880, 1765, 1765, 4079),
      ('fb9b31b1-952b-5c32-beae-48911b3cde01', '70556a9d-bf01-42eb-b882-b5938fff7023', 'Grossglockner Hochalpenstrasse', 'MANUAL', '2014-12-11 15:47:57+00', 2014, 12, 11, 12064, 12425, 13873, 79765, 1110, 1110, 2541),
      ('4a49aa39-6822-509f-bb58-fdf6276d624a', '70556a9d-bf01-42eb-b882-b5938fff7023', 'Passo Gavia', 'MANUAL', '2014-12-26 12:09:10+00', 2014, 12, 26, 13919, 14336, 16006, 114868, 2703, 2703, 2517),
      ('90114bf7-111c-59b1-8ef8-7e26109b3707', '70556a9d-bf01-42eb-b882-b5938fff7023', 'Taunus Classic', 'MANUAL', '2015-01-03 16:26:18+00', 2015, 1, 3, 15255, 15712, 17543, 108515, 2458, 2458, 3073),
      ('c1590e69-82c9-5ebd-96b4-32d0fb0db031', '70556a9d-bf01-42eb-b882-b5938fff7023', 'Monte Zoncolan', 'MANUAL', '2015-01-08 14:08:16+00', 2015, 1, 8, 7153, 7367, 8225, 51023, 871, 871, 1390),
      ('003b7baa-97cd-5c25-b964-47a8059dd6c2', '70556a9d-bf01-42eb-b882-b5938fff7023', 'Harz Brocken Round', 'MANUAL', '2015-02-22 15:23:43+00', 2015, 2, 22, 8410, 8662, 9671, 54295, 532, 532, 1864),
      ('780a6a4e-6371-5119-a2b2-9d74e7cc528c', '70556a9d-bf01-42eb-b882-b5938fff7023', 'Kaiserstuhl Loop', 'MANUAL', '2015-02-24 12:21:52+00', 2015, 2, 24, 7605, 7833, 8745, 53761, 544, 544, 1369),
      ('c454bf9a-5492-54bb-826a-5493012d84d2', '70556a9d-bf01-42eb-b882-b5938fff7023', 'Elbe Valley Spin', 'MANUAL', '2015-03-18 12:41:09+00', 2015, 3, 18, 7087, 7299, 8150, 48743, 922, 922, 1499),
      ('07a49c89-b5cc-5381-bc4c-07e3e43e8cc5', '70556a9d-bf01-42eb-b882-b5938fff7023', 'Alpe d''Huez', 'MANUAL', '2015-04-18 13:49:29+00', 2015, 4, 18, 13795, 14208, 15864, 105886, 1068, 1068, 2756),
      ('5dda0ce6-4f4a-5350-a80f-3828553ab74a', '70556a9d-bf01-42eb-b882-b5938fff7023', 'Bodensee Circuit', 'MANUAL', '2015-05-03 08:00:43+00', 2015, 5, 3, 4999, 5148, 5748, 36427, 325, 325, 943),
      ('e487852f-7a1d-54b4-a246-320d3f79b9aa', '70556a9d-bf01-42eb-b882-b5938fff7023', 'Transfagarasan', 'MANUAL', '2015-05-09 16:41:09+00', 2015, 5, 9, 4422, 4554, 5085, 33866, 802, 802, 837),
      ('80a0e0e0-07ad-5a12-b61e-b967c3890b03', '70556a9d-bf01-42eb-b882-b5938fff7023', 'Mallorca Orient Valley', 'MANUAL', '2015-05-25 09:39:00+00', 2015, 5, 25, 13526, 13931, 15554, 94920, 1835, 1835, 2761),
      ('ca6242b5-4877-58cf-9bf9-d8d6daa8f36b', '70556a9d-bf01-42eb-b882-b5938fff7023', 'Sa Calobra', 'MANUAL', '2015-06-27 10:48:51+00', 2015, 6, 27, 18914, 19481, 21751, 150279, 3749, 3749, 3681),
      ('48fa96f9-9d3c-57be-8d8b-2d766cc0b330', '70556a9d-bf01-42eb-b882-b5938fff7023', 'Col du Tourmalet', 'MANUAL', '2015-07-17 07:10:05+00', 2015, 7, 17, 12017, 12377, 13819, 87416, 1340, 1340, 2058),
      ('61d17425-b2d6-5bc3-9fe2-47ca3a429e86', '70556a9d-bf01-42eb-b882-b5938fff7023', 'Mallorca Orient Valley', 'MANUAL', '2015-08-14 11:02:19+00', 2015, 8, 14, 8494, 8748, 9768, 71250, 1552, 1552, 2104),
      ('1befcd43-a3c4-5d9b-ac2e-773bb231399b', '70556a9d-bf01-42eb-b882-b5938fff7023', 'Col du Galibier', 'MANUAL', '2015-08-17 13:11:14+00', 2015, 8, 17, 12984, 13373, 14931, 105904, 1158, 1158, 3187),
      ('dc49d2c6-3daa-5e39-96bc-9c00cc607c4f', '70556a9d-bf01-42eb-b882-b5938fff7023', 'Elbe Valley Spin', 'MANUAL', '2015-09-15 11:00:50+00', 2015, 9, 15, 5721, 5892, 6579, 40839, 210, 210, 1375),
      ('843a7a23-e858-5d82-8dc8-7b661cd0957a', '70556a9d-bf01-42eb-b882-b5938fff7023', 'Tegernsee Loop', 'MANUAL', '2015-09-17 15:15:20+00', 2015, 9, 17, 8762, 9024, 10076, 69112, 509, 509, 1768),
      ('aea1109a-f448-5130-8473-d2136368d729', '70556a9d-bf01-42eb-b882-b5938fff7023', 'Transfagarasan', 'MANUAL', '2015-09-21 09:57:18+00', 2015, 9, 21, 5820, 5994, 6692, 38749, 543, 543, 1118),
      ('3fc786ac-7877-5939-8f45-6c6859f9cd22', '70556a9d-bf01-42eb-b882-b5938fff7023', 'Mallorca Orient Valley', 'MANUAL', '2015-09-26 16:01:50+00', 2015, 9, 26, 11580, 11927, 13316, 78240, 1939, 1939, 1997),
      ('f939709a-d3e6-511c-ba22-fb5034052b5a', '70556a9d-bf01-42eb-b882-b5938fff7023', 'Sa Calobra', 'MANUAL', '2015-11-11 16:56:23+00', 2015, 11, 11, 15201, 15657, 17481, 108868, 2520, 2520, 3719),
      ('00d8d76c-87f6-5a89-a178-15475065217e', '70556a9d-bf01-42eb-b882-b5938fff7023', 'Passo Gavia', 'MANUAL', '2015-12-19 07:09:57+00', 2015, 12, 19, 13414, 13816, 15426, 91446, 1024, 1024, 3138),
      ('df14e9ec-1c8c-5b62-b560-7c340c9cdfc4', '70556a9d-bf01-42eb-b882-b5938fff7023', 'Taunus Classic', 'MANUAL', '2015-12-20 09:53:40+00', 2015, 12, 20, 5306, 5465, 6101, 37727, 534, 534, 1015),
      ('4d04e646-344f-51e4-8072-6e11dc320c70', '70556a9d-bf01-42eb-b882-b5938fff7023', 'Sella Ronda', 'MANUAL', '2016-01-04 14:40:40+00', 2016, 1, 4, 9355, 9635, 10758, 76375, 1190, 1190, 2157),
      ('23a8e097-d08b-57c0-8c14-a239bb5a7a56', '70556a9d-bf01-42eb-b882-b5938fff7023', 'Grossglockner Hochalpenstrasse', 'MANUAL', '2016-01-16 16:25:17+00', 2016, 1, 16, 11160, 11494, 12833, 75921, 1503, 1503, 2107),
      ('1a2845ee-34a7-5e88-91a5-3216459e41a5', '70556a9d-bf01-42eb-b882-b5938fff7023', 'Grossglockner Hochalpenstrasse', 'MANUAL', '2016-01-18 16:54:38+00', 2016, 1, 18, 12186, 12551, 14013, 90223, 1161, 1161, 2650),
      ('31bd646b-6f1e-5113-9bf4-52b24e1474ba', '70556a9d-bf01-42eb-b882-b5938fff7023', 'Passo dello Stelvio', 'MANUAL', '2016-02-01 15:16:59+00', 2016, 2, 1, 18049, 18590, 20756, 154396, 1910, 1910, 3227),
      ('e29862a3-72ac-5a04-90a1-d784b6232ab3', '70556a9d-bf01-42eb-b882-b5938fff7023', 'Schwarzwald Feldberg', 'MANUAL', '2016-02-08 13:02:57+00', 2016, 2, 8, 10575, 10892, 12161, 70403, 992, 992, 2268),
      ('7140f7ac-50d3-546c-bcdb-ad17f962b5cd', '70556a9d-bf01-42eb-b882-b5938fff7023', 'Ballon d''Alsace', 'MANUAL', '2016-02-25 09:25:58+00', 2016, 2, 25, 9189, 9464, 10567, 72909, 1652, 1652, 1759),
      ('3fcf24cc-3294-54d9-99b5-2884c7134c86', '70556a9d-bf01-42eb-b882-b5938fff7023', 'Grossglockner Hochalpenstrasse', 'MANUAL', '2016-03-01 13:35:51+00', 2016, 3, 1, 3854, 3969, 4432, 31513, 239, 239, 941),
      ('188ce284-c9e8-5473-a90b-b37d6fd32460', '70556a9d-bf01-42eb-b882-b5938fff7023', 'Bodensee Circuit', 'MANUAL', '2016-04-01 08:30:54+00', 2016, 4, 1, 14911, 15358, 17147, 95712, 1895, 1895, 3425),
      ('694c5324-08f7-5a62-a854-a7e5ffe98c7c', '70556a9d-bf01-42eb-b882-b5938fff7023', 'Elbe Valley Spin', 'MANUAL', '2016-04-04 09:57:23+00', 2016, 4, 4, 23390, 24091, 26898, 159760, 3629, 3629, 4482),
      ('7656592d-25c7-50c2-81d9-86d97f6a04af', '70556a9d-bf01-42eb-b882-b5938fff7023', 'Alpe d''Huez', 'MANUAL', '2016-04-22 12:54:10+00', 2016, 4, 22, 7943, 8181, 9134, 51031, 583, 583, 1829),
      ('7ef0d392-3f24-5109-b868-67304b66f078', '70556a9d-bf01-42eb-b882-b5938fff7023', 'Mont Ventoux', 'MANUAL', '2016-05-22 14:57:01+00', 2016, 5, 22, 12043, 12404, 13849, 85426, 1951, 1951, 2265),
      ('403cbb69-8e16-5dca-b75a-2fffed97d8cc', '70556a9d-bf01-42eb-b882-b5938fff7023', 'Mont Ventoux', 'MANUAL', '2016-06-14 15:43:46+00', 2016, 6, 14, 19939, 20537, 22929, 134626, 1813, 1813, 3454),
      ('98c2eab2-2a4d-5031-a138-d8ce41200331', '70556a9d-bf01-42eb-b882-b5938fff7023', 'Bodensee Circuit', 'MANUAL', '2016-08-22 09:10:26+00', 2016, 8, 22, 20253, 20860, 23290, 150235, 3377, 3377, 4972),
      ('da04b092-fdaa-5364-8fba-72d8fdccae72', '70556a9d-bf01-42eb-b882-b5938fff7023', 'Col du Galibier', 'MANUAL', '2016-09-06 08:59:24+00', 2016, 9, 6, 6696, 6896, 7700, 56839, 399, 399, 1456),
      ('2ede49c5-0e4a-5993-aff8-255366fe0956', '70556a9d-bf01-42eb-b882-b5938fff7023', 'Passo del Mortirolo', 'MANUAL', '2016-09-26 09:05:36+00', 2016, 9, 26, 9802, 10096, 11272, 77504, 1689, 1689, 2204),
      ('e6e9bccc-8de8-593f-b673-0a675be29347', '70556a9d-bf01-42eb-b882-b5938fff7023', 'Col du Galibier', 'MANUAL', '2016-11-01 07:56:12+00', 2016, 11, 1, 18949, 19517, 21791, 130748, 1823, 1823, 4305),
      ('4ec4f110-9c90-5c62-850c-d657539f05ce', '70556a9d-bf01-42eb-b882-b5938fff7023', 'Monte Zoncolan', 'MANUAL', '2016-11-06 09:52:36+00', 2016, 11, 6, 17350, 17870, 19952, 134674, 2894, 2894, 4180),
      ('fd79c8a7-ef6b-50ae-b06f-cae2d63af3c7', '70556a9d-bf01-42eb-b882-b5938fff7023', 'Passo dello Stelvio', 'MANUAL', '2016-11-12 15:45:50+00', 2016, 11, 12, 7064, 7275, 8123, 57280, 1178, 1178, 1326),
      ('79d8a8b0-ab1e-57ab-9f7b-39f349c2e8a6', '70556a9d-bf01-42eb-b882-b5938fff7023', 'Taunus Classic', 'MANUAL', '2016-11-21 11:12:56+00', 2016, 11, 21, 7438, 7661, 8553, 51151, 1197, 1197, 1850),
      ('61a35149-fc65-50b6-bfca-47b70e570fb8', '70556a9d-bf01-42eb-b882-b5938fff7023', 'Passo Giau', 'MANUAL', '2016-12-05 07:27:49+00', 2016, 12, 5, 9598, 9885, 11037, 80699, 1650, 1650, 2230),
      ('514c14bd-6718-5bd1-99bf-4009f8c80258', '70556a9d-bf01-42eb-b882-b5938fff7023', 'Kaiserstuhl Loop', 'MANUAL', '2017-01-12 11:25:19+00', 2017, 1, 12, 4970, 5119, 5715, 33109, 449, 449, 850),
      ('5fbcd2c1-4d8a-576d-a025-d1e284a485ed', '70556a9d-bf01-42eb-b882-b5938fff7023', 'Passo dello Stelvio', 'MANUAL', '2017-03-02 13:09:51+00', 2017, 3, 2, 8536, 8792, 9816, 65738, 417, 417, 1732),
      ('ed45a48d-dbde-5f17-8d4d-e9df45c9c89a', '70556a9d-bf01-42eb-b882-b5938fff7023', 'Mont Ventoux', 'MANUAL', '2017-03-25 13:52:45+00', 2017, 3, 25, 13490, 13894, 15513, 109106, 2517, 2517, 3208),
      ('cb7394bd-5022-5947-8ba0-8580c3171571', '70556a9d-bf01-42eb-b882-b5938fff7023', 'Lago di Garda Loop', 'MANUAL', '2017-04-06 16:11:55+00', 2017, 4, 6, 13210, 13606, 15191, 111245, 1124, 1124, 2826),
      ('ab76dc95-b431-5e01-93b9-d89f3d643561', '70556a9d-bf01-42eb-b882-b5938fff7023', 'Sa Calobra', 'MANUAL', '2017-04-15 07:39:40+00', 2017, 4, 15, 14921, 15368, 17159, 105118, 600, 600, 3432),
      ('b2fd91b8-8f9a-57f9-bf14-428a2fd4b6be', '70556a9d-bf01-42eb-b882-b5938fff7023', 'Elbe Valley Spin', 'MANUAL', '2017-04-21 13:00:16+00', 2017, 4, 21, 9717, 10008, 11174, 62313, 636, 636, 2222),
      ('8d0e145b-345c-572e-abc8-6a3505740117', '70556a9d-bf01-42eb-b882-b5938fff7023', 'Alpe d''Huez', 'MANUAL', '2017-05-03 07:31:09+00', 2017, 5, 3, 22501, 23176, 25876, 148632, 1817, 1817, 4994),
      ('1ada223d-1909-5e1b-b0b9-280cb6247a8c', '70556a9d-bf01-42eb-b882-b5938fff7023', 'Taunus Classic', 'MANUAL', '2017-05-17 14:51:50+00', 2017, 5, 17, 17579, 18106, 20215, 117678, 2180, 2180, 3249),
      ('cc8595ee-134e-50a4-9580-5d0e725c3f84', '70556a9d-bf01-42eb-b882-b5938fff7023', 'Col du Tourmalet', 'MANUAL', '2017-05-26 16:56:07+00', 2017, 5, 26, 8922, 9189, 10260, 61127, 678, 678, 1834),
      ('79b5d3ee-af8d-5267-944e-e43be96b7688', '70556a9d-bf01-42eb-b882-b5938fff7023', 'Mont Ventoux', 'MANUAL', '2017-06-23 07:46:47+00', 2017, 6, 23, 6793, 6996, 7811, 49482, 724, 724, 1353),
      ('be71ffea-567d-5947-b363-90394c97cf67', '70556a9d-bf01-42eb-b882-b5938fff7023', 'Sa Calobra', 'MANUAL', '2017-07-10 09:57:09+00', 2017, 7, 10, 7065, 7276, 8124, 54187, 568, 568, 1345),
      ('55752ffe-72b2-56c0-9727-049861f9f5e3', '70556a9d-bf01-42eb-b882-b5938fff7023', 'Passo Giau', 'MANUAL', '2017-09-10 10:02:32+00', 2017, 9, 10, 15345, 15805, 17646, 116913, 2695, 2695, 3538),
      ('fd5688b0-41ad-5a6a-bd06-a40ddf272199', '70556a9d-bf01-42eb-b882-b5938fff7023', 'Col du Galibier', 'MANUAL', '2017-09-14 15:45:28+00', 2017, 9, 14, 21891, 22547, 25174, 141145, 1944, 1944, 5280),
      ('3497301d-7d06-5b27-98ac-6e760dfab3b8', '70556a9d-bf01-42eb-b882-b5938fff7023', 'Taunus Classic', 'MANUAL', '2017-09-19 10:32:58+00', 2017, 9, 19, 18457, 19010, 21225, 127613, 2984, 2984, 3891),
      ('52a3ec9a-8d72-5374-a5f2-6031c8c1e084', '70556a9d-bf01-42eb-b882-b5938fff7023', 'Passo dello Stelvio', 'MANUAL', '2017-10-03 08:34:39+00', 2017, 10, 3, 13549, 13955, 15581, 93111, 2197, 2197, 3033),
      ('ba538a65-60d2-52ba-a98d-ea0db32efcd7', '70556a9d-bf01-42eb-b882-b5938fff7023', 'Col du Tourmalet', 'MANUAL', '2017-10-16 12:01:58+00', 2017, 10, 16, 23351, 24051, 26853, 149869, 3041, 3041, 5790),
      ('bf8e2046-cbee-5740-9eb1-71867afbf2f8', '70556a9d-bf01-42eb-b882-b5938fff7023', 'Kitzbuheler Horn', 'MANUAL', '2017-11-10 13:58:09+00', 2017, 11, 10, 18817, 19381, 21639, 128179, 2434, 2434, 3233),
      ('619215aa-8e78-5eaf-907e-8e4e89e0ca9a', '70556a9d-bf01-42eb-b882-b5938fff7023', 'Passo del Mortirolo', 'MANUAL', '2017-12-01 15:53:21+00', 2017, 12, 1, 22343, 23013, 25694, 148244, 2006, 2006, 4304),
      ('f4f37d89-c8b7-5d98-963e-7c774220916f', '70556a9d-bf01-42eb-b882-b5938fff7023', 'Col du Galibier', 'MANUAL', '2017-12-02 13:48:19+00', 2017, 12, 2, 6973, 7182, 8018, 58723, 508, 508, 1199),
      ('40801759-6c4e-5b4b-a98f-0448cf09b13a', '70556a9d-bf01-42eb-b882-b5938fff7023', 'Kaiserstuhl Loop', 'MANUAL', '2017-12-20 14:30:41+00', 2017, 12, 20, 7399, 7620, 8508, 56721, 1143, 1143, 1450),
      ('cb8fdfe0-a2f9-5775-b6c2-fc83af18946b', '70556a9d-bf01-42eb-b882-b5938fff7023', 'Danube Valley Stage', 'MANUAL', '2018-01-01 12:04:53+00', 2018, 1, 1, 14683, 15123, 16885, 112276, 636, 636, 3405),
      ('35b536b5-9414-5718-a870-5623f23008c8', '70556a9d-bf01-42eb-b882-b5938fff7023', 'Passo Gavia', 'MANUAL', '2018-01-13 07:56:18+00', 2018, 1, 13, 15396, 15857, 17705, 108310, 2166, 2166, 3651),
      ('8b9a0f0a-d0e3-5a06-99a2-123db9a0d774', '70556a9d-bf01-42eb-b882-b5938fff7023', 'Kaiserstuhl Loop', 'MANUAL', '2018-01-16 15:03:41+00', 2018, 1, 16, 10259, 10566, 11797, 66968, 1122, 1122, 1749),
      ('aaf11917-f5b8-5383-8978-d1f0bc807933', '70556a9d-bf01-42eb-b882-b5938fff7023', 'Ballon d''Alsace', 'MANUAL', '2018-01-21 08:07:32+00', 2018, 1, 21, 14855, 15300, 17083, 97163, 1719, 1719, 3522),
      ('d38968ea-7a84-5ea7-9552-d01565d7576a', '70556a9d-bf01-42eb-b882-b5938fff7023', 'Alpe d''Huez', 'MANUAL', '2018-02-17 07:40:37+00', 2018, 2, 17, 17876, 18412, 20557, 145241, 1414, 1414, 3951),
      ('9698faa7-8cc0-5c13-98a5-173bf0327a42', '70556a9d-bf01-42eb-b882-b5938fff7023', 'Mallorca Orient Valley', 'MANUAL', '2018-03-05 16:30:17+00', 2018, 3, 5, 4984, 5133, 5731, 35432, 819, 819, 1223),
      ('fb630771-42a4-5daa-ba0c-7c4afef71f53', '70556a9d-bf01-42eb-b882-b5938fff7023', 'Passo dello Stelvio', 'MANUAL', '2018-03-14 12:24:24+00', 2018, 3, 14, 5751, 5923, 6613, 47046, 1004, 1004, 1306),
      ('29d23c67-32a3-56cc-ad18-e1c3e17ab9d7', '70556a9d-bf01-42eb-b882-b5938fff7023', 'Kaiserstuhl Loop', 'MANUAL', '2018-06-08 07:26:54+00', 2018, 6, 8, 21656, 22305, 24904, 159258, 1894, 1894, 4577),
      ('744a5a73-0be1-50a7-8ceb-10280cdc87a0', '70556a9d-bf01-42eb-b882-b5938fff7023', 'Danube Valley Stage', 'MANUAL', '2018-06-09 13:13:37+00', 2018, 6, 9, 11109, 11442, 12775, 81675, 703, 703, 2679),
      ('36be783d-325d-5666-9fd4-f9a56767680f', '70556a9d-bf01-42eb-b882-b5938fff7023', 'Danube Valley Stage', 'MANUAL', '2018-06-23 12:46:38+00', 2018, 6, 23, 9158, 9432, 10531, 69760, 868, 868, 2202),
      ('e1af5b62-8bc3-5c96-9b50-80bf95a31085', '70556a9d-bf01-42eb-b882-b5938fff7023', 'Grossglockner Hochalpenstrasse', 'MANUAL', '2018-07-16 15:37:32+00', 2018, 7, 16, 15597, 16064, 17936, 119194, 1184, 1184, 3036),
      ('935c91f0-c525-5f9a-94b1-4a347a1725e3', '70556a9d-bf01-42eb-b882-b5938fff7023', 'Danube Valley Stage', 'MANUAL', '2018-07-21 10:49:26+00', 2018, 7, 21, 15909, 16386, 18295, 108293, 2451, 2451, 3934),
      ('e5f54b15-20d7-5f10-acad-d0043dc7da81', '70556a9d-bf01-42eb-b882-b5938fff7023', 'Bodensee Circuit', 'MANUAL', '2018-08-01 11:41:02+00', 2018, 8, 1, 23318, 24017, 26815, 154071, 2930, 2930, 5568),
      ('8bac5b6e-0b5c-5aed-ab96-0b6d96df7dc8', '70556a9d-bf01-42eb-b882-b5938fff7023', 'Schwarzwald Feldberg', 'MANUAL', '2018-09-22 16:15:18+00', 2018, 9, 22, 20043, 20644, 23049, 154087, 3003, 3003, 4127),
      ('ab2dd7fc-0a39-55cd-aceb-b959f52396e3', '70556a9d-bf01-42eb-b882-b5938fff7023', 'Transfagarasan', 'MANUAL', '2018-10-19 16:28:54+00', 2018, 10, 19, 7143, 7357, 8214, 48393, 891, 891, 1545),
      ('13f508e6-bdf6-55c9-9f90-1176a91352ff', '70556a9d-bf01-42eb-b882-b5938fff7023', 'Grossglockner Hochalpenstrasse', 'MANUAL', '2018-10-28 09:45:03+00', 2018, 10, 28, 20942, 21570, 24083, 136788, 2079, 2079, 4771),
      ('795df432-4914-5972-89a0-165304d659ba', '70556a9d-bf01-42eb-b882-b5938fff7023', 'Ballon d''Alsace', 'MANUAL', '2018-11-06 11:28:40+00', 2018, 11, 6, 14745, 15187, 16956, 111302, 1520, 1520, 2642),
      ('2f5f61e7-0167-52fd-bc30-ee26d7dd94de', '70556a9d-bf01-42eb-b882-b5938fff7023', 'Col du Tourmalet', 'MANUAL', '2018-11-28 12:06:43+00', 2018, 11, 28, 9838, 10133, 11313, 64014, 504, 504, 2132),
      ('a2e8bae9-6a69-51dd-aad4-d9b6615fefe7', '70556a9d-bf01-42eb-b882-b5938fff7023', 'Ballon d''Alsace', 'MANUAL', '2018-12-20 12:52:10+00', 2018, 12, 20, 15336, 15796, 17636, 108277, 2700, 2700, 2966),
      ('51536e4f-2f88-5530-85f1-cccf12688290', '70556a9d-bf01-42eb-b882-b5938fff7023', 'Lago di Garda Loop', 'MANUAL', '2018-12-28 12:37:08+00', 2018, 12, 28, 4842, 4987, 5568, 38511, 258, 258, 974),
      ('f19eb891-7f62-5a53-9c81-8c72446d57f7', '70556a9d-bf01-42eb-b882-b5938fff7023', 'Elbe Valley Spin', 'MANUAL', '2019-01-19 15:07:55+00', 2019, 1, 19, 7318, 7537, 8415, 52849, 595, 595, 1441),
      ('363b427a-ea7e-5f4e-a63d-355ef24095b9', '70556a9d-bf01-42eb-b882-b5938fff7023', 'Schwarzwald Feldberg', 'MANUAL', '2019-02-03 13:38:07+00', 2019, 2, 3, 19131, 19704, 22000, 145919, 1672, 1672, 3500),
      ('8e87c398-4e4f-541f-a866-f60c30aff536', '70556a9d-bf01-42eb-b882-b5938fff7023', 'Chiemgau Rounds', 'MANUAL', '2019-02-04 10:28:59+00', 2019, 2, 4, 16912, 17419, 19448, 132108, 1845, 1845, 3860),
      ('fc3e2a45-9b05-5225-983e-c34ade4f4dd0', '70556a9d-bf01-42eb-b882-b5938fff7023', 'Mont Ventoux', 'MANUAL', '2019-02-06 10:52:21+00', 2019, 2, 6, 15260, 15717, 17549, 111241, 2076, 2076, 3527),
      ('1895ca49-27be-5381-a40d-7237408d8ac5', '70556a9d-bf01-42eb-b882-b5938fff7023', 'Passo dello Stelvio', 'MANUAL', '2019-02-10 12:09:31+00', 2019, 2, 10, 17431, 17953, 20045, 130347, 2329, 2329, 3622),
      ('fc94aede-9f85-5a07-8a46-bfc678ac063e', '70556a9d-bf01-42eb-b882-b5938fff7023', 'Passo del Mortirolo', 'MANUAL', '2019-02-17 12:05:35+00', 2019, 2, 17, 8500, 8755, 9775, 70087, 1413, 1413, 1563),
      ('bfa62e56-fb64-5438-b224-bde458d6746a', '70556a9d-bf01-42eb-b882-b5938fff7023', 'Tegernsee Loop', 'MANUAL', '2019-02-25 14:41:57+00', 2019, 2, 25, 19686, 20276, 22638, 159210, 813, 813, 3848),
      ('d189c37c-23d5-5473-a5ff-26ef8ebcc611', '70556a9d-bf01-42eb-b882-b5938fff7023', 'Taunus Classic', 'MANUAL', '2019-03-23 11:15:54+00', 2019, 3, 23, 9989, 10288, 11487, 68069, 1463, 1463, 2361),
      ('eca0c204-1124-592c-9756-2d04d69d8d80', '70556a9d-bf01-42eb-b882-b5938fff7023', 'Ballon d''Alsace', 'MANUAL', '2019-04-16 14:03:18+00', 2019, 4, 16, 14886, 15332, 17118, 95876, 616, 616, 2645),
      ('190a2be1-a7d2-543b-a2fc-90e55e35c762', '70556a9d-bf01-42eb-b882-b5938fff7023', 'Elbe Valley Spin', 'MANUAL', '2019-04-25 11:36:26+00', 2019, 4, 25, 15095, 15547, 17359, 111118, 1951, 1951, 3513),
      ('ee23e351-843d-598d-a958-a7a981c9e254', '70556a9d-bf01-42eb-b882-b5938fff7023', 'Bodensee Circuit', 'MANUAL', '2019-05-01 11:29:56+00', 2019, 5, 1, 13547, 13953, 15579, 110473, 1882, 1882, 3006),
      ('30a8796c-e7b8-58b2-b9e3-98e130e74cc7', '70556a9d-bf01-42eb-b882-b5938fff7023', 'Col d''Izoard', 'MANUAL', '2019-05-20 16:42:47+00', 2019, 5, 20, 12880, 13266, 14811, 98669, 2462, 2462, 2635),
      ('b332d17b-24a3-5776-a071-e94c4b57c72a', '70556a9d-bf01-42eb-b882-b5938fff7023', 'Sella Ronda', 'MANUAL', '2019-05-27 12:05:39+00', 2019, 5, 27, 14009, 14429, 16110, 105326, 1737, 1737, 2836),
      ('16c26669-8ca2-56d8-b69b-6b4636d6f348', '70556a9d-bf01-42eb-b882-b5938fff7023', 'Tegernsee Loop', 'MANUAL', '2019-06-08 12:18:15+00', 2019, 6, 8, 18085, 18627, 20797, 141333, 1003, 1003, 3235),
      ('4e3acc04-f8b3-542c-b694-25d73f1c5858', '70556a9d-bf01-42eb-b882-b5938fff7023', 'Bodensee Circuit', 'MANUAL', '2019-07-28 16:19:37+00', 2019, 7, 28, 11765, 12117, 13529, 86579, 1216, 1216, 2245),
      ('1d2d0d0b-0e85-58cf-977c-7948b8d458e2', '70556a9d-bf01-42eb-b882-b5938fff7023', 'Sa Calobra', 'MANUAL', '2019-08-18 07:45:44+00', 2019, 8, 18, 19376, 19957, 22282, 148447, 2696, 2696, 3877),
      ('6f51cd25-f7a2-5726-ab32-b8a6932fa683', '70556a9d-bf01-42eb-b882-b5938fff7023', 'Danube Valley Stage', 'MANUAL', '2019-08-24 14:52:28+00', 2019, 8, 24, 5054, 5205, 5812, 39304, 859, 859, 1076),
      ('fdfbcfd0-eafc-5951-ae0c-dd748bc35cd9', '70556a9d-bf01-42eb-b882-b5938fff7023', 'Mont Ventoux', 'MANUAL', '2019-11-23 15:24:44+00', 2019, 11, 23, 5957, 6135, 6850, 45833, 598, 598, 1017),
      ('f8f98b76-31f9-5b35-b6a7-c7a9da78eec6', '70556a9d-bf01-42eb-b882-b5938fff7023', 'Grossglockner Hochalpenstrasse', 'MANUAL', '2019-11-25 15:01:00+00', 2019, 11, 25, 12908, 13295, 14844, 104487, 1015, 1015, 2798),
      ('0338ad37-6cba-5742-a650-5bc9964a65f5', '70556a9d-bf01-42eb-b882-b5938fff7023', 'Harz Brocken Round', 'MANUAL', '2019-12-07 09:46:09+00', 2019, 12, 7, 5495, 5659, 6319, 40297, 994, 994, 1181),
      ('b8c8aa3e-7f42-56d4-bdea-c2caee75b809', '70556a9d-bf01-42eb-b882-b5938fff7023', 'Bodensee Circuit', 'MANUAL', '2020-01-19 11:00:33+00', 2020, 1, 19, 16620, 17118, 19113, 119465, 2534, 2534, 3573),
      ('1b65c22e-211f-51fe-84ed-1726178ad4c5', '70556a9d-bf01-42eb-b882-b5938fff7023', 'Sa Calobra', 'MANUAL', '2020-03-05 16:28:21+00', 2020, 3, 5, 7848, 8083, 9025, 57795, 466, 466, 1571),
      ('2c25b228-6c3f-57e3-a09e-7687d129736d', '70556a9d-bf01-42eb-b882-b5938fff7023', 'Passo Giau', 'MANUAL', '2020-03-07 08:18:53+00', 2020, 3, 7, 12154, 12518, 13977, 89156, 475, 475, 2072),
      ('7a514ab8-b6e5-5580-90d1-1f3bd6a4172e', '70556a9d-bf01-42eb-b882-b5938fff7023', 'Col du Galibier', 'MANUAL', '2020-05-03 15:18:57+00', 2020, 5, 3, 8734, 8996, 10044, 67773, 514, 514, 2108),
      ('ca8310be-6f54-54bf-b31f-fc1d7cf35d4c', '70556a9d-bf01-42eb-b882-b5938fff7023', 'Transfagarasan', 'MANUAL', '2020-05-07 08:07:46+00', 2020, 5, 7, 13958, 14376, 16051, 105705, 1781, 1781, 2876),
      ('d7a55850-03bc-5453-899e-990f30e8ed81', '70556a9d-bf01-42eb-b882-b5938fff7023', 'Ballon d''Alsace', 'MANUAL', '2020-06-01 15:25:11+00', 2020, 6, 1, 7652, 7881, 8799, 48899, 773, 773, 1320),
      ('4cbe5bd2-1f34-5bb1-8d96-171f21126721', '70556a9d-bf01-42eb-b882-b5938fff7023', 'Kaiserstuhl Loop', 'MANUAL', '2020-06-16 12:37:58+00', 2020, 6, 16, 15414, 15876, 17726, 132329, 1429, 1429, 3524),
      ('448f51f8-f185-5e22-bd5e-e0ca1a654b0a', '70556a9d-bf01-42eb-b882-b5938fff7023', 'Mallorca Orient Valley', 'MANUAL', '2020-06-26 09:40:28+00', 2020, 6, 26, 12263, 12630, 14102, 96362, 649, 649, 2897),
      ('842ec59a-5867-52da-a5f6-9407dbfb8cf4', '70556a9d-bf01-42eb-b882-b5938fff7023', 'Chiemgau Rounds', 'MANUAL', '2020-07-04 08:29:03+00', 2020, 7, 4, 7104, 7317, 8169, 53181, 637, 637, 1528),
      ('608e09e7-e091-5f95-af75-dc3b63564b4e', '70556a9d-bf01-42eb-b882-b5938fff7023', 'Monte Zoncolan', 'MANUAL', '2020-08-13 08:44:18+00', 2020, 8, 13, 5033, 5183, 5787, 42307, 723, 723, 1077),
      ('5dcfd100-7593-54d1-a85e-ac486fb09861', '70556a9d-bf01-42eb-b882-b5938fff7023', 'Harz Brocken Round', 'MANUAL', '2020-09-05 15:09:16+00', 2020, 9, 5, 23442, 24145, 26958, 156766, 3466, 3466, 4882),
      ('2c933498-97c9-5235-a7ad-359b1331f5f0', '70556a9d-bf01-42eb-b882-b5938fff7023', 'Passo dello Stelvio', 'MANUAL', '2020-09-07 09:10:16+00', 2020, 9, 7, 4155, 4279, 4778, 31687, 276, 276, 1019),
      ('81165b07-11c8-5784-bc62-e246039cae1b', '70556a9d-bf01-42eb-b882-b5938fff7023', 'Tegernsee Loop', 'MANUAL', '2020-09-17 07:05:28+00', 2020, 9, 17, 5915, 6092, 6802, 37879, 496, 496, 1205),
      ('b0b5c8a0-16e6-5162-b1e0-a7ddd0fc965f', '70556a9d-bf01-42eb-b882-b5938fff7023', 'Monte Zoncolan', 'MANUAL', '2020-09-20 11:14:55+00', 2020, 9, 20, 6235, 6422, 7170, 42504, 439, 439, 1479),
      ('bf98e841-26ad-512e-87b7-d01558ffb864', '70556a9d-bf01-42eb-b882-b5938fff7023', 'Mont Ventoux', 'MANUAL', '2020-10-04 09:12:44+00', 2020, 10, 4, 12228, 12594, 14062, 99470, 1831, 1831, 2930),
      ('40ab25d7-32de-573c-aad1-7561d0c50868', '70556a9d-bf01-42eb-b882-b5938fff7023', 'Passo Giau', 'MANUAL', '2020-10-05 13:18:25+00', 2020, 10, 5, 9801, 10095, 11271, 80357, 1466, 1466, 2377),
      ('28147e03-eb3c-56e5-b4c1-bd5326583064', '70556a9d-bf01-42eb-b882-b5938fff7023', 'Bodensee Circuit', 'MANUAL', '2020-11-15 14:16:10+00', 2020, 11, 15, 4982, 5131, 5729, 41934, 382, 382, 1142),
      ('bffb2d06-1b79-558e-9292-53661ca0d613', '70556a9d-bf01-42eb-b882-b5938fff7023', 'Sella Ronda', 'MANUAL', '2020-12-17 12:00:24+00', 2020, 12, 17, 16176, 16661, 18602, 113497, 597, 597, 3600),
      ('d7fd806b-8400-5bc3-a305-740932e4747a', '70556a9d-bf01-42eb-b882-b5938fff7023', 'Passo Gavia', 'MANUAL', '2020-12-24 15:29:28+00', 2020, 12, 24, 20684, 21304, 23786, 153533, 3499, 3499, 4898),
      ('f73a4cff-6522-59e5-9bc7-721c4132e58a', '70556a9d-bf01-42eb-b882-b5938fff7023', 'Monte Zoncolan', 'MANUAL', '2020-12-26 11:39:52+00', 2020, 12, 26, 18528, 19083, 21307, 153333, 1685, 1685, 4421),
      ('b537c571-4a9c-5e13-95ba-dbc12651d28f', '99a133db-4f9b-4a5b-b6f9-8a5ec96d9db7', 'Frankfurt City TT', 'MANUAL', '2011-05-04 15:06:14+00', 2011, 5, 4, 4966, 5114, 5710, 44469, 203, 203, 1108),
      ('8c6b42fb-3590-5774-b8c4-54a7be781448', '99a133db-4f9b-4a5b-b6f9-8a5ec96d9db7', 'Kaiserslautern Duathlon TT', 'MANUAL', '2011-05-12 07:39:54+00', 2011, 5, 12, 1653, 1702, 1900, 18294, 37, 37, 425),
      ('f5a3aad7-5e95-5226-a2ec-11f83e44afb7', '99a133db-4f9b-4a5b-b6f9-8a5ec96d9db7', 'Club Evening TT', 'MANUAL', '2011-05-24 09:16:45+00', 2011, 5, 24, 2274, 2342, 2615, 21337, 81, 81, 604),
      ('56d79525-56df-5a9f-973d-2e20d6ee33b2', '99a133db-4f9b-4a5b-b6f9-8a5ec96d9db7', 'Club Evening TT', 'MANUAL', '2011-06-03 15:03:59+00', 2011, 6, 3, 3761, 3873, 4325, 38288, 78, 78, 1031),
      ('87a3bcce-bfbb-53fb-a283-723f49abb6ec', '99a133db-4f9b-4a5b-b6f9-8a5ec96d9db7', 'Kraichgau TT', 'MANUAL', '2011-06-04 16:31:39+00', 2011, 6, 4, 4239, 4366, 4874, 44319, 91, 91, 1241),
      ('6ef06deb-469b-502f-a153-4fa831908f97', '99a133db-4f9b-4a5b-b6f9-8a5ec96d9db7', 'Club Evening TT', 'MANUAL', '2011-06-12 16:12:49+00', 2011, 6, 12, 2858, 2943, 3286, 27345, 73, 73, 844),
      ('caeb7387-fbc5-56de-b54b-38c95325b6de', '99a133db-4f9b-4a5b-b6f9-8a5ec96d9db7', 'Kaiserslautern Duathlon TT', 'MANUAL', '2011-06-25 11:56:20+00', 2011, 6, 25, 2199, 2264, 2528, 23929, 115, 115, 590),
      ('fc09a9ae-0cc7-5f3a-b596-65b9a2d60c58', '99a133db-4f9b-4a5b-b6f9-8a5ec96d9db7', 'Kaiserslautern Duathlon TT', 'MANUAL', '2011-06-26 15:21:04+00', 2011, 6, 26, 4903, 5050, 5638, 45944, 212, 212, 1434),
      ('f7115d76-eb74-5a79-871b-fd15809cb5e9', '99a133db-4f9b-4a5b-b6f9-8a5ec96d9db7', 'Rhine Flats TT', 'MANUAL', '2011-06-28 11:58:19+00', 2011, 6, 28, 2780, 2863, 3196, 25187, 29, 29, 726),
      ('20f05fea-88db-554d-9c26-3d8fd04d9b18', '99a133db-4f9b-4a5b-b6f9-8a5ec96d9db7', 'Rhine Flats TT', 'MANUAL', '2011-07-05 08:08:19+00', 2011, 7, 5, 5099, 5251, 5863, 52283, 103, 103, 1195),
      ('8775b374-c219-5672-b458-0e8e3e29f728', '99a133db-4f9b-4a5b-b6f9-8a5ec96d9db7', 'Rhine Flats TT', 'MANUAL', '2011-07-12 15:06:59+00', 2011, 7, 12, 3305, 3404, 3800, 33278, 145, 145, 901),
      ('fcd60dd0-ea7f-52e9-afb6-ea268026839d', '99a133db-4f9b-4a5b-b6f9-8a5ec96d9db7', 'Rhine Flats TT', 'MANUAL', '2011-07-14 09:08:21+00', 2011, 7, 14, 2137, 2201, 2457, 23741, 109, 109, 532),
      ('1b71c4e3-1fa3-59e0-b82e-624d4854e6bd', '99a133db-4f9b-4a5b-b6f9-8a5ec96d9db7', 'Rhine Flats TT', 'MANUAL', '2011-07-15 07:09:38+00', 2011, 7, 15, 4245, 4372, 4881, 38214, 132, 132, 1180),
      ('36be3c13-2576-5822-818f-d27ea504d236', '99a133db-4f9b-4a5b-b6f9-8a5ec96d9db7', 'Rhine Flats TT', 'MANUAL', '2011-07-22 15:32:23+00', 2011, 7, 22, 3914, 4031, 4501, 44395, 85, 85, 1025),
      ('9efec506-bd80-5c19-8ffa-02344fc3b12c', '99a133db-4f9b-4a5b-b6f9-8a5ec96d9db7', 'Rhine Flats TT', 'MANUAL', '2011-07-28 10:56:45+00', 2011, 7, 28, 3737, 3849, 4297, 38235, 164, 164, 848),
      ('c1983911-38f0-5e08-b439-915dbc0f90e5', '99a133db-4f9b-4a5b-b6f9-8a5ec96d9db7', 'Rhine Flats TT', 'MANUAL', '2011-08-02 12:30:32+00', 2011, 8, 2, 1839, 1894, 2114, 21102, 100, 100, 499),
      ('bf620b5f-3e80-52c0-b523-29cc46e907ec', '99a133db-4f9b-4a5b-b6f9-8a5ec96d9db7', 'Rhine Flats TT', 'MANUAL', '2011-08-17 09:15:48+00', 2011, 8, 17, 2367, 2438, 2722, 26272, 131, 131, 638),
      ('0e6d60e0-542b-5c83-ac47-d9ea5ebce61c', '99a133db-4f9b-4a5b-b6f9-8a5ec96d9db7', 'Frankfurt City TT', 'MANUAL', '2011-08-20 11:03:46+00', 2011, 8, 20, 3789, 3902, 4357, 35953, 148, 148, 1059),
      ('f9d545aa-61fe-5f00-b3a2-5d871705a17c', '99a133db-4f9b-4a5b-b6f9-8a5ec96d9db7', 'Kraichgau TT', 'MANUAL', '2011-09-18 12:43:01+00', 2011, 9, 18, 3047, 3138, 3504, 32718, 51, 51, 875),
      ('2a3c051b-e8cd-55a6-bcc1-2dbd13350046', '99a133db-4f9b-4a5b-b6f9-8a5ec96d9db7', 'Heidelberg Airfield TT', 'MANUAL', '2011-09-27 12:07:31+00', 2011, 9, 27, 5373, 5534, 6178, 53106, 61, 61, 1289),
      ('0b8b2ecb-3ec0-5243-b7b5-04bf8260e031', '99a133db-4f9b-4a5b-b6f9-8a5ec96d9db7', 'Roth Challenge TT', 'MANUAL', '2012-05-12 16:42:15+00', 2012, 5, 12, 3061, 3152, 3520, 30268, 125, 125, 790),
      ('61dcf0e3-ad70-55a2-89b5-3c934c2b4a91', '99a133db-4f9b-4a5b-b6f9-8a5ec96d9db7', 'Kaiserslautern Duathlon TT', 'MANUAL', '2012-05-16 12:05:08+00', 2012, 5, 16, 1760, 1812, 2023, 18185, 44, 44, 487),
      ('0c3beda2-8da5-5f82-94bc-b77024f867f6', '99a133db-4f9b-4a5b-b6f9-8a5ec96d9db7', 'Frankfurt City TT', 'MANUAL', '2012-05-18 15:19:20+00', 2012, 5, 18, 2601, 2679, 2991, 28333, 138, 138, 766),
      ('ae140dd3-64ab-5680-b387-d7189d257dc5', '99a133db-4f9b-4a5b-b6f9-8a5ec96d9db7', 'Kraichgau TT', 'MANUAL', '2012-05-24 12:40:45+00', 2012, 5, 24, 4880, 5026, 5612, 46244, 134, 134, 1435),
      ('c8c13a80-4d96-5667-a133-959bfa65f307', '99a133db-4f9b-4a5b-b6f9-8a5ec96d9db7', 'Rhine Flats TT', 'MANUAL', '2012-06-24 09:03:22+00', 2012, 6, 24, 6126, 6309, 7044, 53952, 58, 58, 1822),
      ('57e4db57-9ee2-5168-ad7c-cc4901cefe05', '99a133db-4f9b-4a5b-b6f9-8a5ec96d9db7', 'Roth Challenge TT', 'MANUAL', '2012-07-23 10:50:11+00', 2012, 7, 23, 2602, 2680, 2992, 23289, 32, 32, 677),
      ('7530cd02-4b7f-5214-9d4c-27ac793c0eac', '99a133db-4f9b-4a5b-b6f9-8a5ec96d9db7', 'Roth Challenge TT', 'MANUAL', '2012-07-25 13:20:10+00', 2012, 7, 25, 2876, 2962, 3307, 26350, 79, 79, 807),
      ('deda2946-e6c1-5bde-9bad-9c1099352a5d', '99a133db-4f9b-4a5b-b6f9-8a5ec96d9db7', 'Kraichgau TT', 'MANUAL', '2012-07-26 15:10:38+00', 2012, 7, 26, 4907, 5054, 5643, 43003, 199, 199, 1456),
      ('e73f005e-288b-5da0-86b4-feaaccd7f9ae', '99a133db-4f9b-4a5b-b6f9-8a5ec96d9db7', 'Club Evening TT', 'MANUAL', '2012-08-01 15:38:55+00', 2012, 8, 1, 5304, 5463, 6099, 53279, 248, 248, 1340),
      ('931782ec-280c-5c1e-a6ac-ebcde8406b79', '99a133db-4f9b-4a5b-b6f9-8a5ec96d9db7', 'Roth Challenge TT', 'MANUAL', '2012-08-02 09:23:17+00', 2012, 8, 2, 1980, 2039, 2277, 21400, 48, 48, 586),
      ('6589412c-f8ba-5701-a032-29597baee8f4', '99a133db-4f9b-4a5b-b6f9-8a5ec96d9db7', 'Club Evening TT', 'MANUAL', '2012-08-08 16:09:25+00', 2012, 8, 8, 5298, 5456, 6092, 48236, 59, 59, 1379),
      ('940e58c3-1e5c-58d7-8c69-1e70c082d9c9', '99a133db-4f9b-4a5b-b6f9-8a5ec96d9db7', 'Club Evening TT', 'MANUAL', '2012-08-14 15:18:20+00', 2012, 8, 14, 4205, 4331, 4835, 44006, 208, 208, 1193),
      ('b8b71250-886c-559a-aa57-41d451a0c51c', '99a133db-4f9b-4a5b-b6f9-8a5ec96d9db7', 'Kaiserslautern Duathlon TT', 'MANUAL', '2012-08-20 09:21:09+00', 2012, 8, 20, 4904, 5051, 5639, 48200, 103, 103, 1250),
      ('4c3cfc34-aa8e-5593-9095-7a3bea7cc38c', '99a133db-4f9b-4a5b-b6f9-8a5ec96d9db7', 'Kaiserslautern Duathlon TT', 'MANUAL', '2012-08-27 12:24:15+00', 2012, 8, 27, 1958, 2016, 2251, 21777, 29, 29, 465),
      ('873f0713-c535-5615-bed2-85f7664ecd85', '99a133db-4f9b-4a5b-b6f9-8a5ec96d9db7', 'Heidelberg Airfield TT', 'MANUAL', '2012-09-05 07:15:58+00', 2012, 9, 5, 3001, 3091, 3451, 33788, 36, 36, 872),
      ('a9f59883-5a0b-5f1d-84de-99274b2a91a5', '99a133db-4f9b-4a5b-b6f9-8a5ec96d9db7', 'Roth Challenge TT', 'MANUAL', '2012-09-07 11:36:48+00', 2012, 9, 7, 4047, 4168, 4654, 41529, 159, 159, 923),
      ('101b7d1d-555c-58ec-94ec-0f188dbc32c8', '99a133db-4f9b-4a5b-b6f9-8a5ec96d9db7', 'Roth Challenge TT', 'MANUAL', '2012-09-12 10:32:24+00', 2012, 9, 12, 2018, 2078, 2320, 22661, 48, 48, 579),
      ('69ff9a6d-5c9d-59ba-93a3-84fef0d9e6b7', '99a133db-4f9b-4a5b-b6f9-8a5ec96d9db7', 'Rhine Flats TT', 'MANUAL', '2012-09-15 12:18:01+00', 2012, 9, 15, 3898, 4014, 4482, 36008, 99, 99, 916),
      ('afa60794-88e1-580b-9582-0cd330fbb907', '99a133db-4f9b-4a5b-b6f9-8a5ec96d9db7', 'Kaiserslautern Duathlon TT', 'MANUAL', '2012-09-16 14:51:57+00', 2012, 9, 16, 2344, 2414, 2695, 23112, 28, 28, 542),
      ('b14def4b-d819-540c-bf2d-4a7792fa5d16', '99a133db-4f9b-4a5b-b6f9-8a5ec96d9db7', 'Rhine Flats TT', 'MANUAL', '2012-09-22 09:21:49+00', 2012, 9, 22, 2731, 2812, 3140, 30412, 63, 63, 666),
      ('19452aac-ce0d-5f27-a7bd-0d1147de1a55', '99a133db-4f9b-4a5b-b6f9-8a5ec96d9db7', 'Kaiserslautern Duathlon TT', 'MANUAL', '2013-05-03 13:10:20+00', 2013, 5, 3, 3490, 3594, 4013, 32061, 107, 107, 882),
      ('f5fa3c19-3221-53ac-9acf-1386ae46a8df', '99a133db-4f9b-4a5b-b6f9-8a5ec96d9db7', 'Kaiserslautern Duathlon TT', 'MANUAL', '2013-05-19 07:47:02+00', 2013, 5, 19, 5747, 5919, 6609, 51222, 54, 54, 1421),
      ('5e3755c2-e7a3-56b5-a335-0f284314137c', '99a133db-4f9b-4a5b-b6f9-8a5ec96d9db7', 'Rhine Flats TT', 'MANUAL', '2013-05-23 15:51:19+00', 2013, 5, 23, 4115, 4238, 4732, 42032, 96, 96, 1174),
      ('ee0501b9-59ef-5b40-875d-9fa8cdf3b559', '99a133db-4f9b-4a5b-b6f9-8a5ec96d9db7', 'Kraichgau TT', 'MANUAL', '2013-05-28 16:59:20+00', 2013, 5, 28, 3745, 3857, 4306, 39362, 72, 72, 1034),
      ('85f7cab6-1653-5b55-a618-d75cbabf2675', '99a133db-4f9b-4a5b-b6f9-8a5ec96d9db7', 'Roth Challenge TT', 'MANUAL', '2013-06-01 10:34:50+00', 2013, 6, 1, 2956, 3044, 3399, 27352, 122, 122, 662),
      ('21761c9b-f1f0-5427-92a5-dff4ce7e7813', '99a133db-4f9b-4a5b-b6f9-8a5ec96d9db7', 'Kaiserslautern Duathlon TT', 'MANUAL', '2013-06-08 12:33:16+00', 2013, 6, 8, 3931, 4048, 4520, 38438, 74, 74, 922),
      ('8f291bfa-a2dd-53e8-909d-688411f14096', '99a133db-4f9b-4a5b-b6f9-8a5ec96d9db7', 'Kraichgau TT', 'MANUAL', '2013-06-12 13:19:40+00', 2013, 6, 12, 2901, 2988, 3336, 32205, 139, 139, 732),
      ('cee26c99-5485-5120-9102-f6a0136df50d', '99a133db-4f9b-4a5b-b6f9-8a5ec96d9db7', 'Kaiserslautern Duathlon TT', 'MANUAL', '2013-06-24 09:54:30+00', 2013, 6, 24, 2292, 2360, 2635, 23731, 79, 79, 518),
      ('01cbfc1b-94b5-5936-9902-30cadc4cf463', '99a133db-4f9b-4a5b-b6f9-8a5ec96d9db7', 'Kaiserslautern Duathlon TT', 'MANUAL', '2013-06-26 13:53:35+00', 2013, 6, 26, 5196, 5351, 5975, 49216, 115, 115, 1377),
      ('0573a3e6-5e3c-595a-bcff-359f7438d919', '99a133db-4f9b-4a5b-b6f9-8a5ec96d9db7', 'Rhine Flats TT', 'MANUAL', '2013-07-01 13:26:44+00', 2013, 7, 1, 2777, 2860, 3193, 30354, 41, 41, 801),
      ('2a9de5d3-afd8-5f38-8986-8e4ea784f73b', '99a133db-4f9b-4a5b-b6f9-8a5ec96d9db7', 'Heidelberg Airfield TT', 'MANUAL', '2013-07-05 08:34:55+00', 2013, 7, 5, 3910, 4027, 4496, 40369, 80, 80, 1111),
      ('e85593da-e39e-5573-8b80-26de6821124e', '99a133db-4f9b-4a5b-b6f9-8a5ec96d9db7', 'Roth Challenge TT', 'MANUAL', '2013-07-28 09:26:19+00', 2013, 7, 28, 1859, 1914, 2137, 19498, 56, 56, 493),
      ('c7452952-c067-5940-999a-6a6345b29735', '99a133db-4f9b-4a5b-b6f9-8a5ec96d9db7', 'Kaiserslautern Duathlon TT', 'MANUAL', '2013-08-02 08:37:13+00', 2013, 8, 2, 1756, 1808, 2019, 19429, 71, 71, 440),
      ('2b171b35-1b98-5a95-bbc3-36bcf9f82d6b', '99a133db-4f9b-4a5b-b6f9-8a5ec96d9db7', 'Heidelberg Airfield TT', 'MANUAL', '2013-08-05 12:56:58+00', 2013, 8, 5, 4155, 4279, 4778, 38991, 69, 69, 1048),
      ('f67d8bb8-930d-5fed-8632-78eed2db1a88', '99a133db-4f9b-4a5b-b6f9-8a5ec96d9db7', 'Club Evening TT', 'MANUAL', '2013-08-14 11:13:27+00', 2013, 8, 14, 3058, 3149, 3516, 27548, 101, 101, 715),
      ('cdec28bd-88eb-598f-851e-8381dbf0b717', '99a133db-4f9b-4a5b-b6f9-8a5ec96d9db7', 'Club Evening TT', 'MANUAL', '2013-08-22 13:44:03+00', 2013, 8, 22, 4859, 5004, 5587, 54768, 135, 135, 1328),
      ('7ee30def-cd3e-5c2c-b5c9-26237a9bce51', '99a133db-4f9b-4a5b-b6f9-8a5ec96d9db7', 'Club Evening TT', 'MANUAL', '2013-09-09 13:04:12+00', 2013, 9, 9, 4885, 5031, 5617, 51235, 145, 145, 1265),
      ('839a5f49-8c5c-5dcb-983c-df7f803f804c', '99a133db-4f9b-4a5b-b6f9-8a5ec96d9db7', 'Club Evening TT', 'MANUAL', '2013-09-12 16:12:44+00', 2013, 9, 12, 4837, 4982, 5562, 48420, 193, 193, 1142),
      ('b6dc0aa0-b9b9-5b3d-b6a1-d9b92ee4ef04', '99a133db-4f9b-4a5b-b6f9-8a5ec96d9db7', 'Club Evening TT', 'MANUAL', '2013-09-26 08:20:17+00', 2013, 9, 26, 5182, 5337, 5959, 50606, 192, 192, 1176),
      ('fc6d3365-b38e-5ca0-9204-a270554cdd61', '99a133db-4f9b-4a5b-b6f9-8a5ec96d9db7', 'Heidelberg Airfield TT', 'MANUAL', '2013-09-27 12:04:17+00', 2013, 9, 27, 3143, 3237, 3614, 29466, 55, 55, 919),
      ('132330a3-d618-59c0-9b5b-b646c4dacefd', '99a133db-4f9b-4a5b-b6f9-8a5ec96d9db7', 'Roth Challenge TT', 'MANUAL', '2014-05-02 11:57:32+00', 2014, 5, 2, 4700, 4841, 5405, 42006, 86, 86, 1198),
      ('8b939923-459a-5d26-a7a9-ba2e7cfb2559', '99a133db-4f9b-4a5b-b6f9-8a5ec96d9db7', 'Kraichgau TT', 'MANUAL', '2014-05-11 16:16:18+00', 2014, 5, 11, 2022, 2082, 2325, 18851, 89, 89, 467),
      ('267cddf9-c628-5675-8955-975d57d4b6ac', '99a133db-4f9b-4a5b-b6f9-8a5ec96d9db7', 'Heidelberg Airfield TT', 'MANUAL', '2014-05-13 12:53:01+00', 2014, 5, 13, 4945, 5093, 5686, 49208, 147, 147, 1157),
      ('e7ac706b-3a40-5435-be02-d9e33f5ac1f4', '99a133db-4f9b-4a5b-b6f9-8a5ec96d9db7', 'Kraichgau TT', 'MANUAL', '2014-05-16 15:01:53+00', 2014, 5, 16, 3163, 3257, 3637, 32951, 105, 105, 945),
      ('104aa74c-d309-5d06-b17d-d15441930ad5', '99a133db-4f9b-4a5b-b6f9-8a5ec96d9db7', 'Kraichgau TT', 'MANUAL', '2014-05-24 10:56:38+00', 2014, 5, 24, 4977, 5126, 5723, 45114, 225, 225, 1472),
      ('524be2ba-698b-5f7f-9ee9-2b96bd673f50', '99a133db-4f9b-4a5b-b6f9-8a5ec96d9db7', 'Kaiserslautern Duathlon TT', 'MANUAL', '2014-05-28 08:51:55+00', 2014, 5, 28, 3481, 3585, 4003, 33491, 34, 34, 789),
      ('585a6202-f2a2-5bcb-9519-58db1cf1b5bd', '99a133db-4f9b-4a5b-b6f9-8a5ec96d9db7', 'Club Evening TT', 'MANUAL', '2014-06-06 08:00:47+00', 2014, 6, 6, 2961, 3049, 3405, 33572, 132, 132, 811),
      ('c0dfaa20-ea54-55fe-b04b-71c196c461c5', '99a133db-4f9b-4a5b-b6f9-8a5ec96d9db7', 'Rhine Flats TT', 'MANUAL', '2014-06-11 14:38:23+00', 2014, 6, 11, 2534, 2610, 2914, 28078, 119, 119, 589),
      ('04959496-39b2-50dd-a460-b9f7e3f561ce', '99a133db-4f9b-4a5b-b6f9-8a5ec96d9db7', 'Heidelberg Airfield TT', 'MANUAL', '2014-06-15 08:03:19+00', 2014, 6, 15, 5059, 5210, 5817, 43594, 190, 190, 1507),
      ('9e463895-d303-5fdb-9e95-884777c97c1d', '99a133db-4f9b-4a5b-b6f9-8a5ec96d9db7', 'Roth Challenge TT', 'MANUAL', '2014-06-21 10:49:51+00', 2014, 6, 21, 2490, 2564, 2863, 22529, 103, 103, 683),
      ('6f8017f2-4059-56be-850a-e0a282bd3fc9', '99a133db-4f9b-4a5b-b6f9-8a5ec96d9db7', 'Club Evening TT', 'MANUAL', '2014-07-09 07:19:36+00', 2014, 7, 9, 2043, 2104, 2349, 18657, 21, 21, 555),
      ('f9a49345-4ee1-54de-888a-dd79317e34ad', '99a133db-4f9b-4a5b-b6f9-8a5ec96d9db7', 'Kraichgau TT', 'MANUAL', '2014-07-21 16:59:47+00', 2014, 7, 21, 5933, 6110, 6822, 50595, 245, 245, 1440),
      ('5e293c2a-6b59-52e0-8672-3cc1a5307b8a', '99a133db-4f9b-4a5b-b6f9-8a5ec96d9db7', 'Frankfurt City TT', 'MANUAL', '2014-07-22 16:27:10+00', 2014, 7, 22, 5253, 5410, 6040, 52794, 53, 53, 1190),
      ('21bfb8ab-65b2-5173-bb5b-2844c9c4a5e0', '99a133db-4f9b-4a5b-b6f9-8a5ec96d9db7', 'Kraichgau TT', 'MANUAL', '2014-08-18 12:04:02+00', 2014, 8, 18, 3106, 3199, 3571, 28138, 51, 51, 771),
      ('75950b98-6bf4-594d-8e52-bd1d3195507d', '99a133db-4f9b-4a5b-b6f9-8a5ec96d9db7', 'Heidelberg Airfield TT', 'MANUAL', '2014-08-23 09:54:14+00', 2014, 8, 23, 3081, 3173, 3543, 31963, 131, 131, 818),
      ('6c54d40f-679f-5c4b-a910-5a4f970abc40', '99a133db-4f9b-4a5b-b6f9-8a5ec96d9db7', 'Heidelberg Airfield TT', 'MANUAL', '2014-08-28 16:52:42+00', 2014, 8, 28, 2053, 2114, 2360, 21479, 84, 84, 589),
      ('aced23ab-2628-56c8-ade2-6f1eb8b56318', '99a133db-4f9b-4a5b-b6f9-8a5ec96d9db7', 'Kraichgau TT', 'MANUAL', '2014-09-03 12:39:49+00', 2014, 9, 3, 5218, 5374, 6000, 52735, 147, 147, 1149),
      ('84ac284f-9e4e-58ed-84ad-c6c1bf6c8ddb', '99a133db-4f9b-4a5b-b6f9-8a5ec96d9db7', 'Club Evening TT', 'MANUAL', '2014-09-05 10:04:23+00', 2014, 9, 5, 4620, 4758, 5313, 50656, 84, 84, 1358),
      ('bf793a82-541e-5052-86fc-c59e4f1c0e41', '99a133db-4f9b-4a5b-b6f9-8a5ec96d9db7', 'Rhine Flats TT', 'MANUAL', '2014-09-12 16:43:51+00', 2014, 9, 12, 3739, 3851, 4299, 41527, 128, 128, 1071),
      ('2bf0168c-3a0d-586e-b062-90cb23d2efe4', '99a133db-4f9b-4a5b-b6f9-8a5ec96d9db7', 'Club Evening TT', 'MANUAL', '2014-09-21 15:22:23+00', 2014, 9, 21, 5640, 5809, 6485, 53857, 90, 90, 1649),
      ('3091fe48-3c06-55ae-9541-b8ef97d32fd2', '99a133db-4f9b-4a5b-b6f9-8a5ec96d9db7', 'Rhine Flats TT', 'MANUAL', '2015-05-05 09:05:02+00', 2015, 5, 5, 4386, 4517, 5043, 39662, 58, 58, 1070),
      ('954ed6b4-99aa-5f06-ab73-ebb969eb85f4', '99a133db-4f9b-4a5b-b6f9-8a5ec96d9db7', 'Roth Challenge TT', 'MANUAL', '2015-05-06 09:50:32+00', 2015, 5, 6, 4346, 4476, 4997, 47101, 142, 142, 1045),
      ('e612c978-f9a8-5f88-a193-00b53c233faa', '99a133db-4f9b-4a5b-b6f9-8a5ec96d9db7', 'Frankfurt City TT', 'MANUAL', '2015-05-12 12:29:06+00', 2015, 5, 12, 3717, 3828, 4274, 33187, 161, 161, 945),
      ('47642fc5-e0fb-5a7d-93b4-a1dbde7dd031', '99a133db-4f9b-4a5b-b6f9-8a5ec96d9db7', 'Roth Challenge TT', 'MANUAL', '2015-05-28 12:26:34+00', 2015, 5, 28, 5133, 5286, 5902, 52438, 162, 162, 1482),
      ('4ddfe0f6-368e-56ed-a35c-ee5cc9d00469', '99a133db-4f9b-4a5b-b6f9-8a5ec96d9db7', 'Frankfurt City TT', 'MANUAL', '2015-06-08 13:51:25+00', 2015, 6, 8, 2703, 2784, 3108, 26693, 120, 120, 679),
      ('5da76933-2057-587d-aa11-afad884c9c4d', '99a133db-4f9b-4a5b-b6f9-8a5ec96d9db7', 'Heidelberg Airfield TT', 'MANUAL', '2015-06-10 14:59:32+00', 2015, 6, 10, 4130, 4253, 4749, 45605, 109, 109, 1017),
      ('cf4e0b8b-8767-5daa-862e-5475bc00af6a', '99a133db-4f9b-4a5b-b6f9-8a5ec96d9db7', 'Club Evening TT', 'MANUAL', '2015-06-11 14:43:37+00', 2015, 6, 11, 3553, 3659, 4085, 34350, 40, 40, 938),
      ('abdd3e6d-9e2d-52c7-bb34-ae3e3cd7d0f7', '99a133db-4f9b-4a5b-b6f9-8a5ec96d9db7', 'Kaiserslautern Duathlon TT', 'MANUAL', '2015-07-16 12:00:19+00', 2015, 7, 16, 5978, 6157, 6874, 51641, 141, 141, 1405),
      ('66328ff9-54e1-56c5-9f57-5e3a9e4dce96', '99a133db-4f9b-4a5b-b6f9-8a5ec96d9db7', 'Rhine Flats TT', 'MANUAL', '2015-07-17 11:40:58+00', 2015, 7, 17, 3629, 3737, 4173, 31614, 135, 135, 1043),
      ('6b5edfe4-0c35-5767-aaa3-c418f6d5541b', '99a133db-4f9b-4a5b-b6f9-8a5ec96d9db7', 'Kaiserslautern Duathlon TT', 'MANUAL', '2015-07-21 08:59:23+00', 2015, 7, 21, 5459, 5622, 6277, 52168, 240, 240, 1447),
      ('342b846e-0ce3-5d5f-be24-2f69c0dec58a', '99a133db-4f9b-4a5b-b6f9-8a5ec96d9db7', 'Frankfurt City TT', 'MANUAL', '2015-07-27 13:01:21+00', 2015, 7, 27, 5634, 5803, 6479, 54432, 120, 120, 1595),
      ('5663ccce-1b76-583d-8735-64a92f81b2db', '99a133db-4f9b-4a5b-b6f9-8a5ec96d9db7', 'Rhine Flats TT', 'MANUAL', '2015-08-06 13:00:55+00', 2015, 8, 6, 6051, 6232, 6958, 51603, 105, 105, 1369),
      ('2e14d4fc-f993-5361-bfd7-287832b8eec8', '99a133db-4f9b-4a5b-b6f9-8a5ec96d9db7', 'Club Evening TT', 'MANUAL', '2015-08-09 09:45:48+00', 2015, 8, 9, 2939, 3027, 3379, 32065, 112, 112, 735),
      ('95ed8851-ed58-517a-9505-51912e223eed', '99a133db-4f9b-4a5b-b6f9-8a5ec96d9db7', 'Rhine Flats TT', 'MANUAL', '2015-08-10 07:34:12+00', 2015, 8, 10, 3923, 4040, 4511, 42317, 154, 154, 951),
      ('41eb47e2-b639-5099-b7c4-358f7448e67b', '99a133db-4f9b-4a5b-b6f9-8a5ec96d9db7', 'Kaiserslautern Duathlon TT', 'MANUAL', '2015-08-12 12:16:56+00', 2015, 8, 12, 2626, 2704, 3019, 25077, 36, 36, 661),
      ('acefff37-cd3f-51e7-a83b-cab71b0fd749', '99a133db-4f9b-4a5b-b6f9-8a5ec96d9db7', 'Roth Challenge TT', 'MANUAL', '2015-08-21 09:09:49+00', 2015, 8, 21, 5040, 5191, 5796, 54247, 142, 142, 1360),
      ('8ed0b034-1ef7-53ef-beb7-cc4d5441b2b6', '99a133db-4f9b-4a5b-b6f9-8a5ec96d9db7', 'Rhine Flats TT', 'MANUAL', '2015-09-01 10:07:43+00', 2015, 9, 1, 2996, 3085, 3445, 32139, 144, 144, 883),
      ('b6b9c3fc-eb09-5b56-9b89-e466f4157c43', '99a133db-4f9b-4a5b-b6f9-8a5ec96d9db7', 'Rhine Flats TT', 'MANUAL', '2015-09-02 08:24:33+00', 2015, 9, 2, 5469, 5633, 6289, 46747, 79, 79, 1301),
      ('292342a6-3580-50cb-b83f-6d914dc4349c', '99a133db-4f9b-4a5b-b6f9-8a5ec96d9db7', 'Rhine Flats TT', 'MANUAL', '2015-09-11 12:57:04+00', 2015, 9, 11, 3998, 4117, 4597, 45210, 213, 213, 966),
      ('d51194db-ff4e-599c-9c5c-fb7f047c7a8f', '99a133db-4f9b-4a5b-b6f9-8a5ec96d9db7', 'Kaiserslautern Duathlon TT', 'MANUAL', '2015-09-19 08:32:30+00', 2015, 9, 19, 4285, 4413, 4927, 38430, 78, 78, 1098),
      ('b1b287fb-78f5-5af2-bdbd-59240043d05d', '99a133db-4f9b-4a5b-b6f9-8a5ec96d9db7', 'Frankfurt City TT', 'MANUAL', '2016-05-07 08:07:19+00', 2016, 5, 7, 2313, 2382, 2659, 25198, 115, 115, 605),
      ('20ec7139-dbbd-5ec8-8693-196f927b6107', '99a133db-4f9b-4a5b-b6f9-8a5ec96d9db7', 'Kaiserslautern Duathlon TT', 'MANUAL', '2016-05-13 12:32:37+00', 2016, 5, 13, 6015, 6195, 6917, 51328, 159, 159, 1631),
      ('247664f6-4482-5d21-ad8f-451722fa94ee', '99a133db-4f9b-4a5b-b6f9-8a5ec96d9db7', 'Frankfurt City TT', 'MANUAL', '2016-05-16 12:38:08+00', 2016, 5, 16, 4684, 4824, 5386, 50630, 116, 116, 1087),
      ('06e7530f-3228-5cff-8b09-b896ad04dfe6', '99a133db-4f9b-4a5b-b6f9-8a5ec96d9db7', 'Kaiserslautern Duathlon TT', 'MANUAL', '2016-05-18 14:23:26+00', 2016, 5, 18, 2574, 2651, 2960, 28436, 110, 110, 743),
      ('c28bf865-1a13-5d64-b708-49d858eec891', '99a133db-4f9b-4a5b-b6f9-8a5ec96d9db7', 'Kraichgau TT', 'MANUAL', '2016-06-08 09:18:09+00', 2016, 6, 8, 4583, 4720, 5270, 41273, 108, 108, 1173),
      ('4a38359c-5cdd-5920-ab4f-34302f9cbfe3', '99a133db-4f9b-4a5b-b6f9-8a5ec96d9db7', 'Roth Challenge TT', 'MANUAL', '2016-06-09 13:11:42+00', 2016, 6, 9, 4494, 4628, 5168, 48043, 177, 177, 1175),
      ('e4488387-9148-5519-9c7b-f5744eb9f7f3', '99a133db-4f9b-4a5b-b6f9-8a5ec96d9db7', 'Heidelberg Airfield TT', 'MANUAL', '2016-06-14 10:26:15+00', 2016, 6, 14, 3487, 3591, 4010, 38032, 122, 122, 935),
      ('84b38acd-dc30-5a04-a20f-a30d6250c0aa', '99a133db-4f9b-4a5b-b6f9-8a5ec96d9db7', 'Club Evening TT', 'MANUAL', '2016-07-16 16:17:05+00', 2016, 7, 16, 2234, 2301, 2569, 23183, 32, 32, 512),
      ('47479776-710f-58e0-8bc6-7b1fc1434ac3', '99a133db-4f9b-4a5b-b6f9-8a5ec96d9db7', 'Kraichgau TT', 'MANUAL', '2016-07-18 07:24:25+00', 2016, 7, 18, 3381, 3482, 3888, 34944, 56, 56, 826),
      ('e8b6e62a-b68c-55d6-b46b-e18672f3afbc', '99a133db-4f9b-4a5b-b6f9-8a5ec96d9db7', 'Roth Challenge TT', 'MANUAL', '2016-08-04 16:43:38+00', 2016, 8, 4, 4972, 5121, 5717, 45509, 175, 175, 1203),
      ('e10a3c09-a23f-51ec-a131-99571158d27e', '99a133db-4f9b-4a5b-b6f9-8a5ec96d9db7', 'Roth Challenge TT', 'MANUAL', '2016-08-07 11:28:35+00', 2016, 8, 7, 4993, 5142, 5741, 52361, 138, 138, 1394),
      ('8cdf94c0-71eb-50ff-85aa-af26ab46924e', '99a133db-4f9b-4a5b-b6f9-8a5ec96d9db7', 'Frankfurt City TT', 'MANUAL', '2016-08-08 16:28:43+00', 2016, 8, 8, 5053, 5204, 5810, 46663, 136, 136, 1474),
      ('df96a132-a71b-596c-b1e5-44b0dce8f350', '99a133db-4f9b-4a5b-b6f9-8a5ec96d9db7', 'Kraichgau TT', 'MANUAL', '2016-08-09 14:27:56+00', 2016, 8, 9, 4989, 5138, 5737, 47323, 54, 54, 1362),
      ('5c79c5e1-a800-506a-9e11-0a49a6986202', '99a133db-4f9b-4a5b-b6f9-8a5ec96d9db7', 'Frankfurt City TT', 'MANUAL', '2016-08-11 13:28:02+00', 2016, 8, 11, 4411, 4543, 5072, 44547, 106, 106, 1166),
      ('848b6fd1-8105-5c3c-b94e-06b0bf6f0420', '99a133db-4f9b-4a5b-b6f9-8a5ec96d9db7', 'Kaiserslautern Duathlon TT', 'MANUAL', '2016-08-22 07:48:23+00', 2016, 8, 22, 4912, 5059, 5648, 46829, 161, 161, 1403),
      ('1e50c29f-a11d-56c3-8f6d-38bbefc0aef8', '99a133db-4f9b-4a5b-b6f9-8a5ec96d9db7', 'Rhine Flats TT', 'MANUAL', '2016-08-24 14:24:08+00', 2016, 8, 24, 2429, 2501, 2793, 25274, 34, 34, 540),
      ('ade61755-25ef-5745-86ed-e6a23be2c530', '99a133db-4f9b-4a5b-b6f9-8a5ec96d9db7', 'Rhine Flats TT', 'MANUAL', '2016-08-26 14:10:33+00', 2016, 8, 26, 2673, 2753, 3073, 29730, 78, 78, 624),
      ('0696e6ad-d203-56ba-9e33-3aaadfd32d8a', '99a133db-4f9b-4a5b-b6f9-8a5ec96d9db7', 'Roth Challenge TT', 'MANUAL', '2016-09-02 10:17:12+00', 2016, 9, 2, 2091, 2153, 2404, 21623, 43, 43, 573),
      ('69685066-18e1-5289-b249-12f86c8a50db', '99a133db-4f9b-4a5b-b6f9-8a5ec96d9db7', 'Roth Challenge TT', 'MANUAL', '2016-09-15 08:27:50+00', 2016, 9, 15, 3600, 3708, 4140, 41179, 56, 56, 877),
      ('5ab18df0-e875-5eeb-bd05-021e2b506d83', '99a133db-4f9b-4a5b-b6f9-8a5ec96d9db7', 'Heidelberg Airfield TT', 'MANUAL', '2016-09-20 08:22:33+00', 2016, 9, 20, 2020, 2080, 2323, 19960, 61, 61, 497),
      ('1f076210-7509-5f4f-85cd-324b4498c421', '99a133db-4f9b-4a5b-b6f9-8a5ec96d9db7', 'Rhine Flats TT', 'MANUAL', '2017-05-04 12:29:03+00', 2017, 5, 4, 5827, 6001, 6701, 51582, 184, 184, 1601),
      ('48e23544-32a9-524d-810c-58bc60e4b380', '99a133db-4f9b-4a5b-b6f9-8a5ec96d9db7', 'Frankfurt City TT', 'MANUAL', '2017-06-15 16:28:53+00', 2017, 6, 15, 2856, 2941, 3284, 26948, 52, 52, 841),
      ('5719a85a-d71b-5b2e-ac8f-80b51d5d7e97', '99a133db-4f9b-4a5b-b6f9-8a5ec96d9db7', 'Heidelberg Airfield TT', 'MANUAL', '2017-06-17 09:51:52+00', 2017, 6, 17, 1659, 1708, 1907, 18728, 43, 43, 481),
      ('5daa7918-3a6c-5421-aa68-f60bc732f7f1', '99a133db-4f9b-4a5b-b6f9-8a5ec96d9db7', 'Club Evening TT', 'MANUAL', '2017-06-24 13:54:08+00', 2017, 6, 24, 5280, 5438, 6071, 48106, 125, 125, 1555),
      ('5c37df3a-ab0e-5d9d-b445-90b2fe508eb2', '99a133db-4f9b-4a5b-b6f9-8a5ec96d9db7', 'Roth Challenge TT', 'MANUAL', '2017-06-28 08:37:12+00', 2017, 6, 28, 3462, 3565, 3981, 34408, 48, 48, 786),
      ('b34b9f9c-2431-5880-b62d-e9a1bd34a028', '99a133db-4f9b-4a5b-b6f9-8a5ec96d9db7', 'Roth Challenge TT', 'MANUAL', '2017-07-11 08:16:17+00', 2017, 7, 11, 4121, 4244, 4739, 37562, 128, 128, 1102),
      ('1bed36e8-27c4-567d-b939-7473516e5440', '99a133db-4f9b-4a5b-b6f9-8a5ec96d9db7', 'Heidelberg Airfield TT', 'MANUAL', '2017-07-14 08:23:53+00', 2017, 7, 14, 4877, 5023, 5608, 52883, 263, 263, 1283),
      ('fbdc6387-e63c-540a-aa2d-46eca98d69e3', '99a133db-4f9b-4a5b-b6f9-8a5ec96d9db7', 'Club Evening TT', 'MANUAL', '2017-07-23 07:00:20+00', 2017, 7, 23, 2235, 2302, 2570, 22230, 30, 30, 568),
      ('6340f41d-6a58-5487-a77c-8036d453a247', '99a133db-4f9b-4a5b-b6f9-8a5ec96d9db7', 'Kraichgau TT', 'MANUAL', '2017-08-09 07:52:29+00', 2017, 8, 9, 2217, 2283, 2549, 22924, 51, 51, 601),
      ('c3306440-ee87-569c-92f9-84b2bfccf8ab', '99a133db-4f9b-4a5b-b6f9-8a5ec96d9db7', 'Club Evening TT', 'MANUAL', '2017-08-14 09:42:34+00', 2017, 8, 14, 4829, 4973, 5553, 49764, 167, 167, 1175),
      ('6c4deef9-5cbb-52c4-9fc1-22f88f7c7e7a', '99a133db-4f9b-4a5b-b6f9-8a5ec96d9db7', 'Roth Challenge TT', 'MANUAL', '2017-08-16 15:08:32+00', 2017, 8, 16, 5256, 5413, 6044, 53167, 118, 118, 1387),
      ('874c5005-9473-5237-ba9a-c04d8c6b6ca4', '99a133db-4f9b-4a5b-b6f9-8a5ec96d9db7', 'Heidelberg Airfield TT', 'MANUAL', '2017-08-20 15:43:54+00', 2017, 8, 20, 4565, 4701, 5249, 50781, 126, 126, 1340),
      ('fbc65bc2-1a9e-5527-adba-941f1b752852', '99a133db-4f9b-4a5b-b6f9-8a5ec96d9db7', 'Roth Challenge TT', 'MANUAL', '2017-08-21 15:53:41+00', 2017, 8, 21, 2454, 2527, 2822, 28009, 84, 84, 566),
      ('487e4908-7e2f-5450-bc37-01ba0be68988', '99a133db-4f9b-4a5b-b6f9-8a5ec96d9db7', 'Club Evening TT', 'MANUAL', '2017-08-25 09:30:28+00', 2017, 8, 25, 3681, 3791, 4233, 40539, 48, 48, 1029),
      ('3d0c25eb-8e0d-5e4b-8a86-59958d8a3459', '99a133db-4f9b-4a5b-b6f9-8a5ec96d9db7', 'Roth Challenge TT', 'MANUAL', '2017-09-06 10:14:02+00', 2017, 9, 6, 4783, 4926, 5500, 51777, 65, 65, 1054),
      ('057a3e85-205d-5a48-9fef-0a0dbfcca03e', '99a133db-4f9b-4a5b-b6f9-8a5ec96d9db7', 'Club Evening TT', 'MANUAL', '2017-09-10 10:40:29+00', 2017, 9, 10, 5304, 5463, 6099, 46096, 133, 133, 1340),
      ('1e057ade-bb41-5bb6-95ac-715014adba23', '99a133db-4f9b-4a5b-b6f9-8a5ec96d9db7', 'Frankfurt City TT', 'MANUAL', '2017-09-12 11:34:21+00', 2017, 9, 12, 3974, 4093, 4570, 34773, 102, 102, 1188),
      ('4f7e000c-8788-5fa7-9cc1-79e71c274ca0', '99a133db-4f9b-4a5b-b6f9-8a5ec96d9db7', 'Rhine Flats TT', 'MANUAL', '2017-09-14 08:07:23+00', 2017, 9, 14, 2002, 2062, 2302, 22448, 57, 57, 528),
      ('6ba46688-7b28-58fe-b276-9706de177925', '99a133db-4f9b-4a5b-b6f9-8a5ec96d9db7', 'Kraichgau TT', 'MANUAL', '2017-09-19 15:33:12+00', 2017, 9, 19, 4883, 5029, 5615, 42778, 166, 166, 1220),
      ('204b7a75-4826-57fa-9c53-1d1e882c947a', '99a133db-4f9b-4a5b-b6f9-8a5ec96d9db7', 'Kaiserslautern Duathlon TT', 'MANUAL', '2017-09-21 14:30:16+00', 2017, 9, 21, 5064, 5215, 5823, 45756, 218, 218, 1319),
      ('764590d2-a1ec-5549-ab2e-0faaaf04554e', '99a133db-4f9b-4a5b-b6f9-8a5ec96d9db7', 'Rhine Flats TT', 'MANUAL', '2018-05-02 14:15:07+00', 2018, 5, 2, 2458, 2531, 2826, 27552, 113, 113, 626),
      ('a54996cb-35ad-5036-b41f-54e020baca15', '99a133db-4f9b-4a5b-b6f9-8a5ec96d9db7', 'Roth Challenge TT', 'MANUAL', '2018-05-04 14:17:30+00', 2018, 5, 4, 4249, 4376, 4886, 44061, 189, 189, 1264),
      ('2763435a-2e28-57c6-8bf8-13bae0ecb2bb', '99a133db-4f9b-4a5b-b6f9-8a5ec96d9db7', 'Rhine Flats TT', 'MANUAL', '2018-05-12 13:07:18+00', 2018, 5, 12, 4516, 4651, 5193, 49504, 168, 168, 1288),
      ('c96638b5-3fac-5544-8643-b549dd08fa74', '99a133db-4f9b-4a5b-b6f9-8a5ec96d9db7', 'Frankfurt City TT', 'MANUAL', '2018-06-10 12:10:03+00', 2018, 6, 10, 2734, 2816, 3144, 27108, 33, 33, 742),
      ('2e278832-9d07-56db-b15e-3c3f134e81e3', '99a133db-4f9b-4a5b-b6f9-8a5ec96d9db7', 'Kraichgau TT', 'MANUAL', '2018-06-12 15:34:14+00', 2018, 6, 12, 2231, 2297, 2565, 22720, 83, 83, 659),
      ('fcd3012c-1a38-5308-913e-f99af7ec1d07', '99a133db-4f9b-4a5b-b6f9-8a5ec96d9db7', 'Club Evening TT', 'MANUAL', '2018-06-13 07:50:33+00', 2018, 6, 13, 2528, 2603, 2907, 25242, 76, 76, 647),
      ('085fce84-4cf5-5a59-a1e6-80227fcf7453', '99a133db-4f9b-4a5b-b6f9-8a5ec96d9db7', 'Kaiserslautern Duathlon TT', 'MANUAL', '2018-06-19 12:34:13+00', 2018, 6, 19, 2055, 2116, 2363, 22617, 62, 62, 529),
      ('a71c7890-b7cc-5ade-bec4-51bd3115bbbc', '99a133db-4f9b-4a5b-b6f9-8a5ec96d9db7', 'Kaiserslautern Duathlon TT', 'MANUAL', '2018-06-20 15:19:33+00', 2018, 6, 20, 3288, 3386, 3781, 33539, 164, 164, 968),
      ('5704c6f5-4c28-53d1-9b57-960249cd2c84', '99a133db-4f9b-4a5b-b6f9-8a5ec96d9db7', 'Heidelberg Airfield TT', 'MANUAL', '2018-06-23 15:04:05+00', 2018, 6, 23, 2956, 3044, 3399, 33345, 70, 70, 728),
      ('5269a866-89ef-5fc9-b45c-b13f3356241d', '99a133db-4f9b-4a5b-b6f9-8a5ec96d9db7', 'Rhine Flats TT', 'MANUAL', '2018-06-27 11:19:28+00', 2018, 6, 27, 4583, 4720, 5270, 48727, 147, 147, 1258),
      ('39df498b-b1e5-57ac-bd01-58425557a54c', '99a133db-4f9b-4a5b-b6f9-8a5ec96d9db7', 'Roth Challenge TT', 'MANUAL', '2018-07-16 12:32:01+00', 2018, 7, 16, 2131, 2194, 2450, 20295, 20, 20, 630),
      ('c13e37f6-b27a-5e13-920e-15c91c748abb', '99a133db-4f9b-4a5b-b6f9-8a5ec96d9db7', 'Rhine Flats TT', 'MANUAL', '2018-07-22 10:22:53+00', 2018, 7, 22, 5582, 5749, 6419, 49986, 138, 138, 1391),
      ('8e73c1ff-c588-5a52-98d9-15e795ed0df3', '99a133db-4f9b-4a5b-b6f9-8a5ec96d9db7', 'Rhine Flats TT', 'MANUAL', '2018-08-07 07:22:10+00', 2018, 8, 7, 3725, 3836, 4283, 34096, 38, 38, 1049),
      ('dc86e676-6cef-5be8-b292-474c7c6346fe', '99a133db-4f9b-4a5b-b6f9-8a5ec96d9db7', 'Club Evening TT', 'MANUAL', '2018-08-13 09:08:17+00', 2018, 8, 13, 4678, 4818, 5379, 52266, 206, 206, 1053),
      ('6c9fb1e4-3076-523d-9ac6-82a14b2dac28', '99a133db-4f9b-4a5b-b6f9-8a5ec96d9db7', 'Heidelberg Airfield TT', 'MANUAL', '2018-08-15 15:32:24+00', 2018, 8, 15, 2769, 2852, 3184, 30954, 145, 145, 787),
      ('210c18ce-8fa8-54e4-aa42-111492fc5d7f', '99a133db-4f9b-4a5b-b6f9-8a5ec96d9db7', 'Rhine Flats TT', 'MANUAL', '2018-09-08 11:04:59+00', 2018, 9, 8, 2525, 2600, 2903, 23987, 25, 25, 670),
      ('b1160030-763b-596c-bfec-09ffb84420c9', '99a133db-4f9b-4a5b-b6f9-8a5ec96d9db7', 'Club Evening TT', 'MANUAL', '2018-09-10 15:56:02+00', 2018, 9, 10, 5152, 5306, 5924, 50263, 177, 177, 1184),
      ('8b2ed76d-d7d8-5a67-a00d-2bdfde7cd090', '99a133db-4f9b-4a5b-b6f9-8a5ec96d9db7', 'Club Evening TT', 'MANUAL', '2018-09-13 09:10:05+00', 2018, 9, 13, 2289, 2357, 2632, 19502, 23, 23, 565),
      ('121e0bb7-37f4-524d-9451-2948c8974a76', '99a133db-4f9b-4a5b-b6f9-8a5ec96d9db7', 'Frankfurt City TT', 'MANUAL', '2018-09-24 11:43:18+00', 2018, 9, 24, 1940, 1998, 2231, 18667, 49, 49, 561),
      ('dfac717c-df99-5615-8083-d1358fafddff', '99a133db-4f9b-4a5b-b6f9-8a5ec96d9db7', 'Heidelberg Airfield TT', 'MANUAL', '2018-09-28 14:12:00+00', 2018, 9, 28, 2014, 2074, 2316, 19180, 52, 52, 599),
      ('27164733-b13d-548f-a810-e7722f9ceb99', '99a133db-4f9b-4a5b-b6f9-8a5ec96d9db7', 'Roth Challenge TT', 'MANUAL', '2019-05-03 16:57:59+00', 2019, 5, 3, 2013, 2073, 2314, 21197, 50, 50, 472),
      ('6b4f20ce-d320-552a-ba08-99e9b7ce151b', '99a133db-4f9b-4a5b-b6f9-8a5ec96d9db7', 'Rhine Flats TT', 'MANUAL', '2019-05-10 07:54:41+00', 2019, 5, 10, 5379, 5540, 6185, 52484, 203, 203, 1538),
      ('0fa78533-ed2e-511e-b147-f817d61ff2e2', '99a133db-4f9b-4a5b-b6f9-8a5ec96d9db7', 'Roth Challenge TT', 'MANUAL', '2019-05-12 13:25:52+00', 2019, 5, 12, 4503, 4638, 5178, 41685, 167, 167, 1128),
      ('71e0ce1f-0613-5d77-b465-f1e6f7b3a30f', '99a133db-4f9b-4a5b-b6f9-8a5ec96d9db7', 'Rhine Flats TT', 'MANUAL', '2019-05-25 09:06:52+00', 2019, 5, 25, 3631, 3739, 4175, 41201, 184, 184, 1044),
      ('02feb2de-60af-5c08-b1e2-5366f64cc0d8', '99a133db-4f9b-4a5b-b6f9-8a5ec96d9db7', 'Club Evening TT', 'MANUAL', '2019-06-14 10:15:34+00', 2019, 6, 14, 4885, 5031, 5617, 51855, 112, 112, 1267),
      ('ed1e8e20-70f6-5c67-b662-9b836d9b75da', '99a133db-4f9b-4a5b-b6f9-8a5ec96d9db7', 'Frankfurt City TT', 'MANUAL', '2019-06-19 12:38:10+00', 2019, 6, 19, 2324, 2393, 2672, 22809, 38, 38, 585),
      ('e3c97d96-c0be-5002-b209-3d226983d948', '99a133db-4f9b-4a5b-b6f9-8a5ec96d9db7', 'Club Evening TT', 'MANUAL', '2019-07-04 08:46:18+00', 2019, 7, 4, 2934, 3022, 3374, 32057, 101, 101, 757),
      ('dcbbc359-1d06-5613-b047-b43f3365c2ab', '99a133db-4f9b-4a5b-b6f9-8a5ec96d9db7', 'Frankfurt City TT', 'MANUAL', '2019-07-14 15:26:36+00', 2019, 7, 14, 4526, 4661, 5204, 42095, 137, 137, 1214),
      ('3798e355-abc1-5a65-aa34-b009077fa4ee', '99a133db-4f9b-4a5b-b6f9-8a5ec96d9db7', 'Kaiserslautern Duathlon TT', 'MANUAL', '2019-07-20 09:49:09+00', 2019, 7, 20, 4154, 4278, 4777, 47074, 169, 169, 1079),
      ('2fd3d0da-4b1b-56f3-914a-27956902fa25', '99a133db-4f9b-4a5b-b6f9-8a5ec96d9db7', 'Club Evening TT', 'MANUAL', '2019-07-21 15:54:18+00', 2019, 7, 21, 4552, 4688, 5234, 50615, 95, 95, 1133),
      ('a36f0aea-2dd3-5374-b66e-ae77736d7186', '99a133db-4f9b-4a5b-b6f9-8a5ec96d9db7', 'Rhine Flats TT', 'MANUAL', '2019-07-27 10:10:16+00', 2019, 7, 27, 3588, 3695, 4126, 41123, 94, 94, 979),
      ('b5e67d88-5e6f-530b-a0ba-9b395b12af8c', '99a133db-4f9b-4a5b-b6f9-8a5ec96d9db7', 'Kraichgau TT', 'MANUAL', '2019-07-28 15:04:55+00', 2019, 7, 28, 3383, 3484, 3890, 29516, 125, 125, 978),
      ('da1e1804-06ab-5194-9437-fd1bd85dee8c', '99a133db-4f9b-4a5b-b6f9-8a5ec96d9db7', 'Kraichgau TT', 'MANUAL', '2019-08-09 13:05:18+00', 2019, 8, 9, 4914, 5061, 5651, 53540, 217, 217, 1472),
      ('b830e410-351d-531c-80f4-694ae9f2676c', '99a133db-4f9b-4a5b-b6f9-8a5ec96d9db7', 'Roth Challenge TT', 'MANUAL', '2019-08-18 08:14:06+00', 2019, 8, 18, 3669, 3779, 4219, 41204, 119, 119, 1074),
      ('a7026226-ea28-535d-9463-169bf3207a7c', '99a133db-4f9b-4a5b-b6f9-8a5ec96d9db7', 'Roth Challenge TT', 'MANUAL', '2019-08-25 16:08:29+00', 2019, 8, 25, 3450, 3553, 3967, 37115, 116, 116, 821),
      ('da645a2b-c470-527b-91f8-f86fbac1fd00', '99a133db-4f9b-4a5b-b6f9-8a5ec96d9db7', 'Kaiserslautern Duathlon TT', 'MANUAL', '2019-08-26 09:24:29+00', 2019, 8, 26, 4236, 4363, 4871, 38358, 153, 153, 1202),
      ('74675e97-d4a0-5913-860f-d6ae1f86733f', '99a133db-4f9b-4a5b-b6f9-8a5ec96d9db7', 'Kaiserslautern Duathlon TT', 'MANUAL', '2019-09-04 13:17:50+00', 2019, 9, 4, 4655, 4794, 5353, 51634, 61, 61, 1268),
      ('d6dee4ff-1fa8-5d9f-8d7d-a8bfaffe6e02', '99a133db-4f9b-4a5b-b6f9-8a5ec96d9db7', 'Roth Challenge TT', 'MANUAL', '2019-09-15 07:16:16+00', 2019, 9, 15, 3871, 3987, 4451, 38922, 54, 54, 996),
      ('dce93f7d-c987-534a-94fd-ff66dc2fe6c2', '99a133db-4f9b-4a5b-b6f9-8a5ec96d9db7', 'Kraichgau TT', 'MANUAL', '2019-09-25 13:56:30+00', 2019, 9, 25, 2508, 2583, 2884, 27143, 49, 49, 625),
      ('d0668cca-4304-5715-b297-c658053b47d8', '99a133db-4f9b-4a5b-b6f9-8a5ec96d9db7', 'Kaiserslautern Duathlon TT', 'MANUAL', '2019-09-27 12:24:13+00', 2019, 9, 27, 5272, 5430, 6062, 53694, 260, 260, 1187),
      ('510269d8-2dac-55f5-908f-936cb25e6521', '99a133db-4f9b-4a5b-b6f9-8a5ec96d9db7', 'Frankfurt City TT', 'MANUAL', '2020-05-06 07:34:39+00', 2020, 5, 6, 4752, 4894, 5464, 51077, 180, 180, 1389),
      ('9803095e-14ad-5471-9db2-d446faadd1f4', '99a133db-4f9b-4a5b-b6f9-8a5ec96d9db7', 'Roth Challenge TT', 'MANUAL', '2020-05-14 12:28:38+00', 2020, 5, 14, 5884, 6060, 6766, 52925, 239, 239, 1650),
      ('2bec49f7-290a-55e6-948c-4aa9001380b9', '99a133db-4f9b-4a5b-b6f9-8a5ec96d9db7', 'Kraichgau TT', 'MANUAL', '2020-05-15 09:11:14+00', 2020, 5, 15, 2146, 2210, 2467, 18939, 55, 55, 558),
      ('e4b1fe20-6b57-55d2-9b85-f354d8bdd879', '99a133db-4f9b-4a5b-b6f9-8a5ec96d9db7', 'Kraichgau TT', 'MANUAL', '2020-05-20 11:54:42+00', 2020, 5, 20, 3326, 3425, 3824, 36145, 99, 99, 851),
      ('dbbf099d-bf09-539a-995f-9565b1018088', '99a133db-4f9b-4a5b-b6f9-8a5ec96d9db7', 'Rhine Flats TT', 'MANUAL', '2020-05-21 13:50:17+00', 2020, 5, 21, 5773, 5946, 6638, 50152, 199, 199, 1567),
      ('cc673c43-1dd7-50f3-91d3-8035d4a8e2ca', '99a133db-4f9b-4a5b-b6f9-8a5ec96d9db7', 'Kaiserslautern Duathlon TT', 'MANUAL', '2020-05-23 12:50:53+00', 2020, 5, 23, 3668, 3778, 4218, 37556, 141, 141, 1061),
      ('dc449f0f-3cc8-5749-808f-dc62116b24cf', '99a133db-4f9b-4a5b-b6f9-8a5ec96d9db7', 'Kraichgau TT', 'MANUAL', '2020-06-07 15:49:16+00', 2020, 6, 7, 3966, 4084, 4560, 38864, 74, 74, 892),
      ('e9965e16-1a73-552d-927c-cd7e2fb03ebd', '99a133db-4f9b-4a5b-b6f9-8a5ec96d9db7', 'Club Evening TT', 'MANUAL', '2020-06-13 16:19:52+00', 2020, 6, 13, 4292, 4420, 4935, 45365, 70, 70, 947),
      ('c6ee0ac4-dc20-5872-94ed-14a350ccc56c', '99a133db-4f9b-4a5b-b6f9-8a5ec96d9db7', 'Roth Challenge TT', 'MANUAL', '2020-06-21 14:35:58+00', 2020, 6, 21, 2057, 2118, 2365, 18965, 32, 32, 519),
      ('4f3c1eed-e091-5440-8d66-f5b49b4c5856', '99a133db-4f9b-4a5b-b6f9-8a5ec96d9db7', 'Rhine Flats TT', 'MANUAL', '2020-06-27 08:16:14+00', 2020, 6, 27, 5253, 5410, 6040, 45899, 221, 221, 1369),
      ('d30d336f-708b-5adf-a70c-90ba0b67bac8', '99a133db-4f9b-4a5b-b6f9-8a5ec96d9db7', 'Kraichgau TT', 'MANUAL', '2020-07-03 08:58:23+00', 2020, 7, 3, 4857, 5002, 5585, 53765, 248, 248, 1304),
      ('de97bf94-54b8-5df0-b324-c5dbd4c23108', '99a133db-4f9b-4a5b-b6f9-8a5ec96d9db7', 'Kaiserslautern Duathlon TT', 'MANUAL', '2020-07-07 13:18:10+00', 2020, 7, 7, 4904, 5051, 5639, 48119, 79, 79, 1134),
      ('baff3a19-4f04-5b20-8b58-a9029a36d913', '99a133db-4f9b-4a5b-b6f9-8a5ec96d9db7', 'Kaiserslautern Duathlon TT', 'MANUAL', '2020-07-16 09:28:18+00', 2020, 7, 16, 3448, 3551, 3965, 32909, 118, 118, 1028),
      ('6051e9d1-084b-5ab8-8ee6-392f3851f879', '99a133db-4f9b-4a5b-b6f9-8a5ec96d9db7', 'Frankfurt City TT', 'MANUAL', '2020-07-20 13:50:18+00', 2020, 7, 20, 5743, 5915, 6604, 53691, 198, 198, 1633),
      ('5cbec84f-5f34-504a-99bc-332868f8fa7c', '99a133db-4f9b-4a5b-b6f9-8a5ec96d9db7', 'Club Evening TT', 'MANUAL', '2020-08-14 13:53:31+00', 2020, 8, 14, 5856, 6031, 6734, 50593, 185, 185, 1412),
      ('93ad82ec-9f31-57b2-937e-3d44f601f489', '99a133db-4f9b-4a5b-b6f9-8a5ec96d9db7', 'Kraichgau TT', 'MANUAL', '2020-08-18 16:11:38+00', 2020, 8, 18, 6361, 6551, 7315, 54323, 143, 143, 1560),
      ('3740f91a-c6bf-5e3f-88a2-cc09ae1dbc37', '99a133db-4f9b-4a5b-b6f9-8a5ec96d9db7', 'Club Evening TT', 'MANUAL', '2020-08-20 09:11:56+00', 2020, 8, 20, 4613, 4751, 5304, 47104, 60, 60, 1044),
      ('8ce9cdc8-9a7f-5d2d-874d-0c413c6001c7', '99a133db-4f9b-4a5b-b6f9-8a5ec96d9db7', 'Heidelberg Airfield TT', 'MANUAL', '2020-08-21 10:47:48+00', 2020, 8, 21, 5441, 5604, 6257, 49984, 78, 78, 1415),
      ('39bddff2-4356-5532-b52c-bdf7f18e7c58', '99a133db-4f9b-4a5b-b6f9-8a5ec96d9db7', 'Frankfurt City TT', 'MANUAL', '2020-09-27 10:06:10+00', 2020, 9, 27, 5762, 5934, 6626, 49280, 186, 186, 1589),
      ('6a916fb7-5ca2-54dc-8a48-bcced0a3d001', '99a133db-4f9b-4a5b-b6f9-8a5ec96d9db7', 'Club Evening TT', 'MANUAL', '2020-09-28 12:18:31+00', 2020, 9, 28, 4916, 5063, 5653, 53406, 230, 230, 1184),
      ('bf03aa82-1944-523d-91d5-0cc277a997a9', 'f36ec9a6-5bf8-5a30-b86d-81389f710db4', 'Vosges Forest Gravel', 'MANUAL', '2016-04-03 09:00:05+00', 2016, 4, 3, 8475, 8729, 9746, 53782, 678, 678, 1814),
      ('dcd1f4a3-eb86-522f-b5b3-fba5fff78e40', 'f36ec9a6-5bf8-5a30-b86d-81389f710db4', 'Strade Bianche Gran Fondo', 'MANUAL', '2016-04-17 08:26:34+00', 2016, 4, 17, 10287, 10595, 11830, 55173, 405, 405, 1655),
      ('0cd9f673-febd-5818-9c63-39897c084873', 'f36ec9a6-5bf8-5a30-b86d-81389f710db4', 'Vosges Forest Gravel', 'MANUAL', '2016-04-25 14:50:48+00', 2016, 4, 25, 6536, 6732, 7516, 37546, 300, 300, 1025),
      ('96f75a5a-91c5-5463-8461-77a311b0f4ac', 'f36ec9a6-5bf8-5a30-b86d-81389f710db4', 'Baltic Coast Gravel', 'MANUAL', '2016-05-13 14:29:29+00', 2016, 5, 13, 7612, 7840, 8753, 45595, 541, 541, 1498),
      ('b3ca05ac-9982-59c9-9dc5-60a4137bff55', 'f36ec9a6-5bf8-5a30-b86d-81389f710db4', 'Eifel Gravel Loop', 'MANUAL', '2016-05-18 09:17:35+00', 2016, 5, 18, 10261, 10568, 11800, 54560, 1038, 1038, 1756),
      ('cabee106-5cd6-5f05-bccb-c6ebc25bdc6a', 'f36ec9a6-5bf8-5a30-b86d-81389f710db4', 'Vosges Forest Gravel', 'MANUAL', '2016-05-28 16:10:35+00', 2016, 5, 28, 7477, 7701, 8598, 43429, 348, 348, 1526),
      ('3fc72fae-e212-5ce5-95e9-38a948f65efa', 'f36ec9a6-5bf8-5a30-b86d-81389f710db4', 'Baltic Coast Gravel', 'MANUAL', '2016-06-13 09:44:49+00', 2016, 6, 13, 10384, 10695, 11941, 51681, 730, 730, 2085),
      ('f81354bf-ee90-57fc-9b89-ea0ea0027b2c', 'f36ec9a6-5bf8-5a30-b86d-81389f710db4', 'Black Forest Crossing', 'MANUAL', '2016-06-20 11:50:14+00', 2016, 6, 20, 5118, 5271, 5885, 29436, 422, 422, 795),
      ('02d80f21-2aa3-5dbd-8ce0-4fdcdada0ef6', 'f36ec9a6-5bf8-5a30-b86d-81389f710db4', 'Strade Bianche Gran Fondo', 'MANUAL', '2016-07-02 13:16:28+00', 2016, 7, 2, 12325, 12694, 14173, 81559, 1392, 1392, 2379),
      ('423f58bf-ded9-5676-aa25-0ccee33631d2', 'f36ec9a6-5bf8-5a30-b86d-81389f710db4', 'Vosges Forest Gravel', 'MANUAL', '2016-07-18 07:57:56+00', 2016, 7, 18, 8594, 8851, 9883, 53327, 761, 761, 1547),
      ('0df2bf28-40c7-551b-81d7-9fdd754c84dd', 'f36ec9a6-5bf8-5a30-b86d-81389f710db4', 'Odenwald Gravel Tour', 'MANUAL', '2016-08-01 16:30:14+00', 2016, 8, 1, 7099, 7311, 8163, 44970, 695, 695, 1109),
      ('04e37671-e948-5786-ab1a-95e4da8a9241', 'f36ec9a6-5bf8-5a30-b86d-81389f710db4', 'Eifel Gravel Loop', 'MANUAL', '2016-08-27 09:03:10+00', 2016, 8, 27, 10780, 11103, 12396, 53466, 645, 645, 2142),
      ('4c3b390c-4502-5786-8982-60abea0d9fb0', 'f36ec9a6-5bf8-5a30-b86d-81389f710db4', 'Flanders Farm Tracks', 'MANUAL', '2016-09-15 13:35:35+00', 2016, 9, 15, 5716, 5887, 6573, 30677, 519, 519, 1225),
      ('474ce77c-bb58-5bbf-8d0d-b473f3f9a8fa', 'f36ec9a6-5bf8-5a30-b86d-81389f710db4', 'Flanders Farm Tracks', 'MANUAL', '2016-10-01 09:21:48+00', 2016, 10, 1, 6081, 6263, 6993, 39611, 286, 286, 1282),
      ('24e44473-8e3c-5bd8-a709-f435860f9dbd', 'f36ec9a6-5bf8-5a30-b86d-81389f710db4', 'Odenwald Gravel Tour', 'MANUAL', '2016-10-28 11:41:31+00', 2016, 10, 28, 10330, 10639, 11879, 64766, 495, 495, 1894),
      ('bcb49c7e-2429-5b6e-8d3d-94bb3f7fec6c', 'f36ec9a6-5bf8-5a30-b86d-81389f710db4', 'Baltic Coast Gravel', 'MANUAL', '2016-11-09 10:02:12+00', 2016, 11, 9, 8062, 8303, 9271, 43724, 697, 697, 1220),
      ('61d4a744-cd69-5d59-aa93-ff00274977fd', 'f36ec9a6-5bf8-5a30-b86d-81389f710db4', 'Eifel Gravel Loop', 'MANUAL', '2016-11-21 07:08:06+00', 2016, 11, 21, 15366, 15826, 17670, 91434, 1684, 1684, 2739),
      ('5a2d1cfb-47e2-5437-b1b7-a28acc874c5c', 'f36ec9a6-5bf8-5a30-b86d-81389f710db4', 'Strade Bianche Gran Fondo', 'MANUAL', '2016-12-09 16:17:50+00', 2016, 12, 9, 11877, 12233, 13658, 74509, 917, 917, 1912),
      ('a4ce7595-13c1-596a-bf58-19a1fc01b735', 'f36ec9a6-5bf8-5a30-b86d-81389f710db4', 'Strade Bianche Gran Fondo', 'MANUAL', '2016-12-16 08:19:40+00', 2016, 12, 16, 13418, 13820, 15430, 69699, 435, 435, 2450),
      ('cd7a8364-bea0-5eac-bf0d-4f5bbcf94f2c', 'f36ec9a6-5bf8-5a30-b86d-81389f710db4', 'Black Forest Crossing', 'MANUAL', '2016-12-23 12:51:08+00', 2016, 12, 23, 13934, 14352, 16024, 83294, 1607, 1607, 2103),
      ('ea38b287-26b9-567c-be1b-c805b9fe6492', 'f36ec9a6-5bf8-5a30-b86d-81389f710db4', 'Black Forest Crossing', 'MANUAL', '2017-03-19 14:02:35+00', 2017, 3, 19, 13934, 14352, 16024, 82199, 1206, 1206, 2500),
      ('13fbed04-ef7b-5fcd-ac9f-f0c41c3ad8ff', 'f36ec9a6-5bf8-5a30-b86d-81389f710db4', 'Flanders Farm Tracks', 'MANUAL', '2017-04-02 12:40:39+00', 2017, 4, 2, 12322, 12691, 14170, 68003, 526, 526, 2094),
      ('e1c41d3b-fda5-5dfc-b955-b1aa6c31c466', 'f36ec9a6-5bf8-5a30-b86d-81389f710db4', 'Strade Bianche Gran Fondo', 'MANUAL', '2017-04-08 15:32:14+00', 2017, 4, 8, 15887, 16363, 18270, 93543, 1167, 1167, 3259),
      ('1b9bac6a-e3a1-51c3-934b-7446b718140c', 'f36ec9a6-5bf8-5a30-b86d-81389f710db4', 'Black Forest Crossing', 'MANUAL', '2017-04-25 12:57:52+00', 2017, 4, 25, 10668, 10988, 12268, 64881, 1074, 1074, 1903),
      ('215aa887-c9df-591e-b768-c00692069a5f', 'f36ec9a6-5bf8-5a30-b86d-81389f710db4', 'Taunus Gravel', 'MANUAL', '2017-05-28 11:46:36+00', 2017, 5, 28, 9716, 10007, 11173, 55308, 380, 380, 1757),
      ('45737ac0-0834-5850-a47c-f9ae56824538', 'f36ec9a6-5bf8-5a30-b86d-81389f710db4', 'Eifel Gravel Loop', 'MANUAL', '2017-06-18 07:49:22+00', 2017, 6, 18, 4485, 4619, 5157, 28362, 209, 209, 768),
      ('ada5c30d-7e73-537d-8791-d64c18eaf811', 'f36ec9a6-5bf8-5a30-b86d-81389f710db4', 'Taunus Gravel', 'MANUAL', '2017-06-26 13:18:03+00', 2017, 6, 26, 9026, 9296, 10379, 53062, 441, 441, 1686),
      ('389d828e-8877-5708-be56-06cf0438b2bc', 'f36ec9a6-5bf8-5a30-b86d-81389f710db4', 'Black Forest Crossing', 'MANUAL', '2017-07-11 08:55:50+00', 2017, 7, 11, 11751, 12103, 13513, 61732, 946, 946, 2574),
      ('12eccaf4-3e96-5f62-9a89-f1eac4034178', 'f36ec9a6-5bf8-5a30-b86d-81389f710db4', 'Flanders Farm Tracks', 'MANUAL', '2017-08-16 15:37:52+00', 2017, 8, 16, 7227, 7443, 8311, 40999, 261, 261, 1383),
      ('41e18362-7e32-5508-b5fb-b84637266aa3', 'f36ec9a6-5bf8-5a30-b86d-81389f710db4', 'Flanders Farm Tracks', 'MANUAL', '2017-09-21 14:40:36+00', 2017, 9, 21, 5238, 5395, 6023, 31339, 424, 424, 1082),
      ('16e050ab-1982-5f04-a548-78335a1087d9', 'f36ec9a6-5bf8-5a30-b86d-81389f710db4', 'Flanders Farm Tracks', 'MANUAL', '2017-09-26 09:36:31+00', 2017, 9, 26, 11757, 12109, 13520, 64059, 520, 520, 1984),
      ('c42bffc7-ee48-57b3-920b-3a6b33094be6', 'f36ec9a6-5bf8-5a30-b86d-81389f710db4', 'Vosges Forest Gravel', 'MANUAL', '2017-10-04 07:39:30+00', 2017, 10, 4, 7761, 7993, 8925, 49416, 777, 777, 1196),
      ('52ce1e82-54fb-502b-851d-a91ecec84fdc', 'f36ec9a6-5bf8-5a30-b86d-81389f710db4', 'Strade Bianche Gran Fondo', 'MANUAL', '2017-10-10 15:55:00+00', 2017, 10, 10, 9318, 9597, 10715, 60355, 452, 452, 1929),
      ('17f332e0-2c0f-51ab-b30c-544281d42de9', 'f36ec9a6-5bf8-5a30-b86d-81389f710db4', 'Taunus Gravel', 'MANUAL', '2017-10-22 14:00:49+00', 2017, 10, 22, 15940, 16418, 18331, 92408, 789, 789, 3088),
      ('472a0cb2-5ddf-5969-82fa-0a95061d1260', 'f36ec9a6-5bf8-5a30-b86d-81389f710db4', 'Black Forest Crossing', 'MANUAL', '2017-10-28 09:11:07+00', 2017, 10, 28, 16614, 17112, 19106, 82916, 1183, 1183, 3226),
      ('3db57f7f-cb64-5963-a244-df7705e26030', 'f36ec9a6-5bf8-5a30-b86d-81389f710db4', 'Black Forest Crossing', 'MANUAL', '2017-11-09 15:04:30+00', 2017, 11, 9, 12145, 12509, 13966, 65652, 1100, 1100, 1925),
      ('a69b4b25-80a4-59a0-81bc-58ff9815d301', 'f36ec9a6-5bf8-5a30-b86d-81389f710db4', 'Vosges Forest Gravel', 'MANUAL', '2017-11-12 10:19:39+00', 2017, 11, 12, 15250, 15707, 17537, 94146, 956, 956, 2457),
      ('0d60052c-5d46-58c4-990b-02f0d2af8000', 'f36ec9a6-5bf8-5a30-b86d-81389f710db4', 'Baltic Coast Gravel', 'MANUAL', '2017-11-18 11:29:54+00', 2017, 11, 18, 4645, 4784, 5341, 25556, 223, 223, 746),
      ('3aebfa80-b3c9-5367-acd7-c38214902b0d', 'f36ec9a6-5bf8-5a30-b86d-81389f710db4', 'Eifel Gravel Loop', 'MANUAL', '2017-11-19 14:20:12+00', 2017, 11, 19, 5061, 5212, 5820, 25775, 169, 169, 928),
      ('a21703f9-4c5c-52d7-ad64-c3d04b6b4847', 'f36ec9a6-5bf8-5a30-b86d-81389f710db4', 'Black Forest Crossing', 'MANUAL', '2017-11-23 15:07:31+00', 2017, 11, 23, 13672, 14082, 15722, 70036, 904, 904, 2589),
      ('ab35147b-ff27-5791-90d3-48afd6e8406d', 'f36ec9a6-5bf8-5a30-b86d-81389f710db4', 'Strade Bianche Gran Fondo', 'MANUAL', '2018-03-06 13:58:30+00', 2018, 3, 6, 5195, 5350, 5974, 33384, 565, 565, 1008),
      ('f2852ce8-34ed-55a9-8b2b-de84db025d3f', 'f36ec9a6-5bf8-5a30-b86d-81389f710db4', 'Black Forest Crossing', 'MANUAL', '2018-03-23 14:38:03+00', 2018, 3, 23, 11042, 11373, 12698, 66315, 990, 990, 2083),
      ('6ed1dfef-dc7f-5a37-8b0b-0ca9653b37c1', 'f36ec9a6-5bf8-5a30-b86d-81389f710db4', 'Odenwald Gravel Tour', 'MANUAL', '2018-03-27 07:39:29+00', 2018, 3, 27, 7937, 8175, 9127, 39727, 754, 754, 1700),
      ('e2c42799-6364-56c9-b133-d6f2056058a7', 'f36ec9a6-5bf8-5a30-b86d-81389f710db4', 'Flanders Farm Tracks', 'MANUAL', '2018-04-09 13:26:00+00', 2018, 4, 9, 10753, 11075, 12365, 61056, 707, 707, 2067),
      ('5ab7b4d4-5454-5197-87bb-5f2364f11b37', 'f36ec9a6-5bf8-5a30-b86d-81389f710db4', 'Vosges Forest Gravel', 'MANUAL', '2018-05-07 15:51:33+00', 2018, 5, 7, 9665, 9954, 11114, 58669, 833, 833, 1514),
      ('8e0854b5-8b68-53d2-b6f0-ab4564e90a46', 'f36ec9a6-5bf8-5a30-b86d-81389f710db4', 'Strade Bianche Gran Fondo', 'MANUAL', '2018-06-05 07:58:25+00', 2018, 6, 5, 8859, 9124, 10187, 44263, 562, 562, 1487),
      ('ef59f7ba-1c44-556b-b200-3210e67e01d7', 'f36ec9a6-5bf8-5a30-b86d-81389f710db4', 'Eifel Gravel Loop', 'MANUAL', '2018-06-13 15:46:40+00', 2018, 6, 13, 15503, 15968, 17828, 77155, 816, 816, 2636),
      ('e0678f32-b11e-5cdc-9eb1-5839b9a54806', 'f36ec9a6-5bf8-5a30-b86d-81389f710db4', 'Baltic Coast Gravel', 'MANUAL', '2018-07-02 16:48:23+00', 2018, 7, 2, 7783, 8016, 8950, 43112, 525, 525, 1582),
      ('2f944ee5-7d3b-52bd-ba51-d4122c41449f', 'f36ec9a6-5bf8-5a30-b86d-81389f710db4', 'Flanders Farm Tracks', 'MANUAL', '2018-07-03 07:56:32+00', 2018, 7, 3, 5955, 6133, 6848, 31970, 425, 425, 1104),
      ('99169512-ec97-5c67-b6b1-2af846efee39', 'f36ec9a6-5bf8-5a30-b86d-81389f710db4', 'Strade Bianche Gran Fondo', 'MANUAL', '2018-07-05 11:02:59+00', 2018, 7, 5, 8724, 8985, 10032, 56565, 628, 628, 1557),
      ('d40c1a9a-5427-5e5e-843c-414e36736dea', 'f36ec9a6-5bf8-5a30-b86d-81389f710db4', 'Baltic Coast Gravel', 'MANUAL', '2018-07-08 11:42:04+00', 2018, 7, 8, 8778, 9041, 10094, 49494, 335, 335, 1389),
      ('48fe1c93-b718-50cb-8023-92108bcb25e8', 'f36ec9a6-5bf8-5a30-b86d-81389f710db4', 'Baltic Coast Gravel', 'MANUAL', '2018-07-12 08:15:44+00', 2018, 7, 12, 4142, 4266, 4763, 27763, 465, 465, 660),
      ('51eccb25-3997-5612-9152-20e47ce1139d', 'f36ec9a6-5bf8-5a30-b86d-81389f710db4', 'Taunus Gravel', 'MANUAL', '2018-07-15 10:38:44+00', 2018, 7, 15, 8034, 8275, 9239, 43811, 644, 644, 1751),
      ('c057a671-748f-5b72-8630-ecfd68297132', 'f36ec9a6-5bf8-5a30-b86d-81389f710db4', 'Vosges Forest Gravel', 'MANUAL', '2018-07-26 15:42:00+00', 2018, 7, 26, 8100, 8343, 9315, 49896, 529, 529, 1353),
      ('02260f5f-cc04-51d9-affb-56b7c391362f', 'f36ec9a6-5bf8-5a30-b86d-81389f710db4', 'Flanders Farm Tracks', 'MANUAL', '2018-08-20 16:30:17+00', 2018, 8, 20, 8353, 8603, 9605, 52553, 663, 663, 1530),
      ('40431926-e251-574c-9ec2-ccc7904f6f4e', 'f36ec9a6-5bf8-5a30-b86d-81389f710db4', 'Black Forest Crossing', 'MANUAL', '2018-08-23 10:24:36+00', 2018, 8, 23, 5112, 5265, 5878, 30020, 418, 418, 915),
      ('932b4944-3452-506f-851f-c294c62120ae', 'f36ec9a6-5bf8-5a30-b86d-81389f710db4', 'Black Forest Crossing', 'MANUAL', '2018-08-24 14:56:32+00', 2018, 8, 24, 11409, 11751, 13120, 60595, 814, 814, 1759),
      ('d24570ef-1719-5e9e-bae3-4172964e6819', 'f36ec9a6-5bf8-5a30-b86d-81389f710db4', 'Eifel Gravel Loop', 'MANUAL', '2018-09-03 08:04:29+00', 2018, 9, 3, 15425, 15887, 17738, 78411, 757, 757, 3275),
      ('3a34604e-dbb4-5dbe-9a0d-ec57da1c2809', 'f36ec9a6-5bf8-5a30-b86d-81389f710db4', 'Vosges Forest Gravel', 'MANUAL', '2018-09-18 13:21:40+00', 2018, 9, 18, 14164, 14588, 16288, 78819, 713, 713, 2956),
      ('0f3f3147-b44f-5fd7-894a-1cec331071ff', 'f36ec9a6-5bf8-5a30-b86d-81389f710db4', 'Eifel Gravel Loop', 'MANUAL', '2018-10-08 14:39:58+00', 2018, 10, 8, 15645, 16114, 17991, 90052, 1045, 1045, 2866),
      ('e94a3c08-068c-5ea5-8c5e-be7552f18b08', 'f36ec9a6-5bf8-5a30-b86d-81389f710db4', 'Eifel Gravel Loop', 'MANUAL', '2019-03-15 09:58:42+00', 2019, 3, 15, 11170, 11505, 12845, 65076, 688, 688, 2211),
      ('43983dd6-2305-5c35-98a6-53c6d81d2eb4', 'f36ec9a6-5bf8-5a30-b86d-81389f710db4', 'Eifel Gravel Loop', 'MANUAL', '2019-03-21 07:03:34+00', 2019, 3, 21, 12537, 12913, 14417, 73218, 1102, 1102, 2077),
      ('2d603ea5-5fc5-5a2e-99a0-2f4a31839644', 'f36ec9a6-5bf8-5a30-b86d-81389f710db4', 'Black Forest Crossing', 'MANUAL', '2019-03-25 09:50:10+00', 2019, 3, 25, 11935, 12293, 13725, 74286, 1312, 1312, 2515),
      ('8f9da66b-b55f-5ba5-801f-f260714b8852', 'f36ec9a6-5bf8-5a30-b86d-81389f710db4', 'Eifel Gravel Loop', 'MANUAL', '2019-04-05 07:56:08+00', 2019, 4, 5, 10443, 10756, 12009, 59328, 505, 505, 1968),
      ('a79e9ee5-7d5b-5d03-8709-ddd37df5b155', 'f36ec9a6-5bf8-5a30-b86d-81389f710db4', 'Baltic Coast Gravel', 'MANUAL', '2019-04-20 09:07:35+00', 2019, 4, 20, 6656, 6855, 7654, 43168, 327, 327, 1371),
      ('a07957ac-df72-5cff-8fc6-f1f94a16bfe7', 'f36ec9a6-5bf8-5a30-b86d-81389f710db4', 'Baltic Coast Gravel', 'MANUAL', '2019-05-10 11:38:18+00', 2019, 5, 10, 14055, 14476, 16163, 70407, 941, 941, 2350),
      ('5d8dad8b-d72e-5b95-bc80-3a5351f91eac', 'f36ec9a6-5bf8-5a30-b86d-81389f710db4', 'Black Forest Crossing', 'MANUAL', '2019-05-12 14:14:28+00', 2019, 5, 12, 5245, 5402, 6031, 31847, 370, 370, 854),
      ('0f099985-187f-5a32-828a-a5e1587e1399', 'f36ec9a6-5bf8-5a30-b86d-81389f710db4', 'Flanders Farm Tracks', 'MANUAL', '2019-05-13 10:17:13+00', 2019, 5, 13, 4749, 4891, 5461, 27319, 476, 476, 930),
      ('27ffab2d-ec07-5ca7-92fd-a646f8f1c19b', 'f36ec9a6-5bf8-5a30-b86d-81389f710db4', 'Baltic Coast Gravel', 'MANUAL', '2019-06-08 15:19:35+00', 2019, 6, 8, 8095, 8337, 9309, 41354, 484, 484, 1324),
      ('208c4772-7131-58ff-9dda-92f7e9973c28', 'f36ec9a6-5bf8-5a30-b86d-81389f710db4', 'Odenwald Gravel Tour', 'MANUAL', '2019-06-28 08:36:29+00', 2019, 6, 28, 13490, 13894, 15513, 80237, 1427, 1427, 2555),
      ('a1d29a90-325c-5936-a296-21d721d375cb', 'f36ec9a6-5bf8-5a30-b86d-81389f710db4', 'Flanders Farm Tracks', 'MANUAL', '2019-07-04 10:02:11+00', 2019, 7, 4, 14479, 14913, 16650, 78001, 953, 953, 2626),
      ('7f7cfdbd-a7e2-5207-b9d0-c3ea6b20daeb', 'f36ec9a6-5bf8-5a30-b86d-81389f710db4', 'Baltic Coast Gravel', 'MANUAL', '2019-07-05 10:00:21+00', 2019, 7, 5, 7556, 7782, 8689, 44260, 670, 670, 1400),
      ('dd0985cd-fec5-53c7-8800-e0d588260149', 'f36ec9a6-5bf8-5a30-b86d-81389f710db4', 'Eifel Gravel Loop', 'MANUAL', '2019-07-10 13:18:49+00', 2019, 7, 10, 12358, 12728, 14211, 74078, 1400, 1400, 2126),
      ('b6b2e2e5-9eb1-5526-82a7-24e827727164', 'f36ec9a6-5bf8-5a30-b86d-81389f710db4', 'Baltic Coast Gravel', 'MANUAL', '2019-07-11 16:58:10+00', 2019, 7, 11, 12730, 13111, 14639, 82598, 1388, 1388, 2666),
      ('79b98205-026e-5f37-8cda-1d8244e61c77', 'f36ec9a6-5bf8-5a30-b86d-81389f710db4', 'Baltic Coast Gravel', 'MANUAL', '2019-07-12 14:52:51+00', 2019, 7, 12, 9001, 9271, 10351, 53842, 788, 788, 1609),
      ('869007f9-7f91-5e74-9024-2c10c21c1f10', 'f36ec9a6-5bf8-5a30-b86d-81389f710db4', 'Odenwald Gravel Tour', 'MANUAL', '2019-08-11 11:19:41+00', 2019, 8, 11, 12064, 12425, 13873, 74237, 828, 828, 2233),
      ('b0ece0e1-8c5e-5ba4-8635-7acba55e6e79', 'f36ec9a6-5bf8-5a30-b86d-81389f710db4', 'Flanders Farm Tracks', 'MANUAL', '2019-08-25 09:15:28+00', 2019, 8, 25, 9549, 9835, 10981, 51571, 419, 419, 1892),
      ('09287470-5ca3-54fe-9661-5f9b46d85d3c', 'f36ec9a6-5bf8-5a30-b86d-81389f710db4', 'Vosges Forest Gravel', 'MANUAL', '2019-10-10 13:54:19+00', 2019, 10, 10, 4653, 4792, 5350, 30526, 453, 453, 786),
      ('23835ae4-a543-57a7-8412-f07a3b73a7cd', 'f36ec9a6-5bf8-5a30-b86d-81389f710db4', 'Black Forest Crossing', 'MANUAL', '2019-10-12 09:11:28+00', 2019, 10, 12, 10752, 11074, 12364, 71362, 1291, 1291, 2001),
      ('9464e33e-025f-54ed-8b90-e6fbdcc4aab9', 'f36ec9a6-5bf8-5a30-b86d-81389f710db4', 'Baltic Coast Gravel', 'MANUAL', '2019-11-23 13:56:37+00', 2019, 11, 23, 6135, 6319, 7055, 33854, 591, 591, 1265),
      ('e15beffe-4a8a-5059-9090-21489ea37f16', 'f36ec9a6-5bf8-5a30-b86d-81389f710db4', 'Flanders Farm Tracks', 'MANUAL', '2020-03-06 16:40:31+00', 2020, 3, 6, 13248, 13645, 15235, 76145, 1229, 1229, 2103),
      ('00a65f23-2148-5966-bb34-33f817245daf', 'f36ec9a6-5bf8-5a30-b86d-81389f710db4', 'Strade Bianche Gran Fondo', 'MANUAL', '2020-03-07 07:26:19+00', 2020, 3, 7, 7349, 7569, 8451, 43783, 368, 368, 1524),
      ('9e69cefe-225a-5bc3-a1bb-90ba045fbe17', 'f36ec9a6-5bf8-5a30-b86d-81389f710db4', 'Black Forest Crossing', 'MANUAL', '2020-03-10 16:35:41+00', 2020, 3, 10, 13675, 14085, 15726, 79080, 875, 875, 2306),
      ('880a2594-3fc1-58a7-af6c-94cc26b29960', 'f36ec9a6-5bf8-5a30-b86d-81389f710db4', 'Vosges Forest Gravel', 'MANUAL', '2020-03-11 07:55:28+00', 2020, 3, 11, 14003, 14423, 16103, 85273, 1200, 1200, 3062),
      ('f79c2dc5-3d96-577d-8d80-8e2c1125cb68', 'f36ec9a6-5bf8-5a30-b86d-81389f710db4', 'Strade Bianche Gran Fondo', 'MANUAL', '2020-03-12 13:05:29+00', 2020, 3, 12, 6052, 6233, 6959, 38356, 602, 602, 1172),
      ('7ab7bd8d-263e-5239-8d1f-4c6115191ba7', 'f36ec9a6-5bf8-5a30-b86d-81389f710db4', 'Taunus Gravel', 'MANUAL', '2020-03-17 09:25:04+00', 2020, 3, 17, 4567, 4704, 5252, 28047, 389, 389, 834),
      ('93c94bb6-b41f-5f6d-912f-a8d9961566d0', 'f36ec9a6-5bf8-5a30-b86d-81389f710db4', 'Taunus Gravel', 'MANUAL', '2020-03-24 11:18:10+00', 2020, 3, 24, 14016, 14436, 16118, 70421, 887, 887, 2198),
      ('09800108-2302-5965-a92b-c7afe137981f', 'f36ec9a6-5bf8-5a30-b86d-81389f710db4', 'Taunus Gravel', 'MANUAL', '2020-04-02 16:04:17+00', 2020, 4, 2, 8684, 8944, 9986, 55533, 458, 458, 1559),
      ('a69e2a8e-a715-5963-a802-83f3d655700e', 'f36ec9a6-5bf8-5a30-b86d-81389f710db4', 'Strade Bianche Gran Fondo', 'MANUAL', '2020-05-04 09:11:19+00', 2020, 5, 4, 7835, 8070, 9010, 48430, 496, 496, 1258),
      ('8882f90c-64b0-5e03-9326-b91773f56e10', 'f36ec9a6-5bf8-5a30-b86d-81389f710db4', 'Flanders Farm Tracks', 'MANUAL', '2020-06-18 16:37:44+00', 2020, 6, 18, 10726, 11047, 12334, 70077, 1204, 1204, 2173),
      ('cb68b652-5d2b-5209-a5ca-a68333cde706', 'f36ec9a6-5bf8-5a30-b86d-81389f710db4', 'Strade Bianche Gran Fondo', 'MANUAL', '2020-07-01 13:44:57+00', 2020, 7, 1, 12386, 12757, 14243, 65230, 1284, 1284, 2353),
      ('33f2ef90-8ee0-520a-b74d-c36785605da6', 'f36ec9a6-5bf8-5a30-b86d-81389f710db4', 'Black Forest Crossing', 'MANUAL', '2020-07-14 16:58:30+00', 2020, 7, 14, 11085, 11417, 12747, 67989, 1065, 1065, 2214),
      ('2aed83cd-b15e-5e5a-aa7a-2df7013b2980', 'f36ec9a6-5bf8-5a30-b86d-81389f710db4', 'Eifel Gravel Loop', 'MANUAL', '2020-07-24 10:48:07+00', 2020, 7, 24, 13424, 13826, 15437, 71894, 945, 945, 2823),
      ('d5d7f811-dc82-559a-b889-13baa55afdfa', 'f36ec9a6-5bf8-5a30-b86d-81389f710db4', 'Taunus Gravel', 'MANUAL', '2020-08-08 12:50:52+00', 2020, 8, 8, 10504, 10819, 12079, 62081, 888, 888, 2234),
      ('64c181fe-65c1-5ce4-943f-4bb7cc05a7a6', 'f36ec9a6-5bf8-5a30-b86d-81389f710db4', 'Eifel Gravel Loop', 'MANUAL', '2020-08-21 13:26:41+00', 2020, 8, 21, 8499, 8753, 9773, 53418, 743, 743, 1586),
      ('e88b5c53-837a-509d-a8e3-8704eca8e1aa', 'f36ec9a6-5bf8-5a30-b86d-81389f710db4', 'Strade Bianche Gran Fondo', 'MANUAL', '2020-08-24 12:55:55+00', 2020, 8, 24, 7252, 7469, 8339, 42708, 645, 645, 1474),
      ('a1cdd25e-ca51-52a3-95ef-fe1111adb108', 'f36ec9a6-5bf8-5a30-b86d-81389f710db4', 'Strade Bianche Gran Fondo', 'MANUAL', '2020-09-16 11:34:48+00', 2020, 9, 16, 4537, 4673, 5217, 27138, 189, 189, 730),
      ('daa2ec39-07cc-5ab8-8ad4-b52927d06d18', 'f36ec9a6-5bf8-5a30-b86d-81389f710db4', 'Flanders Farm Tracks', 'MANUAL', '2020-09-19 14:05:15+00', 2020, 9, 19, 6980, 7189, 8026, 40562, 260, 260, 1164),
      ('fd12741c-c8cb-5c47-afc5-4be24e740c46', 'f36ec9a6-5bf8-5a30-b86d-81389f710db4', 'Flanders Farm Tracks', 'MANUAL', '2020-11-09 13:53:15+00', 2020, 11, 9, 10776, 11099, 12392, 63379, 697, 697, 2293),
      ('125248d1-48f9-5525-b4d2-345e0236c2e3', 'f36ec9a6-5bf8-5a30-b86d-81389f710db4', 'Baltic Coast Gravel', 'MANUAL', '2020-11-25 11:03:16+00', 2020, 11, 25, 11069, 11401, 12729, 61556, 443, 443, 2306);

INSERT INTO maintenance_task (id, bike_id, name, distance_interval, time_interval) VALUES
      ('0399e6f1-130f-5b8b-8167-e7de8d2cc845', '70556a9d-bf01-42eb-b882-b5938fff7023', 'Wax chain', 300000, null),
      ('239eb3d0-5241-5aa6-ad5d-8164e9496f1b', '70556a9d-bf01-42eb-b882-b5938fff7023', 'Annual service', null, 31536000),
      ('61d8b83f-bdef-576e-a3dc-24be9dc22189', '99a133db-4f9b-4a5b-b6f9-8a5ec96d9db7', 'Drivetrain deep clean', null, 15768000),
      ('b33e2a82-a16a-5a88-9fb8-1a312cded32e', 'f36ec9a6-5bf8-5a30-b86d-81389f710db4', 'Brake pad check', 5000000, null),
      ('6fe9109a-81b7-55d7-a4c5-aff9d1b075d7', 'f36ec9a6-5bf8-5a30-b86d-81389f710db4', 'Wax chain', 400000, null);

INSERT INTO maintenance_event (id, maintenance_task_id, performed_at) VALUES
      ('ac400dc4-ee51-59d9-95f5-7e85272031b0', '0399e6f1-130f-5b8b-8167-e7de8d2cc845', '2018-02-05 12:00:00+00'),
      ('48d9c4ea-b9a7-5858-a5b3-a7703de7fb06', '0399e6f1-130f-5b8b-8167-e7de8d2cc845', '2018-05-05 12:00:00+00'),
      ('0e4d9d44-de14-5ca0-81dd-26cd12a38d96', '0399e6f1-130f-5b8b-8167-e7de8d2cc845', '2018-08-05 12:00:00+00'),
      ('3a3189b1-ee1b-5f3f-8d8f-9b4e99c99b7f', '0399e6f1-130f-5b8b-8167-e7de8d2cc845', '2018-11-05 12:00:00+00'),
      ('496d81ba-7151-5da3-82b4-f1b59c8857cc', '0399e6f1-130f-5b8b-8167-e7de8d2cc845', '2019-02-05 12:00:00+00'),
      ('4bcd204d-0e39-5541-8283-44ed50efd86c', '0399e6f1-130f-5b8b-8167-e7de8d2cc845', '2019-05-05 12:00:00+00'),
      ('eff66dfd-e299-5ca7-898e-29a281cc23cb', '0399e6f1-130f-5b8b-8167-e7de8d2cc845', '2019-08-05 12:00:00+00'),
      ('05db7b0c-0afa-5de3-9af0-8732d8637e1a', '0399e6f1-130f-5b8b-8167-e7de8d2cc845', '2019-11-05 12:00:00+00'),
      ('b331824f-3bd7-58b5-8856-b441a05a5af3', '0399e6f1-130f-5b8b-8167-e7de8d2cc845', '2020-02-05 12:00:00+00'),
      ('16fb7ea9-8819-53e3-ae07-f1eef079d1ee', '0399e6f1-130f-5b8b-8167-e7de8d2cc845', '2020-05-05 12:00:00+00'),
      ('864a58df-e753-5b7f-96e4-794f37d7eb47', '0399e6f1-130f-5b8b-8167-e7de8d2cc845', '2020-08-05 12:00:00+00'),
      ('a1b7a4da-c577-5e2d-bf57-d2023b307c97', '0399e6f1-130f-5b8b-8167-e7de8d2cc845', '2020-11-05 12:00:00+00'),
      ('af053704-3cc4-5dfd-95df-6c48edf95536', '239eb3d0-5241-5aa6-ad5d-8164e9496f1b', '2014-11-15 12:00:00+00'),
      ('f00a7b62-9e35-5038-8de7-2fa1a3431aa4', '239eb3d0-5241-5aa6-ad5d-8164e9496f1b', '2015-11-15 12:00:00+00'),
      ('c296f445-a30c-51cc-8404-4356680ead90', '239eb3d0-5241-5aa6-ad5d-8164e9496f1b', '2016-11-15 12:00:00+00'),
      ('91778a72-f4ec-576b-8be5-7ce18dae5927', '239eb3d0-5241-5aa6-ad5d-8164e9496f1b', '2017-11-15 12:00:00+00'),
      ('f4ff5dfd-b9e0-52d3-a939-6c1ae2266725', '239eb3d0-5241-5aa6-ad5d-8164e9496f1b', '2018-11-15 12:00:00+00'),
      ('a4e75716-4551-5826-955d-f06b933a7302', '239eb3d0-5241-5aa6-ad5d-8164e9496f1b', '2019-11-15 12:00:00+00'),
      ('4e0f0c63-b101-5580-962b-ca90f8dc099f', '61d8b83f-bdef-576e-a3dc-24be9dc22189', '2016-05-10 12:00:00+00'),
      ('46ed88dc-ee96-5b76-9750-e6768e02318c', '61d8b83f-bdef-576e-a3dc-24be9dc22189', '2016-08-10 12:00:00+00'),
      ('7ba5b64b-8fa9-5300-a4be-9c89d8128987', '61d8b83f-bdef-576e-a3dc-24be9dc22189', '2017-05-10 12:00:00+00'),
      ('5dfa4eea-32ae-5e7e-9df9-e3b4cf34b5e4', '61d8b83f-bdef-576e-a3dc-24be9dc22189', '2017-08-10 12:00:00+00'),
      ('84837b2d-3f68-5691-adc5-785c4a2764a4', '61d8b83f-bdef-576e-a3dc-24be9dc22189', '2018-05-10 12:00:00+00'),
      ('c6912d54-04e2-5dba-9b1e-708fbadbb05d', '61d8b83f-bdef-576e-a3dc-24be9dc22189', '2018-08-10 12:00:00+00'),
      ('cb4ad841-f25d-53be-bb6b-27581a512199', '61d8b83f-bdef-576e-a3dc-24be9dc22189', '2019-05-10 12:00:00+00'),
      ('768909cf-f2ad-53ff-8f09-557beb2e5405', '61d8b83f-bdef-576e-a3dc-24be9dc22189', '2019-08-10 12:00:00+00'),
      ('8ae5fdbb-2eea-5391-976e-be2b37db2459', 'b33e2a82-a16a-5a88-9fb8-1a312cded32e', '2017-06-01 12:00:00+00'),
      ('270ee759-4366-5dd7-8820-69a5c3904f29', 'b33e2a82-a16a-5a88-9fb8-1a312cded32e', '2018-07-01 12:00:00+00'),
      ('6f2f42c7-2b6d-5a6c-be5f-e292c5b2cc39', 'b33e2a82-a16a-5a88-9fb8-1a312cded32e', '2019-08-01 12:00:00+00'),
      ('7d2a0bcd-392a-51f3-9d55-0ba984899c5d', '6fe9109a-81b7-55d7-a4c5-aff9d1b075d7', '2019-03-20 12:00:00+00'),
      ('73551000-f8b3-506c-aac6-2cc26531baeb', '6fe9109a-81b7-55d7-a4c5-aff9d1b075d7', '2019-06-20 12:00:00+00'),
      ('2dcc73b2-cdd8-56b2-bf8c-9b04b874885f', '6fe9109a-81b7-55d7-a4c5-aff9d1b075d7', '2019-09-20 12:00:00+00'),
      ('8358766e-15b8-5b49-97b1-9b642a6a261a', '6fe9109a-81b7-55d7-a4c5-aff9d1b075d7', '2020-03-20 12:00:00+00'),
      ('64e11374-f7c0-5b71-8724-7000b049d358', '6fe9109a-81b7-55d7-a4c5-aff9d1b075d7', '2020-06-20 12:00:00+00'),
      ('6fdd04b7-1b76-5f31-9798-00c69bec24c4', '6fe9109a-81b7-55d7-a4c5-aff9d1b075d7', '2020-09-20 12:00:00+00');
