-- Anonymized test data for MyTourbook Derby fixture.
--
-- Fixed constants (reuse these in CE-0036 tests):
--   bikeA UUID : 'a1111111-0001-0001-0001-000000000001'  (tracked bike A)
--   bikeB UUID : 'b2222222-0002-0002-0002-000000000002'  (tracked bike B)
--   bikeC UUID : 'c3333333-0003-0003-0003-000000000003'  (foreign/untracked)
--
-- TOURID scheme (contiguous, no personal data):
--   9000000000001-9000000000012  bikeA candidates (valid: person=0, type IN {0,1,2,4,113})
--   9000000000013-9000000000024  bikeB candidates (valid: person=0, type IN {0,1,2,4,113})
--   9000000000025                bikeA+bikeB tags (AMBIGUOUS_BIKE — excluded by adapter)
--   9000000000026                bikeC tag        (excluded: UUID not in :bikeUuids)
--   9000000000027                Road tag only    (excluded: non-UUID tag name)
--   9000000000028                untagged         (excluded: no join row)
--   9000000000029                bikeA, TOURPERSON_PERSONID=4 (excluded: person filter)
--   9000000000030                bikeA, TOURTYPE_TYPEID=6    (excluded: type filter)
--
-- DBVERSION=59 (current real-DB value). To test SCHEMA_DRIFT, change this value and rebuild.
-- TOURSTARTTIME is milliseconds since epoch (2025, no personal location data).

INSERT INTO "USER"."DBVERSION" (VERSION) VALUES (59);

INSERT INTO "USER"."TOURTAG" (TAGID, ISROOT, EXPANDTYPE, NAME, NOTES) VALUES (1, 1, 0, 'a1111111-0001-0001-0001-000000000001', 'Test Bike A');
INSERT INTO "USER"."TOURTAG" (TAGID, ISROOT, EXPANDTYPE, NAME, NOTES) VALUES (2, 1, 0, 'b2222222-0002-0002-0002-000000000002', 'Test Bike B');
INSERT INTO "USER"."TOURTAG" (TAGID, ISROOT, EXPANDTYPE, NAME, NOTES) VALUES (3, 1, 0, 'c3333333-0003-0003-0003-000000000003', 'Test Bike C');
INSERT INTO "USER"."TOURTAG" (TAGID, ISROOT, EXPANDTYPE, NAME, NOTES) VALUES (4, 1, 0, 'Road', NULL);
INSERT INTO "USER"."TOURTAG" (TAGID, ISROOT, EXPANDTYPE, NAME, NOTES) VALUES (5, 1, 0, 'Gravel', NULL);

-- TOURDATA column order used below:
--   TOURID, STARTYEAR, STARTMONTH, STARTDAY, STARTHOUR, STARTMINUTE, STARTWEEK,
--   STARTDISTANCE, DISTANCE, STARTALTITUDE, STARTPULSE, DPTOLERANCE,
--   TOURDISTANCE, TOURALTUP, TOURALTDOWN, DEVICETRAVELTIME,
--   DEVICEDISTANCE, DEVICEWHEEL, DEVICEWEIGHT, DEVICETOTALUP, DEVICETOTALDOWN,
--   TOURTITLE, TOURSTARTTIME, TOURDEVICETIME_ELAPSED, TOURCOMPUTEDTIME_MOVING,
--   TOURDEVICETIME_RECORDED, POWER_TOTALWORK, TOURTYPE_TYPEID, TOURPERSON_PERSONID

-- bikeA tours (TOURIDs 9000000000001-9000000000012)
INSERT INTO "USER"."TOURDATA" (TOURID,STARTYEAR,STARTMONTH,STARTDAY,STARTHOUR,STARTMINUTE,STARTWEEK,STARTDISTANCE,DISTANCE,STARTALTITUDE,STARTPULSE,DPTOLERANCE,TOURDISTANCE,TOURALTUP,TOURALTDOWN,DEVICETRAVELTIME,DEVICEDISTANCE,DEVICEWHEEL,DEVICEWEIGHT,DEVICETOTALUP,DEVICETOTALDOWN,TOURTITLE,TOURSTARTTIME,TOURDEVICETIME_ELAPSED,TOURCOMPUTEDTIME_MOVING,TOURDEVICETIME_RECORDED,POWER_TOTALWORK,TOURTYPE_TYPEID,TOURPERSON_PERSONID) VALUES (9000000000001,2025,1,15,8,0,3,0,0,200,0,2,52000,650,630,7800,0,0,0,650,630,'Test ride 01',1736899200000,7800,7020,7800,0,0,0);
INSERT INTO "USER"."TOURDATA" (TOURID,STARTYEAR,STARTMONTH,STARTDAY,STARTHOUR,STARTMINUTE,STARTWEEK,STARTDISTANCE,DISTANCE,STARTALTITUDE,STARTPULSE,DPTOLERANCE,TOURDISTANCE,TOURALTUP,TOURALTDOWN,DEVICETRAVELTIME,DEVICEDISTANCE,DEVICEWHEEL,DEVICEWEIGHT,DEVICETOTALUP,DEVICETOTALDOWN,TOURTITLE,TOURSTARTTIME,TOURDEVICETIME_ELAPSED,TOURCOMPUTEDTIME_MOVING,TOURDEVICETIME_RECORDED,POWER_TOTALWORK,TOURTYPE_TYPEID,TOURPERSON_PERSONID) VALUES (9000000000002,2025,1,18,8,0,3,0,0,200,0,2,55000,920,900,7200,0,0,0,920,900,'Test ride 02',1737158400000,7200,6480,7200,0,1,0);
INSERT INTO "USER"."TOURDATA" (TOURID,STARTYEAR,STARTMONTH,STARTDAY,STARTHOUR,STARTMINUTE,STARTWEEK,STARTDISTANCE,DISTANCE,STARTALTITUDE,STARTPULSE,DPTOLERANCE,TOURDISTANCE,TOURALTUP,TOURALTDOWN,DEVICETRAVELTIME,DEVICEDISTANCE,DEVICEWHEEL,DEVICEWEIGHT,DEVICETOTALUP,DEVICETOTALDOWN,TOURTITLE,TOURSTARTTIME,TOURDEVICETIME_ELAPSED,TOURCOMPUTEDTIME_MOVING,TOURDEVICETIME_RECORDED,POWER_TOTALWORK,TOURTYPE_TYPEID,TOURPERSON_PERSONID) VALUES (9000000000003,2025,1,21,8,0,4,0,0,200,0,2,62000,1100,1080,8100,0,0,0,1100,1080,'Test ride 03',1737417600000,8100,7290,8100,0,2,0);
INSERT INTO "USER"."TOURDATA" (TOURID,STARTYEAR,STARTMONTH,STARTDAY,STARTHOUR,STARTMINUTE,STARTWEEK,STARTDISTANCE,DISTANCE,STARTALTITUDE,STARTPULSE,DPTOLERANCE,TOURDISTANCE,TOURALTUP,TOURALTDOWN,DEVICETRAVELTIME,DEVICEDISTANCE,DEVICEWHEEL,DEVICEWEIGHT,DEVICETOTALUP,DEVICETOTALDOWN,TOURTITLE,TOURSTARTTIME,TOURDEVICETIME_ELAPSED,TOURCOMPUTEDTIME_MOVING,TOURDEVICETIME_RECORDED,POWER_TOTALWORK,TOURTYPE_TYPEID,TOURPERSON_PERSONID) VALUES (9000000000004,2025,1,24,8,0,4,0,0,200,0,2,43000,580,560,5400,0,0,0,580,560,'Test ride 04',1737676800000,5400,4860,5400,0,4,0);
INSERT INTO "USER"."TOURDATA" (TOURID,STARTYEAR,STARTMONTH,STARTDAY,STARTHOUR,STARTMINUTE,STARTWEEK,STARTDISTANCE,DISTANCE,STARTALTITUDE,STARTPULSE,DPTOLERANCE,TOURDISTANCE,TOURALTUP,TOURALTDOWN,DEVICETRAVELTIME,DEVICEDISTANCE,DEVICEWHEEL,DEVICEWEIGHT,DEVICETOTALUP,DEVICETOTALDOWN,TOURTITLE,TOURSTARTTIME,TOURDEVICETIME_ELAPSED,TOURCOMPUTEDTIME_MOVING,TOURDEVICETIME_RECORDED,POWER_TOTALWORK,TOURTYPE_TYPEID,TOURPERSON_PERSONID) VALUES (9000000000005,2025,1,27,8,0,5,0,0,200,0,2,78000,1350,1330,10800,0,0,0,1350,1330,'Test ride 05',1737936000000,10800,9720,10800,0,113,0);
INSERT INTO "USER"."TOURDATA" (TOURID,STARTYEAR,STARTMONTH,STARTDAY,STARTHOUR,STARTMINUTE,STARTWEEK,STARTDISTANCE,DISTANCE,STARTALTITUDE,STARTPULSE,DPTOLERANCE,TOURDISTANCE,TOURALTUP,TOURALTDOWN,DEVICETRAVELTIME,DEVICEDISTANCE,DEVICEWHEEL,DEVICEWEIGHT,DEVICETOTALUP,DEVICETOTALDOWN,TOURTITLE,TOURSTARTTIME,TOURDEVICETIME_ELAPSED,TOURCOMPUTEDTIME_MOVING,TOURDEVICETIME_RECORDED,POWER_TOTALWORK,TOURTYPE_TYPEID,TOURPERSON_PERSONID) VALUES (9000000000006,2025,1,30,8,0,5,0,0,200,0,2,51000,680,660,6600,0,0,0,680,660,'Test ride 06',1738195200000,6600,5940,6600,0,0,0);
INSERT INTO "USER"."TOURDATA" (TOURID,STARTYEAR,STARTMONTH,STARTDAY,STARTHOUR,STARTMINUTE,STARTWEEK,STARTDISTANCE,DISTANCE,STARTALTITUDE,STARTPULSE,DPTOLERANCE,TOURDISTANCE,TOURALTUP,TOURALTDOWN,DEVICETRAVELTIME,DEVICEDISTANCE,DEVICEWHEEL,DEVICEWEIGHT,DEVICETOTALUP,DEVICETOTALDOWN,TOURTITLE,TOURSTARTTIME,TOURDEVICETIME_ELAPSED,TOURCOMPUTEDTIME_MOVING,TOURDEVICETIME_RECORDED,POWER_TOTALWORK,TOURTYPE_TYPEID,TOURPERSON_PERSONID) VALUES (9000000000007,2025,2,2,8,0,5,0,0,200,0,2,67000,890,870,8700,0,0,0,890,870,'Test ride 07',1738454400000,8700,7830,8700,0,1,0);
INSERT INTO "USER"."TOURDATA" (TOURID,STARTYEAR,STARTMONTH,STARTDAY,STARTHOUR,STARTMINUTE,STARTWEEK,STARTDISTANCE,DISTANCE,STARTALTITUDE,STARTPULSE,DPTOLERANCE,TOURDISTANCE,TOURALTUP,TOURALTDOWN,DEVICETRAVELTIME,DEVICEDISTANCE,DEVICEWHEEL,DEVICEWEIGHT,DEVICETOTALUP,DEVICETOTALDOWN,TOURTITLE,TOURSTARTTIME,TOURDEVICETIME_ELAPSED,TOURCOMPUTEDTIME_MOVING,TOURDEVICETIME_RECORDED,POWER_TOTALWORK,TOURTYPE_TYPEID,TOURPERSON_PERSONID) VALUES (9000000000008,2025,2,5,8,0,6,0,0,200,0,2,44000,620,600,5700,0,0,0,620,600,'Test ride 08',1738713600000,5700,5130,5700,0,2,0);
INSERT INTO "USER"."TOURDATA" (TOURID,STARTYEAR,STARTMONTH,STARTDAY,STARTHOUR,STARTMINUTE,STARTWEEK,STARTDISTANCE,DISTANCE,STARTALTITUDE,STARTPULSE,DPTOLERANCE,TOURDISTANCE,TOURALTUP,TOURALTDOWN,DEVICETRAVELTIME,DEVICEDISTANCE,DEVICEWHEEL,DEVICEWEIGHT,DEVICETOTALUP,DEVICETOTALDOWN,TOURTITLE,TOURSTARTTIME,TOURDEVICETIME_ELAPSED,TOURCOMPUTEDTIME_MOVING,TOURDEVICETIME_RECORDED,POWER_TOTALWORK,TOURTYPE_TYPEID,TOURPERSON_PERSONID) VALUES (9000000000009,2025,2,8,8,0,6,0,0,200,0,2,59000,810,790,7500,0,0,0,810,790,'Test ride 09',1738972800000,7500,6750,7500,0,4,0);
INSERT INTO "USER"."TOURDATA" (TOURID,STARTYEAR,STARTMONTH,STARTDAY,STARTHOUR,STARTMINUTE,STARTWEEK,STARTDISTANCE,DISTANCE,STARTALTITUDE,STARTPULSE,DPTOLERANCE,TOURDISTANCE,TOURALTUP,TOURALTDOWN,DEVICETRAVELTIME,DEVICEDISTANCE,DEVICEWHEEL,DEVICEWEIGHT,DEVICETOTALUP,DEVICETOTALDOWN,TOURTITLE,TOURSTARTTIME,TOURDEVICETIME_ELAPSED,TOURCOMPUTEDTIME_MOVING,TOURDEVICETIME_RECORDED,POWER_TOTALWORK,TOURTYPE_TYPEID,TOURPERSON_PERSONID) VALUES (9000000000010,2025,2,11,8,0,7,0,0,200,0,2,71000,1020,1000,9000,0,0,0,1020,1000,'Test ride 10',1739232000000,9000,8100,9000,0,113,0);
INSERT INTO "USER"."TOURDATA" (TOURID,STARTYEAR,STARTMONTH,STARTDAY,STARTHOUR,STARTMINUTE,STARTWEEK,STARTDISTANCE,DISTANCE,STARTALTITUDE,STARTPULSE,DPTOLERANCE,TOURDISTANCE,TOURALTUP,TOURALTDOWN,DEVICETRAVELTIME,DEVICEDISTANCE,DEVICEWHEEL,DEVICEWEIGHT,DEVICETOTALUP,DEVICETOTALDOWN,TOURTITLE,TOURSTARTTIME,TOURDEVICETIME_ELAPSED,TOURCOMPUTEDTIME_MOVING,TOURDEVICETIME_RECORDED,POWER_TOTALWORK,TOURTYPE_TYPEID,TOURPERSON_PERSONID) VALUES (9000000000011,2025,2,14,8,0,7,0,0,200,0,2,46000,540,520,5100,0,0,0,540,520,'Test ride 11',1739491200000,5100,4590,5100,0,0,0);
INSERT INTO "USER"."TOURDATA" (TOURID,STARTYEAR,STARTMONTH,STARTDAY,STARTHOUR,STARTMINUTE,STARTWEEK,STARTDISTANCE,DISTANCE,STARTALTITUDE,STARTPULSE,DPTOLERANCE,TOURDISTANCE,TOURALTUP,TOURALTDOWN,DEVICETRAVELTIME,DEVICEDISTANCE,DEVICEWHEEL,DEVICEWEIGHT,DEVICETOTALUP,DEVICETOTALDOWN,TOURTITLE,TOURSTARTTIME,TOURDEVICETIME_ELAPSED,TOURCOMPUTEDTIME_MOVING,TOURDEVICETIME_RECORDED,POWER_TOTALWORK,TOURTYPE_TYPEID,TOURPERSON_PERSONID) VALUES (9000000000012,2025,2,17,8,0,7,0,0,200,0,2,83000,1280,1260,11400,0,0,0,1280,1260,'Test ride 12',1739750400000,11400,10260,11400,0,1,0);

-- bikeB tours (TOURIDs 9000000000013-9000000000024)
INSERT INTO "USER"."TOURDATA" (TOURID,STARTYEAR,STARTMONTH,STARTDAY,STARTHOUR,STARTMINUTE,STARTWEEK,STARTDISTANCE,DISTANCE,STARTALTITUDE,STARTPULSE,DPTOLERANCE,TOURDISTANCE,TOURALTUP,TOURALTDOWN,DEVICETRAVELTIME,DEVICEDISTANCE,DEVICEWHEEL,DEVICEWEIGHT,DEVICETOTALUP,DEVICETOTALDOWN,TOURTITLE,TOURSTARTTIME,TOURDEVICETIME_ELAPSED,TOURCOMPUTEDTIME_MOVING,TOURDEVICETIME_RECORDED,POWER_TOTALWORK,TOURTYPE_TYPEID,TOURPERSON_PERSONID) VALUES (9000000000013,2025,2,20,8,0,8,0,0,200,0,2,52000,860,840,6900,0,0,0,860,840,'Test ride 13',1740009600000,6900,6210,6900,0,2,0);
INSERT INTO "USER"."TOURDATA" (TOURID,STARTYEAR,STARTMONTH,STARTDAY,STARTHOUR,STARTMINUTE,STARTWEEK,STARTDISTANCE,DISTANCE,STARTALTITUDE,STARTPULSE,DPTOLERANCE,TOURDISTANCE,TOURALTUP,TOURALTDOWN,DEVICETRAVELTIME,DEVICEDISTANCE,DEVICEWHEEL,DEVICEWEIGHT,DEVICETOTALUP,DEVICETOTALDOWN,TOURTITLE,TOURSTARTTIME,TOURDEVICETIME_ELAPSED,TOURCOMPUTEDTIME_MOVING,TOURDEVICETIME_RECORDED,POWER_TOTALWORK,TOURTYPE_TYPEID,TOURPERSON_PERSONID) VALUES (9000000000014,2025,2,23,8,0,8,0,0,200,0,2,69000,1150,1130,9300,0,0,0,1150,1130,'Test ride 14',1740268800000,9300,8370,9300,0,4,0);
INSERT INTO "USER"."TOURDATA" (TOURID,STARTYEAR,STARTMONTH,STARTDAY,STARTHOUR,STARTMINUTE,STARTWEEK,STARTDISTANCE,DISTANCE,STARTALTITUDE,STARTPULSE,DPTOLERANCE,TOURDISTANCE,TOURALTUP,TOURALTDOWN,DEVICETRAVELTIME,DEVICEDISTANCE,DEVICEWHEEL,DEVICEWEIGHT,DEVICETOTALUP,DEVICETOTALDOWN,TOURTITLE,TOURSTARTTIME,TOURDEVICETIME_ELAPSED,TOURCOMPUTEDTIME_MOVING,TOURDEVICETIME_RECORDED,POWER_TOTALWORK,TOURTYPE_TYPEID,TOURPERSON_PERSONID) VALUES (9000000000015,2025,2,26,8,0,9,0,0,200,0,2,41000,490,470,4800,0,0,0,490,470,'Test ride 15',1740528000000,4800,4320,4800,0,113,0);
INSERT INTO "USER"."TOURDATA" (TOURID,STARTYEAR,STARTMONTH,STARTDAY,STARTHOUR,STARTMINUTE,STARTWEEK,STARTDISTANCE,DISTANCE,STARTALTITUDE,STARTPULSE,DPTOLERANCE,TOURDISTANCE,TOURALTUP,TOURALTDOWN,DEVICETRAVELTIME,DEVICEDISTANCE,DEVICEWHEEL,DEVICEWEIGHT,DEVICETOTALUP,DEVICETOTALDOWN,TOURTITLE,TOURSTARTTIME,TOURDEVICETIME_ELAPSED,TOURCOMPUTEDTIME_MOVING,TOURDEVICETIME_RECORDED,POWER_TOTALWORK,TOURTYPE_TYPEID,TOURPERSON_PERSONID) VALUES (9000000000016,2025,3,1,8,0,9,0,0,200,0,2,74000,1080,1060,8400,0,0,0,1080,1060,'Test ride 16',1740787200000,8400,7560,8400,0,0,0);
INSERT INTO "USER"."TOURDATA" (TOURID,STARTYEAR,STARTMONTH,STARTDAY,STARTHOUR,STARTMINUTE,STARTWEEK,STARTDISTANCE,DISTANCE,STARTALTITUDE,STARTPULSE,DPTOLERANCE,TOURDISTANCE,TOURALTUP,TOURALTDOWN,DEVICETRAVELTIME,DEVICEDISTANCE,DEVICEWHEEL,DEVICEWEIGHT,DEVICETOTALUP,DEVICETOTALDOWN,TOURTITLE,TOURSTARTTIME,TOURDEVICETIME_ELAPSED,TOURCOMPUTEDTIME_MOVING,TOURDEVICETIME_RECORDED,POWER_TOTALWORK,TOURTYPE_TYPEID,TOURPERSON_PERSONID) VALUES (9000000000017,2025,3,4,8,0,10,0,0,200,0,2,57000,730,710,6600,0,0,0,730,710,'Test ride 17',1741046400000,6600,5940,6600,0,1,0);
INSERT INTO "USER"."TOURDATA" (TOURID,STARTYEAR,STARTMONTH,STARTDAY,STARTHOUR,STARTMINUTE,STARTWEEK,STARTDISTANCE,DISTANCE,STARTALTITUDE,STARTPULSE,DPTOLERANCE,TOURDISTANCE,TOURALTUP,TOURALTDOWN,DEVICETRAVELTIME,DEVICEDISTANCE,DEVICEWHEEL,DEVICEWEIGHT,DEVICETOTALUP,DEVICETOTALDOWN,TOURTITLE,TOURSTARTTIME,TOURDEVICETIME_ELAPSED,TOURCOMPUTEDTIME_MOVING,TOURDEVICETIME_RECORDED,POWER_TOTALWORK,TOURTYPE_TYPEID,TOURPERSON_PERSONID) VALUES (9000000000018,2025,3,7,8,0,10,0,0,200,0,2,63000,950,930,7800,0,0,0,950,930,'Test ride 18',1741305600000,7800,7020,7800,0,2,0);
INSERT INTO "USER"."TOURDATA" (TOURID,STARTYEAR,STARTMONTH,STARTDAY,STARTHOUR,STARTMINUTE,STARTWEEK,STARTDISTANCE,DISTANCE,STARTALTITUDE,STARTPULSE,DPTOLERANCE,TOURDISTANCE,TOURALTUP,TOURALTDOWN,DEVICETRAVELTIME,DEVICEDISTANCE,DEVICEWHEEL,DEVICEWEIGHT,DEVICETOTALUP,DEVICETOTALDOWN,TOURTITLE,TOURSTARTTIME,TOURDEVICETIME_ELAPSED,TOURCOMPUTEDTIME_MOVING,TOURDEVICETIME_RECORDED,POWER_TOTALWORK,TOURTYPE_TYPEID,TOURPERSON_PERSONID) VALUES (9000000000019,2025,3,10,8,0,11,0,0,200,0,2,48000,670,650,6300,0,0,0,670,650,'Test ride 19',1741564800000,6300,5670,6300,0,4,0);
INSERT INTO "USER"."TOURDATA" (TOURID,STARTYEAR,STARTMONTH,STARTDAY,STARTHOUR,STARTMINUTE,STARTWEEK,STARTDISTANCE,DISTANCE,STARTALTITUDE,STARTPULSE,DPTOLERANCE,TOURDISTANCE,TOURALTUP,TOURALTDOWN,DEVICETRAVELTIME,DEVICEDISTANCE,DEVICEWHEEL,DEVICEWEIGHT,DEVICETOTALUP,DEVICETOTALDOWN,TOURTITLE,TOURSTARTTIME,TOURDEVICETIME_ELAPSED,TOURCOMPUTEDTIME_MOVING,TOURDEVICETIME_RECORDED,POWER_TOTALWORK,TOURTYPE_TYPEID,TOURPERSON_PERSONID) VALUES (9000000000020,2025,3,13,8,0,11,0,0,200,0,2,82000,1400,1380,10200,0,0,0,1400,1380,'Test ride 20',1741824000000,10200,9180,10200,0,113,0);
INSERT INTO "USER"."TOURDATA" (TOURID,STARTYEAR,STARTMONTH,STARTDAY,STARTHOUR,STARTMINUTE,STARTWEEK,STARTDISTANCE,DISTANCE,STARTALTITUDE,STARTPULSE,DPTOLERANCE,TOURDISTANCE,TOURALTUP,TOURALTDOWN,DEVICETRAVELTIME,DEVICEDISTANCE,DEVICEWHEEL,DEVICEWEIGHT,DEVICETOTALUP,DEVICETOTALDOWN,TOURTITLE,TOURSTARTTIME,TOURDEVICETIME_ELAPSED,TOURCOMPUTEDTIME_MOVING,TOURDEVICETIME_RECORDED,POWER_TOTALWORK,TOURTYPE_TYPEID,TOURPERSON_PERSONID) VALUES (9000000000021,2025,3,16,8,0,11,0,0,200,0,2,45000,510,490,4500,0,0,0,510,490,'Test ride 21',1742083200000,4500,4050,4500,0,0,0);
INSERT INTO "USER"."TOURDATA" (TOURID,STARTYEAR,STARTMONTH,STARTDAY,STARTHOUR,STARTMINUTE,STARTWEEK,STARTDISTANCE,DISTANCE,STARTALTITUDE,STARTPULSE,DPTOLERANCE,TOURDISTANCE,TOURALTUP,TOURALTDOWN,DEVICETRAVELTIME,DEVICEDISTANCE,DEVICEWHEEL,DEVICEWEIGHT,DEVICETOTALUP,DEVICETOTALDOWN,TOURTITLE,TOURSTARTTIME,TOURDEVICETIME_ELAPSED,TOURCOMPUTEDTIME_MOVING,TOURDEVICETIME_RECORDED,POWER_TOTALWORK,TOURTYPE_TYPEID,TOURPERSON_PERSONID) VALUES (9000000000022,2025,3,19,8,0,12,0,0,200,0,2,61000,870,850,7200,0,0,0,870,850,'Test ride 22',1742342400000,7200,6480,7200,0,1,0);
INSERT INTO "USER"."TOURDATA" (TOURID,STARTYEAR,STARTMONTH,STARTDAY,STARTHOUR,STARTMINUTE,STARTWEEK,STARTDISTANCE,DISTANCE,STARTALTITUDE,STARTPULSE,DPTOLERANCE,TOURDISTANCE,TOURALTUP,TOURALTDOWN,DEVICETRAVELTIME,DEVICEDISTANCE,DEVICEWHEEL,DEVICEWEIGHT,DEVICETOTALUP,DEVICETOTALDOWN,TOURTITLE,TOURSTARTTIME,TOURDEVICETIME_ELAPSED,TOURCOMPUTEDTIME_MOVING,TOURDEVICETIME_RECORDED,POWER_TOTALWORK,TOURTYPE_TYPEID,TOURPERSON_PERSONID) VALUES (9000000000023,2025,3,22,8,0,12,0,0,200,0,2,77000,1190,1170,9600,0,0,0,1190,1170,'Test ride 23',1742601600000,9600,8640,9600,0,2,0);
INSERT INTO "USER"."TOURDATA" (TOURID,STARTYEAR,STARTMONTH,STARTDAY,STARTHOUR,STARTMINUTE,STARTWEEK,STARTDISTANCE,DISTANCE,STARTALTITUDE,STARTPULSE,DPTOLERANCE,TOURDISTANCE,TOURALTUP,TOURALTDOWN,DEVICETRAVELTIME,DEVICEDISTANCE,DEVICEWHEEL,DEVICEWEIGHT,DEVICETOTALUP,DEVICETOTALDOWN,TOURTITLE,TOURSTARTTIME,TOURDEVICETIME_ELAPSED,TOURCOMPUTEDTIME_MOVING,TOURDEVICETIME_RECORDED,POWER_TOTALWORK,TOURTYPE_TYPEID,TOURPERSON_PERSONID) VALUES (9000000000024,2025,3,25,8,0,13,0,0,200,0,2,50000,640,620,5700,0,0,0,640,620,'Test ride 24',1742860800000,5700,5130,5700,0,4,0);

-- Special-case tours (25-30)
-- 9000000000025: tagged bikeA AND bikeB → AMBIGUOUS_BIKE (adapter must skip)
INSERT INTO "USER"."TOURDATA" (TOURID,STARTYEAR,STARTMONTH,STARTDAY,STARTHOUR,STARTMINUTE,STARTWEEK,STARTDISTANCE,DISTANCE,STARTALTITUDE,STARTPULSE,DPTOLERANCE,TOURDISTANCE,TOURALTUP,TOURALTDOWN,DEVICETRAVELTIME,DEVICEDISTANCE,DEVICEWHEEL,DEVICEWEIGHT,DEVICETOTALUP,DEVICETOTALDOWN,TOURTITLE,TOURSTARTTIME,TOURDEVICETIME_ELAPSED,TOURCOMPUTEDTIME_MOVING,TOURDEVICETIME_RECORDED,POWER_TOTALWORK,TOURTYPE_TYPEID,TOURPERSON_PERSONID) VALUES (9000000000025,2025,3,28,8,0,13,0,0,200,0,2,65000,780,760,7800,0,0,0,780,760,'Test ride 25',1743120000000,7800,7020,7800,0,0,0);
-- 9000000000026: tagged bikeC (foreign UUID) → excluded by TT.NAME IN (:bikeUuids)
INSERT INTO "USER"."TOURDATA" (TOURID,STARTYEAR,STARTMONTH,STARTDAY,STARTHOUR,STARTMINUTE,STARTWEEK,STARTDISTANCE,DISTANCE,STARTALTITUDE,STARTPULSE,DPTOLERANCE,TOURDISTANCE,TOURALTUP,TOURALTDOWN,DEVICETRAVELTIME,DEVICEDISTANCE,DEVICEWHEEL,DEVICEWEIGHT,DEVICETOTALUP,DEVICETOTALDOWN,TOURTITLE,TOURSTARTTIME,TOURDEVICETIME_ELAPSED,TOURCOMPUTEDTIME_MOVING,TOURDEVICETIME_RECORDED,POWER_TOTALWORK,TOURTYPE_TYPEID,TOURPERSON_PERSONID) VALUES (9000000000026,2025,3,31,8,0,14,0,0,200,0,2,38000,430,410,3600,0,0,0,430,410,'Test ride 26',1743379200000,3600,3240,3600,0,113,0);
-- 9000000000027: tagged 'Road' only (non-UUID tag) → excluded
INSERT INTO "USER"."TOURDATA" (TOURID,STARTYEAR,STARTMONTH,STARTDAY,STARTHOUR,STARTMINUTE,STARTWEEK,STARTDISTANCE,DISTANCE,STARTALTITUDE,STARTPULSE,DPTOLERANCE,TOURDISTANCE,TOURALTUP,TOURALTDOWN,DEVICETRAVELTIME,DEVICEDISTANCE,DEVICEWHEEL,DEVICEWEIGHT,DEVICETOTALUP,DEVICETOTALDOWN,TOURTITLE,TOURSTARTTIME,TOURDEVICETIME_ELAPSED,TOURCOMPUTEDTIME_MOVING,TOURDEVICETIME_RECORDED,POWER_TOTALWORK,TOURTYPE_TYPEID,TOURPERSON_PERSONID) VALUES (9000000000027,2025,4,3,8,0,14,0,0,200,0,2,54000,690,670,6000,0,0,0,690,670,'Test ride 27',1743638400000,6000,5400,6000,0,2,0);
-- 9000000000028: untagged → excluded (no TOURDATA_TOURTAG row)
INSERT INTO "USER"."TOURDATA" (TOURID,STARTYEAR,STARTMONTH,STARTDAY,STARTHOUR,STARTMINUTE,STARTWEEK,STARTDISTANCE,DISTANCE,STARTALTITUDE,STARTPULSE,DPTOLERANCE,TOURDISTANCE,TOURALTUP,TOURALTDOWN,DEVICETRAVELTIME,DEVICEDISTANCE,DEVICEWHEEL,DEVICEWEIGHT,DEVICETOTALUP,DEVICETOTALDOWN,TOURTITLE,TOURSTARTTIME,TOURDEVICETIME_ELAPSED,TOURCOMPUTEDTIME_MOVING,TOURDEVICETIME_RECORDED,POWER_TOTALWORK,TOURTYPE_TYPEID,TOURPERSON_PERSONID) VALUES (9000000000028,2025,4,6,8,0,14,0,0,200,0,2,42000,460,440,4200,0,0,0,460,440,'Test ride 28',1743897600000,4200,3780,4200,0,1,0);
-- 9000000000029: tagged bikeA but TOURPERSON_PERSONID=4 → excluded by person filter
INSERT INTO "USER"."TOURDATA" (TOURID,STARTYEAR,STARTMONTH,STARTDAY,STARTHOUR,STARTMINUTE,STARTWEEK,STARTDISTANCE,DISTANCE,STARTALTITUDE,STARTPULSE,DPTOLERANCE,TOURDISTANCE,TOURALTUP,TOURALTDOWN,DEVICETRAVELTIME,DEVICEDISTANCE,DEVICEWHEEL,DEVICEWEIGHT,DEVICETOTALUP,DEVICETOTALDOWN,TOURTITLE,TOURSTARTTIME,TOURDEVICETIME_ELAPSED,TOURCOMPUTEDTIME_MOVING,TOURDEVICETIME_RECORDED,POWER_TOTALWORK,TOURTYPE_TYPEID,TOURPERSON_PERSONID) VALUES (9000000000029,2025,4,9,8,0,15,0,0,200,0,2,60000,720,700,7200,0,0,0,720,700,'Test ride 29',1744156800000,7200,6480,7200,0,0,4);
-- 9000000000030: tagged bikeA but TOURTYPE_TYPEID=6 → excluded by type filter
INSERT INTO "USER"."TOURDATA" (TOURID,STARTYEAR,STARTMONTH,STARTDAY,STARTHOUR,STARTMINUTE,STARTWEEK,STARTDISTANCE,DISTANCE,STARTALTITUDE,STARTPULSE,DPTOLERANCE,TOURDISTANCE,TOURALTUP,TOURALTDOWN,DEVICETRAVELTIME,DEVICEDISTANCE,DEVICEWHEEL,DEVICEWEIGHT,DEVICETOTALUP,DEVICETOTALDOWN,TOURTITLE,TOURSTARTTIME,TOURDEVICETIME_ELAPSED,TOURCOMPUTEDTIME_MOVING,TOURDEVICETIME_RECORDED,POWER_TOTALWORK,TOURTYPE_TYPEID,TOURPERSON_PERSONID) VALUES (9000000000030,2025,4,12,8,0,15,0,0,200,0,2,47000,550,530,4800,0,0,0,550,530,'Test ride 30',1744416000000,4800,4320,4800,0,6,0);

-- TOURDATA_TOURTAG link rows (after TOURDATA to satisfy FK)
-- bikeA links
INSERT INTO "USER"."TOURDATA_TOURTAG" (TOURTAG_TAGID, TOURDATA_TOURID) VALUES (1, 9000000000001);
INSERT INTO "USER"."TOURDATA_TOURTAG" (TOURTAG_TAGID, TOURDATA_TOURID) VALUES (1, 9000000000002);
INSERT INTO "USER"."TOURDATA_TOURTAG" (TOURTAG_TAGID, TOURDATA_TOURID) VALUES (1, 9000000000003);
INSERT INTO "USER"."TOURDATA_TOURTAG" (TOURTAG_TAGID, TOURDATA_TOURID) VALUES (1, 9000000000004);
INSERT INTO "USER"."TOURDATA_TOURTAG" (TOURTAG_TAGID, TOURDATA_TOURID) VALUES (1, 9000000000005);
INSERT INTO "USER"."TOURDATA_TOURTAG" (TOURTAG_TAGID, TOURDATA_TOURID) VALUES (1, 9000000000006);
INSERT INTO "USER"."TOURDATA_TOURTAG" (TOURTAG_TAGID, TOURDATA_TOURID) VALUES (1, 9000000000007);
INSERT INTO "USER"."TOURDATA_TOURTAG" (TOURTAG_TAGID, TOURDATA_TOURID) VALUES (1, 9000000000008);
INSERT INTO "USER"."TOURDATA_TOURTAG" (TOURTAG_TAGID, TOURDATA_TOURID) VALUES (1, 9000000000009);
INSERT INTO "USER"."TOURDATA_TOURTAG" (TOURTAG_TAGID, TOURDATA_TOURID) VALUES (1, 9000000000010);
INSERT INTO "USER"."TOURDATA_TOURTAG" (TOURTAG_TAGID, TOURDATA_TOURID) VALUES (1, 9000000000011);
INSERT INTO "USER"."TOURDATA_TOURTAG" (TOURTAG_TAGID, TOURDATA_TOURID) VALUES (1, 9000000000012);
-- bikeB links
INSERT INTO "USER"."TOURDATA_TOURTAG" (TOURTAG_TAGID, TOURDATA_TOURID) VALUES (2, 9000000000013);
INSERT INTO "USER"."TOURDATA_TOURTAG" (TOURTAG_TAGID, TOURDATA_TOURID) VALUES (2, 9000000000014);
INSERT INTO "USER"."TOURDATA_TOURTAG" (TOURTAG_TAGID, TOURDATA_TOURID) VALUES (2, 9000000000015);
INSERT INTO "USER"."TOURDATA_TOURTAG" (TOURTAG_TAGID, TOURDATA_TOURID) VALUES (2, 9000000000016);
INSERT INTO "USER"."TOURDATA_TOURTAG" (TOURTAG_TAGID, TOURDATA_TOURID) VALUES (2, 9000000000017);
INSERT INTO "USER"."TOURDATA_TOURTAG" (TOURTAG_TAGID, TOURDATA_TOURID) VALUES (2, 9000000000018);
INSERT INTO "USER"."TOURDATA_TOURTAG" (TOURTAG_TAGID, TOURDATA_TOURID) VALUES (2, 9000000000019);
INSERT INTO "USER"."TOURDATA_TOURTAG" (TOURTAG_TAGID, TOURDATA_TOURID) VALUES (2, 9000000000020);
INSERT INTO "USER"."TOURDATA_TOURTAG" (TOURTAG_TAGID, TOURDATA_TOURID) VALUES (2, 9000000000021);
INSERT INTO "USER"."TOURDATA_TOURTAG" (TOURTAG_TAGID, TOURDATA_TOURID) VALUES (2, 9000000000022);
INSERT INTO "USER"."TOURDATA_TOURTAG" (TOURTAG_TAGID, TOURDATA_TOURID) VALUES (2, 9000000000023);
INSERT INTO "USER"."TOURDATA_TOURTAG" (TOURTAG_TAGID, TOURDATA_TOURID) VALUES (2, 9000000000024);
-- ambiguous: linked to BOTH bikeA and bikeB
INSERT INTO "USER"."TOURDATA_TOURTAG" (TOURTAG_TAGID, TOURDATA_TOURID) VALUES (1, 9000000000025);
INSERT INTO "USER"."TOURDATA_TOURTAG" (TOURTAG_TAGID, TOURDATA_TOURID) VALUES (2, 9000000000025);
-- bikeC (foreign)
INSERT INTO "USER"."TOURDATA_TOURTAG" (TOURTAG_TAGID, TOURDATA_TOURID) VALUES (3, 9000000000026);
-- Road tag only
INSERT INTO "USER"."TOURDATA_TOURTAG" (TOURTAG_TAGID, TOURDATA_TOURID) VALUES (4, 9000000000027);
-- 9000000000028: no link (untagged)
-- bikeA + wrong person
INSERT INTO "USER"."TOURDATA_TOURTAG" (TOURTAG_TAGID, TOURDATA_TOURID) VALUES (1, 9000000000029);
-- bikeA + wrong type
INSERT INTO "USER"."TOURDATA_TOURTAG" (TOURTAG_TAGID, TOURDATA_TOURID) VALUES (1, 9000000000030);
